url,unsafe,status_code,parking,spamming,malware,phishing,suspicious,adult,risk_score
https://www.napavalleytoukraine.org,False,301,False,False,False,False,False,False,0
https://www.cannabiswithukraine.org,False,200,False,False,False,False,True,False,90
https://www.givetoukrainetoday.com,False,200,False,False,False,False,True,False,55
https://www.beforukraine.com,False,200,True,False,False,False,True,False,90
https://www.ukrainekc.org,False,200,False,False,False,False,False,False,0
https://www.loveukraine.blog,False,200,False,False,False,False,True,False,55
https://www.ukraine-reborn.ch,False,200,False,False,False,False,True,False,55
https://www.austrianjobs-for-ukraine.at,False,200,False,False,False,False,False,False,0
https://www.aheartforukraine.com,False,200,False,False,False,False,True,False,55
https://www.hulltoukraine.co.uk,False,200,False,False,False,False,True,False,55
https://www.ukrainehubuk.co.uk,False,200,False,False,False,False,False,False,0
https://www.ukrainehubuk.com,False,200,False,False,False,False,False,False,0
https://www.hrforukraine.org,False,200,False,False,False,False,True,False,55
https://www.perspektive-ukraine.de,False,200,False,False,False,False,True,False,82
https://www.hopeforukraine.ca,False,200,False,False,False,False,False,False,0
https://www.help4ukraine.world,False,200,False,False,False,False,False,False,40
https://www.ukraine-children-help.eu,False,301,False,False,False,False,False,False,0
https://www.ukrainecanoeconnect.com,False,200,False,False,False,False,True,False,25
https://www.medcareukraine.org,False,200,False,False,False,False,True,False,72
https://www.medcareukraine.de,False,200,False,False,False,False,True,False,72
https://www.jobguideukraine.dk,False,200,False,False,False,False,True,False,55
https://www.jobs4ukrainians.com,False,200,False,False,False,False,False,False,0
https://www.heartsforukraine.us,False,200,False,False,False,False,False,False,0
https://www.ukrainehncancer.co.uk,False,200,False,True,False,False,True,False,88
https://www.convoispourlukraine.eu,False,200,False,False,False,False,True,False,40
https://www.saveukraineeu.be,False,200,False,False,False,False,False,False,0
https://www.ukraineinarmor.com,False,200,False,False,False,False,False,False,0
https://www.helpingukraine.nl,False,200,False,False,False,False,False,False,0
https://www.brewforukraine.uk,False,200,False,False,False,False,True,False,82
https://www.freeukraine.uk,False,200,False,False,False,False,False,False,0
https://www.tshirts4ukraine.com,False,200,False,False,False,False,True,False,55
https://www.sp4ukraine.org,False,200,False,False,False,False,False,False,0
https://www.safepassageforukraine.org,False,200,False,False,False,False,True,False,25
https://www.ukraineaidinternational.org,False,200,False,False,False,False,False,False,0
https://www.dronesforukraine.fund,False,200,False,False,False,False,False,False,0
https://www.cultureukraine.eu,False,200,False,False,False,False,False,False,0
https://www.sunnydaysforukraine.com,False,200,False,False,False,False,False,False,0
https://www.safepassage4ukraine.org,False,200,False,False,False,False,True,False,25
https://www.evolvehelpukraine.org,False,200,False,False,False,False,True,False,55
https://www.free-ukraine.pp.ua,False,200,False,True,False,False,True,False,91
https://www.childrenofukraine.net,False,200,False,False,False,False,True,False,55
https://www.ukrainefamily.de,False,200,False,False,False,False,False,False,40
https://www.song4ukraine.com,False,200,False,False,False,False,True,False,78
https://www.osintukraine.com,False,200,False,False,False,False,False,False,0
https://www.peoplehelpukraine.com,False,200,False,False,False,False,True,False,55
https://www.psalmsforukraine.com,False,200,False,False,False,False,False,False,0
https://www.supportukraine24.org,False,301,False,False,False,False,False,False,0
https://www.aidukrainetoday.org,False,200,False,False,False,False,False,False,0
https://www.withukraine.eu,False,200,False,False,False,False,True,False,55
https://www.ukrainians.uk,False,403,False,False,False,False,True,False,75
https://www.razomgorukraine.org,False,200,True,False,False,False,True,False,99
https://www.dendanskeukrainekomite.dk,False,200,False,False,False,False,False,False,0
https://www.ukrainianmission.org,False,200,False,False,False,False,False,False,0
https://www.realhelpforukraine.org,False,200,False,False,False,False,False,False,72
https://www.saneukraine.org,False,200,False,False,False,False,True,False,35
https://www.razforukraine.org,False,200,True,False,False,False,True,False,99
https://www.gosaveukraine.org,False,200,False,False,False,False,False,False,0
https://www.surreystandswithukraine.org,False,200,False,False,False,False,False,False,85
https://www.swipeukraine.com,False,200,True,False,False,False,True,False,99
https://www.art4ukraine.org,False,200,False,False,False,False,True,False,35
https://www.candlesforukraine.com,False,200,False,False,False,False,True,False,55
https://www.spokanehelpsukraine.org,False,200,False,False,False,False,False,False,0
https://www.timelineukraine.com,False,200,False,False,False,False,False,False,0
https://www.warukraine.org,False,200,False,False,False,False,False,False,0
https://www.assistanceukraine.com,False,200,False,False,False,False,False,False,0
https://www.paintadove4ukraine.org,False,200,True,False,False,False,True,False,77
https://www.paintadove4ukraine.com,False,200,True,False,False,False,True,False,77
https://www.ukrainewarmap.live,False,200,False,False,False,False,True,False,75
https://www.ukraine-hilfe-kassel.de,False,200,False,False,False,False,False,False,0
https://www.directhelpforukraine.info,False,200,False,False,False,False,True,False,55
https://www.doc4ukraine.org,False,200,False,False,False,False,True,False,35
https://www.cyberukraine.com,False,200,False,False,False,False,True,False,55
https://www.rossforukraine.co.uk,False,200,False,False,False,False,False,False,0
https://www.herculesforukraine.com,False,200,False,False,False,False,True,False,61
https://www.solidariteukraine.ch,False,200,False,False,False,False,False,False,0
https://www.helpukraine.is,False,200,False,False,False,False,False,False,0
https://www.motherstearukraine2022.com,False,200,False,False,False,False,False,False,0
https://www.aktuelles-ukraine.de,False,200,False,False,False,False,False,False,0
https://www.faceofukraine.com,False,200,False,False,False,False,False,False,40
https://www.peace-4-ukraine.org,False,200,False,False,False,False,True,False,55
https://www.medicalaidukraine.co.uk,False,200,False,False,False,False,True,False,75
https://www.creators4ukraine.com,False,200,False,False,False,False,True,False,55
https://www.ukrainianshelp.org,False,200,False,False,False,False,False,False,0
https://www.jobs4ukraine.org,False,200,False,False,False,False,True,False,95
https://www.ukrainehilfe-weyhe.de,False,200,False,False,False,False,False,False,0
https://www.munich4ukraine.de,False,200,True,True,False,False,True,False,85
https://www.parentsforukraine.org,False,200,False,False,False,False,False,False,0
https://www.sikhregiment4ukraine.uk,False,200,False,False,False,False,True,False,75
https://www.amsterdamcooksforukraine.nl,False,200,False,False,False,False,False,False,0
https://www.ukraine-med-hilfe-maryna.de,False,200,False,False,False,False,False,False,35
https://www.hilfeukraine.org,False,200,False,False,False,False,False,False,0
https://www.weareallukrainians.world,False,200,False,False,False,False,True,False,61
https://www.ukrainehilfe-hannover.de,False,301,False,False,False,False,True,False,82
https://www.kyf4ukraine.de,False,200,False,False,False,False,False,False,0
https://www.relayfor-ukraine.com,False,200,False,False,False,False,False,False,85
https://www.ds-buendnis-ukraine.de,False,200,False,False,False,False,False,False,0
https://www.ukraine-info.fr,False,301,False,False,False,False,True,False,55
https://www.toledohelpsukraine.org,False,200,False,False,False,False,True,False,55
https://www.ukrainian.us,False,200,False,False,False,False,True,False,61
https://www.ukraine-air-rescue.de,False,200,False,False,False,False,True,False,82
https://www.solidukraine.fr,False,200,False,False,False,False,True,False,61
https://www.muenchen-hilft-ukraine.de,False,307,False,False,False,False,False,False,0
https://www.e-ukraine.pl,False,200,False,False,False,False,True,False,75
https://www.fastlaneukraine.eu,False,200,False,False,False,False,False,False,0
https://www.ukrainehilfe-mkk.de,False,200,False,False,False,False,True,False,55
https://www.guesthousing4ukraine.nl,False,200,False,False,False,False,False,False,0
https://www.ukrainetowing.com,False,200,False,False,False,False,True,False,77
https://www.impact-ukraine.org,False,200,False,False,False,False,False,False,40
https://www.rebuildukraine.eu,False,200,True,False,False,False,True,False,99
https://www.dynamicsukraine.org,False,200,False,False,False,False,True,False,55
https://www.ukrainianhelp.org,False,200,True,False,False,False,True,False,90
https://www.hope4ukraine.care,False,200,False,False,False,False,False,False,0
https://www.healukrainegroup.org,False,200,False,False,False,False,False,False,0
https://www.traumahealingforukraine.org,False,301,False,False,False,False,False,False,0
https://www.ukrainelibertyfund.org,False,200,False,False,False,False,False,False,0
https://www.ukrainetoken.info,False,200,False,False,False,False,True,False,55
https://www.gloryofukraine.org,False,200,False,False,False,False,True,False,55
https://www.bravelikeukraine.com,False,200,False,False,False,False,True,False,75
https://www.churtforukraine.org,False,200,False,False,False,False,True,False,55
https://www.tousunispourlukraine.fr,False,200,False,False,False,False,False,False,0
https://www.ukraine-beratung-hdh.de,False,200,False,False,False,False,True,False,82
https://www.ukraine-maribor.si,False,200,False,False,False,False,False,False,40
https://www.help-for-ukraine-sachsen.de,False,200,False,False,False,False,False,False,0
https://www.life4ukraine.org,False,200,False,False,False,False,False,False,0
https://www.spotlightukraine.com,False,200,False,False,False,False,True,False,35
https://www.meds-for-ukraine.de,False,200,False,False,False,False,False,False,0
https://www.ukraineresponse.com,False,200,False,False,False,False,True,False,55
https://www.hackers4ukraine.com,False,200,False,False,False,False,False,False,0
https://www.biz4ukraine.org,False,200,False,False,False,False,False,False,0
https://www.art4ukraine.de,False,200,False,False,False,False,False,False,0
https://www.solidaritywithukraine.eu,False,200,False,False,False,False,False,False,0
https://www.ukrainetodenmark.com,False,200,False,False,False,False,True,False,55
https://www.deine-ukraine-hilfe.de,False,200,False,False,False,False,True,False,82
https://www.ukraine-helfen.at,False,200,False,False,False,False,False,False,0
https://www.neurolanguagecoachingukraine.com,False,200,True,False,False,False,True,False,77
https://www.wesingforukraine.com,False,200,False,False,False,False,True,False,55
https://www.ukrainianfightersfree.us,False,200,True,False,False,False,True,False,90
https://www.uktoukraine.com,False,200,False,False,False,False,False,False,0
https://www.heidenheim-fuer-ukraine.de,False,200,False,False,False,False,False,False,0
https://www.ukrainehelp.com.pl,False,200,False,False,False,False,True,False,61
https://www.aid-for-ukraine.org,False,200,False,False,False,False,True,False,55
https://www.healthcare4ukraine.com,False,200,False,False,False,False,False,False,40
https://www.ukrainers.org,False,200,True,False,False,False,True,False,90
https://www.transition-ukraine.org,False,200,False,False,False,False,True,False,55
https://www.healthcare4ukraine.nl,False,200,False,False,False,False,False,False,40
https://www.zuerichhilftderukraine.ch,False,200,False,False,False,False,False,False,0
https://www.hanepeaceukraine.fi,False,200,False,False,False,False,False,False,0
https://www.rauwalejandroforukraine.com,False,200,False,False,False,False,True,False,55
https://www.pins4ukraine.com,False,200,False,False,False,False,True,False,95
https://www.healthcare4ukraine.org,False,200,False,False,False,False,False,False,40
https://www.gemeinsam-ukraine.de,False,200,False,False,False,False,True,False,82
https://www.lifelineukraine.ca,False,200,False,False,False,False,True,False,61
https://www.flyakiteforukraine.com,False,200,False,False,False,False,False,False,0
https://www.pacsforukraine.com,False,0,False,False,False,False,True,False,55
https://www.victory2ukraine.net,False,200,True,False,False,False,True,False,90
https://www.victoryforukraine.website,False,200,True,False,False,False,True,False,90
https://www.victory2ukraine.org,False,200,True,False,False,False,True,False,90
https://www.steyningukrainianrefuge.org,False,200,False,False,False,False,False,False,77
https://www.embraceukraine.nl,False,200,False,False,False,False,False,False,0
https://www.victoryforukraine.world,False,200,True,False,False,False,True,False,90
https://www.glory2ukraine.world,False,200,True,False,False,False,True,False,90
https://www.ukraineaidfund.org,False,200,False,False,False,False,False,False,0
https://www.glory4ukraine.world,False,200,True,False,False,False,True,False,90
https://www.franceukraine.media,False,200,False,False,False,False,True,False,79
https://www.victory2ukraine.info,False,200,True,False,False,False,True,False,90
https://www.lewes4ukraine.org.uk,False,200,False,False,False,False,False,False,40
https://www.ukraineoutreach.com,False,200,True,False,False,False,True,False,90
https://www.war-ukraine.org,False,200,False,False,False,False,False,False,0
https://www.ukraine-story.com,False,200,False,False,False,False,False,False,0
https://www.victoryforukraine.co,False,200,True,False,False,False,True,False,90
https://www.ukrainiansadelaide.com.au,False,301,False,False,False,False,False,False,0
https://www.hugsukraine.com,False,200,False,False,False,False,False,False,0
https://www.ukrainewitness.com,False,200,False,False,False,False,True,False,55
https://www.helpukrainemorden.com,False,200,False,False,False,False,False,False,0
https://www.helpukrainecenter.org,False,200,False,False,False,False,True,False,55
https://www.ukraine-hilfe-rukos.de,False,200,False,False,False,False,True,False,55
https://www.free-ukraine.dk,False,301,False,False,False,False,False,False,0
https://www.victorytoukraine.com,False,200,True,False,False,False,True,False,90
https://www.medukraine39.fr,False,200,False,False,False,False,False,False,0
https://www.glory2ukraine.co,False,200,True,False,False,False,True,False,90
https://www.netzwerk-ukrainehilfe.de,False,200,False,False,False,False,True,False,82
https://www.victorytoukraine.biz,False,200,True,False,False,False,True,False,90
https://www.reverberateukraine.io,False,200,False,False,False,False,False,False,0
https://www.glory4ukraine.us,False,200,True,False,False,False,True,False,90
https://www.ukrainianwardiary.com,False,200,True,False,False,False,True,False,77
https://www.ukrainepride.org,False,200,False,False,False,False,False,False,0
https://www.ukrainevoicenotes.com,False,200,False,False,False,False,True,False,55
https://www.ehe-ukraine.org,False,200,False,False,False,False,False,False,0
https://www.withinukraine.com,False,200,False,False,False,False,False,False,0
https://www.ukrainevision.com,False,200,False,False,False,False,True,False,55
https://www.hope-in-ukraine.com,False,200,False,False,False,False,True,False,55
https://www.ukrainecryptocurrencydonations.com,False,200,False,False,False,False,True,False,55
https://www.cinemasforukraine.com,False,200,False,False,False,False,True,True,75
https://www.fwukraine.org,False,200,False,False,False,False,True,False,55
https://www.glory2ukraine.us,False,200,True,False,False,False,True,False,90
https://www.americacaresforukrainianchildren.org,False,301,False,False,False,False,True,False,82
https://www.nursesunitedforukraine.com,False,200,False,False,False,False,False,False,85
https://www.victoryforukraine.us,False,200,True,False,False,False,True,False,90
https://www.victory4ukraine.us,False,200,True,False,False,False,True,False,90
https://www.glory4ukraine.co,False,200,True,False,False,False,True,False,90
https://www.nrpukraine.com,False,200,False,False,False,False,True,False,55
https://www.wswukraine.com,False,301,False,False,False,False,False,False,0
https://www.amlukraine.com,False,403,False,False,False,False,False,False,0
https://www.hpc4ukraine.co.uk,False,401,False,True,False,False,True,False,85
https://www.nextgenukraine.com,False,200,False,False,False,False,False,False,0
https://www.nextgenukraine.org,False,200,False,False,False,False,False,False,0
https://www.myukraine.ca,False,200,False,False,False,False,False,False,0
https://www.nyc4ukraine.com,False,200,False,False,False,False,True,False,55
https://www.fundforhorsesofukraine.com,False,200,False,False,False,False,True,False,55
https://www.ukrainerapidrelief.org,False,200,False,False,False,False,True,False,75
https://www.rescueukraine.be,False,200,False,False,False,False,False,False,35
https://www.welcomeukraineinbelgium.be,False,200,False,False,False,False,True,False,55
https://www.coalitionforukraine.com,False,200,False,False,False,False,True,True,75
https://www.ukrainianinpoland.com,False,200,False,False,False,False,True,False,88
https://www.buchegg-fuer-ukraine.ch,False,200,False,False,False,False,True,False,75
https://www.ukraineworkinbelgium.be,False,200,False,False,False,False,True,False,55
https://www.ukrainehilfe-salzkammergut.at,False,200,False,False,False,False,False,False,0
https://www.ukrainianspirit.io,False,200,False,False,False,False,False,False,0
https://www.bless-ukraine.com,False,200,False,False,False,False,False,False,0
https://www.ukraine-leipzig.de,False,200,False,False,False,False,True,False,55
https://www.rapidresponseukraine.com,False,200,False,False,False,False,True,False,55
https://www.drones2ukraine.se,False,200,False,False,False,False,False,False,0
https://www.ukraineart.be,False,200,False,False,False,False,False,False,0
https://www.ukraineresponse.org,False,200,False,False,False,False,False,False,0
https://www.rebuildukraine.co.uk,False,200,False,False,False,False,True,False,55
https://www.ukrainehilfe-hoftaunusblick.de,False,200,False,False,False,False,False,False,35
https://www.ukrainechildcancerhelp.ro,False,200,False,False,False,False,True,False,55
https://www.ukrainerapidrelief.com,False,200,False,False,False,False,True,False,75
https://www.storiesfromukraine.com,False,200,False,False,False,False,True,False,55
https://www.donateukrainianpeople.com,False,403,False,False,False,False,True,False,75
https://www.runtoukraine.co.uk,False,200,False,False,False,False,False,False,77
https://www.hope-ukraine.de,False,200,True,False,False,False,True,False,90
https://www.rotor-ukraine.com,False,200,False,False,False,False,True,False,40
https://www.safeinukraine.com,False,200,False,False,False,False,True,False,75
https://www.peremoga-ukraine.org,False,200,False,False,False,False,False,False,0
https://www.ship-to-ukraine.com,False,200,False,False,False,False,True,False,55
https://www.ukrainianfederationofchicago.org,False,200,False,False,False,False,False,False,0
https://www.ukrainepatches.com,False,200,False,False,False,False,True,True,75
https://www.helpsaveukraineaid.com,False,200,False,False,False,False,True,False,55
https://www.slavaukraine.net,False,403,False,False,False,False,True,False,75
https://www.ukraine-sex.online,False,200,True,False,False,False,True,False,95
https://www.ukrainian.fyi,False,200,False,False,False,False,True,False,55
https://www.ukraine-intim-dosug.online,False,200,False,False,False,False,True,False,95
https://www.helpukrainevlc.com,False,301,False,False,False,False,False,False,0
https://www.ukrainedronewarriors.com,False,200,False,False,False,False,False,False,0
https://www.ukrainenaturals.co.uk,False,200,False,False,False,False,False,False,0
https://www.mutualaidukraine.org,False,200,False,False,False,False,True,False,75
https://www.summerschool-ukraine.nl,False,200,False,False,False,False,True,False,61
https://www.loveukraine.eu,False,200,False,False,False,False,True,False,55
https://www.angels4ukraine.eu,False,200,False,False,False,False,False,False,0
https://www.help-ukraine-geneva.org,False,200,False,False,False,False,False,False,0
https://www.ukrainiansafehaven.org,False,200,False,False,False,False,True,False,25
https://www.americaforukraine.org,False,200,False,False,False,False,False,False,0
https://www.help-out-ukraine.org,False,200,False,False,False,False,True,False,55
https://www.foodforukraine.com,False,200,False,False,False,False,True,False,82
https://www.ukrainehelpline.org,False,200,False,False,False,False,False,False,85
https://www.facesofukraine.info,False,200,False,False,False,False,False,False,0
https://www.staystrong-ukraine.com,False,200,False,False,False,False,True,False,75
https://www.glorytoukraine.info,False,200,False,False,False,False,True,False,55
https://www.saltukraine.org,False,200,False,False,False,False,False,False,0
https://www.ukrainedonation.link,False,200,True,False,False,False,True,False,99
https://www.ukraine-foundation.org,False,200,False,False,False,False,False,False,0
https://www.ukrainehilfe-ab.de,False,200,False,False,False,False,False,False,0
https://www.ukrainianlegion.com,False,200,False,False,False,False,False,False,0
https://www.eyesonukraine.org,False,301,False,False,False,False,False,False,0
https://www.urgenceukraine.com,False,200,False,False,False,False,False,False,0
https://www.aboutukraine.org,False,200,False,False,False,False,True,False,75
https://www.art-ukraine.com,False,200,False,False,False,False,False,False,0
https://www.standupukraine.org,False,200,True,False,False,False,True,False,95
https://www.ukrainefriends.org,False,200,False,False,False,False,True,False,72
https://www.vetsforukraine.com,False,200,False,False,False,False,True,False,55
https://www.allbehindukraine.fr,False,200,False,False,False,False,True,False,55
https://www.solidarite-ukraine.fr,False,200,False,False,False,False,True,False,61
https://www.golfersforukraine.com,False,200,False,False,False,False,False,False,0
https://www.atlantaforukraine.com,False,200,False,False,False,False,True,False,55
https://www.supportforukraine.org,False,200,False,False,False,False,False,False,0
https://www.sponsorukraine.com,False,200,True,False,False,False,True,False,99
https://www.ukrainesponsor.com,False,200,True,False,False,False,True,False,99
https://www.ukrainetruth.com,False,200,False,False,False,False,True,False,75
https://www.onemillionukrainemeals.org,False,200,False,False,False,False,False,False,0
https://www.saveukraine.be,False,200,False,False,False,False,False,False,0
https://www.voicesforukraine.com,False,200,False,False,False,False,True,False,55
https://www.peace4ukraine.org,False,200,False,False,False,False,True,False,55
https://www.comite-ukraine.ch,False,200,False,False,False,False,False,False,0
https://www.you-help-ukraine.com,False,200,False,False,False,False,False,False,0
https://www.helpukrainesurvivors.com,False,200,True,False,False,False,True,False,90
https://www.aidukraine.co,False,200,True,False,False,False,True,False,99
https://www.ukrainehq.org,False,200,False,False,False,False,True,False,55
https://www.doukraine.com,False,200,True,False,False,False,True,False,90
https://www.supportukrainepeople.com,False,200,True,False,False,False,True,False,90
https://www.ukrainelives.org,False,200,False,False,False,False,True,False,82
https://www.helpukrainianpets.com,False,200,False,False,False,False,True,False,61
https://www.ukrainians-in-finland.org,False,200,False,False,False,False,False,False,40
https://www.filmsforukraine.com,False,200,False,False,False,False,True,False,55
https://www.ukrainestrong.tech,False,200,False,False,False,False,False,False,0
https://www.planeforukraine.com,False,301,False,False,False,False,False,False,0
https://www.suppliesforukraine.com,False,200,False,False,False,False,False,False,0
https://www.playforukraine.org,False,200,True,False,False,False,True,False,95
https://www.onemillionukrainemeals.com,False,200,False,False,False,False,False,False,0
https://www.gamers4ukraine.com,False,301,False,False,False,False,False,False,0
https://www.rescueukrainian.com,False,200,False,False,False,False,False,False,0
https://www.ukrainehilfe-nbg.eu,False,200,False,False,False,False,True,False,82
https://www.srqsupportsukraine.com,False,200,False,False,False,False,True,False,55
https://www.nothilfe-ukraine.com,False,200,False,False,False,False,False,False,0
https://www.supportukraine.uk,False,200,False,False,False,False,False,False,0
https://www.rescueukrainian.org,False,200,False,False,False,False,False,False,0
https://www.artists4ukraine.com,False,200,False,False,False,False,False,False,0
https://www.helpforukraine.co,False,200,True,False,False,False,True,False,99
https://www.warreliefukraine.com,False,200,False,False,False,False,False,False,0
https://www.maremy4ukraine.ch,False,200,False,False,False,False,False,False,0
https://www.ukraineneedsyou.org,False,200,False,False,False,False,True,False,55
https://www.mbhelpsukraine.ca,False,200,False,False,False,False,True,False,61
https://www.vandalzforukraine.com,False,200,False,False,False,False,True,False,55
https://www.supportukraine.me,False,200,True,False,False,False,True,False,99
https://www.sikhfighters4ukraine.uk,False,200,False,False,False,False,True,False,75
https://www.ukrainewelcome.nl,False,200,False,False,False,False,False,False,0
https://www.4ukraine.co,False,200,True,False,False,False,True,False,99
https://www.ukraineresources.com,False,200,False,True,False,False,True,False,88
https://www.globalmedicukraineresponse.com,False,200,False,False,False,False,True,False,55
https://www.ukrainefamilyconnection.com,False,200,False,False,False,False,True,False,80
https://www.heroesukraine.com,False,200,False,False,False,False,True,False,55
https://www.ukrainemission.co.uk,False,200,False,False,False,False,True,False,55
https://www.cratesforukraine.com,False,200,False,False,False,False,True,False,55
https://www.startupukraine.online,False,200,False,False,False,False,True,False,55
https://www.ukrainiandoctor.ca,False,200,True,False,False,False,True,False,77
https://www.ukraine-world.com,False,200,False,False,False,False,True,False,35
https://www.ukrainianaction.ie,False,200,False,False,False,False,True,False,55
https://www.ukrainevolunteer.org,False,200,False,False,False,False,True,False,75
https://www.invest-in-ukraine.tech,False,200,False,False,False,False,False,False,0
https://www.intim-doska-ukraine.mobi,False,200,False,False,False,False,True,False,55
https://www.emergeukraine.com,False,200,False,False,False,False,True,False,55
https://www.booksukraine.com,False,200,False,False,False,False,True,False,61
https://www.renaissanceukraine.com,False,200,False,False,False,False,False,False,0
https://www.ukrainianlandscaping.ca,False,200,False,False,False,False,False,False,40
https://www.ride-for-ukraine.org,False,200,False,False,False,False,False,False,0
https://www.ukrainecrowns.com,False,301,False,False,False,False,False,False,0
https://www.peace-for-ukraine.ch,False,200,False,False,False,False,True,False,55
https://www.magicforukraine.org,False,200,False,False,False,False,False,False,0
https://www.hireukrainians.org,False,200,True,False,False,False,True,False,90
https://www.from-ukraine.org,False,200,False,False,False,False,True,False,55
https://www.wirhelfenukraine.at,False,200,False,False,False,False,False,False,72
https://www.hireukrainian.org,False,200,True,False,False,False,True,False,90
https://www.freeukraine.foundation,False,200,False,False,False,False,True,False,55
https://www.ukraineatwar.today,False,200,False,False,False,False,True,False,55
https://www.philanthropyforukraine.eu,False,200,False,False,False,False,False,False,0
https://www.oneofusukraine.com,False,200,False,False,False,False,True,False,55
https://www.peace2ukraine.com,False,200,False,False,False,False,True,False,55
https://www.aid-ukraine.de,False,200,False,False,False,False,False,False,0
https://www.ukrainewomenrefugeefund.org,False,200,False,False,False,False,True,False,55
https://www.zugang-b-ukraine.org,False,200,False,False,False,False,True,False,55
https://www.ukrainianembassy.no,False,200,False,False,False,False,True,False,55
https://www.aktionsbuendnis-ukraine.de,False,301,False,False,False,False,True,False,82
https://www.engagementboerse-ukraine.de,False,200,False,False,False,False,False,False,0
https://www.standwithukrainethroughfilm.com,False,200,False,False,False,False,True,True,75
https://www.oneofusukraine.org,False,200,False,False,False,False,True,False,55
https://www.ankommenausderukraine.de,False,200,False,False,False,False,False,False,0
https://www.bridgeofloveukraine.com,False,200,False,False,False,False,True,False,55
https://www.ukrainians.org.au,False,200,False,False,False,False,False,False,0
https://www.ukrainedrop.be,False,200,True,False,False,False,True,False,77
https://www.bedsforukraine.com,False,200,False,False,False,False,False,False,85
https://www.uslovesukraine.com,False,301,False,False,False,False,False,False,0
https://www.ukrainereliefeffort.org,False,301,False,False,False,False,False,False,0
https://www.badenhilftukraine.de,False,200,False,False,False,False,False,False,0
https://www.bakewithukraine.com,False,200,False,False,False,False,True,False,82
https://www.supportaukrainian.com,False,200,False,False,False,False,True,False,55
https://www.krefeld-hilft-ukrainern.de,False,200,False,False,False,False,False,False,0
https://www.thenftsforukraine.com,False,200,False,False,False,False,True,False,75
https://www.action4ukraine.org,False,200,False,False,False,False,True,False,55
https://www.ukrainejobs.at,False,200,False,False,False,False,False,False,0
https://www.arbeitskreis-ukrainehilfe.de,False,200,False,False,False,False,False,False,0
https://www.artsforukraine.org,False,200,False,False,False,False,False,False,0
https://www.ukrainehilfe-unna.de,False,200,False,False,False,False,False,False,0
https://www.carpathiansukraine.com,False,200,False,False,False,False,False,False,40
https://www.ukrainehilfepanketal.de,False,200,False,False,False,False,True,False,75
https://www.foodforukraine.eu,False,200,False,False,False,False,False,False,0
https://www.standwithukrainethroughfilm.org,False,200,False,False,False,False,True,False,55
https://www.impact-ukraine.com,False,200,False,False,False,False,False,False,40
https://www.togetherforukraine.us,False,200,False,False,False,False,False,False,0
https://www.lifeline-ukraine.org,False,200,False,False,False,False,False,False,0
https://www.ukraine24.org,False,200,False,False,False,False,False,False,0
https://www.helpukrainianchildrenorg.com,False,200,False,False,False,False,True,False,55
https://www.volunteersforukraine.us,False,200,False,False,False,False,False,False,0
https://www.twhelpsukraine.info,False,200,False,False,False,False,True,False,55
https://www.ukraine-koeniz.ch,False,200,False,False,False,False,False,False,0
https://www.ibaukraine.org,False,200,False,False,False,False,True,False,55
https://www.ukraine-solidarity.org,False,200,False,False,False,False,True,False,55
https://www.ukraines.work,False,200,False,False,False,False,False,False,40
https://www.fastflowerstoukraine.com,False,301,False,False,False,False,False,False,0
https://www.bandageukraine.co.uk,False,200,False,False,False,False,True,False,55
https://www.onderwijsvoorukraine.nl,False,200,False,False,False,False,True,False,75
https://www.ukrainehilfe-diekholzen.de,False,200,False,False,False,False,False,False,0
https://www.upliftukraine.org,False,200,False,False,False,False,False,False,0
https://www.ukraine-aid.care,False,200,False,False,False,False,False,False,0
https://www.followukraine.com,False,200,False,False,False,False,False,False,0
https://www.swisshelpforukrainianpets.ch,False,200,False,False,False,False,True,False,55
https://www.cancel-ukrainian-debt.org,False,200,True,False,False,False,True,False,90
https://www.poryadukraine.com,False,200,False,False,False,False,True,False,55
https://www.saveukrainefund.com,False,200,False,False,False,False,True,False,75
https://www.ukraineswindon.com,False,200,False,False,False,False,False,False,0
https://www.ukrainianfood.nl,False,200,False,False,False,False,True,False,75
https://www.ukrainegiving.info,False,301,False,False,False,False,False,False,40
https://www.purrforukraine.com,False,200,False,False,False,False,False,False,0
https://www.medsforukraine.org,False,200,False,False,False,False,False,False,0
https://www.ukraine-haus.com,False,200,False,False,False,False,False,False,0
https://www.protectpeopleinukraine.org,False,200,True,False,False,False,True,False,90
https://www.stichtinghelpukraine.com,False,200,False,False,False,False,True,False,75
https://www.chf-helpukraine.com,False,200,False,False,False,False,False,False,0
https://www.wakaukraine.com,False,200,False,False,False,False,True,False,55
https://www.bodyarmorforukraine.org,False,200,False,False,False,False,True,False,75
https://www.thehouseofukraine.com,False,200,True,False,False,False,True,False,99
https://www.job4ukraine.de,False,200,False,False,False,False,True,False,75
https://www.ukrainemarket.pl,False,200,False,False,False,False,True,False,75
https://www.amplifyukraine.eu,False,200,False,False,False,False,False,False,0
https://www.defendukrainenow.com,False,200,False,False,False,False,False,False,0
https://www.health4ukraine.com,False,200,False,False,False,False,False,False,0
https://www.ukrainianfreedomnews.com,False,200,False,False,False,False,True,False,55
https://www.kaernten4ukraine.at,False,200,False,False,False,False,True,False,75
https://www.je-suis-ukraine.fr,False,200,False,False,False,False,True,False,55
https://www.hopetoukraine.com,False,200,False,False,False,False,False,False,0
https://www.russiansforukraineproject.com,False,200,False,False,False,False,True,False,55
https://www.ukrainiantalents.pl,False,200,False,False,False,False,True,False,75
https://www.humanandlawukraine.org,False,200,False,False,False,False,False,False,0
https://www.ukrainian-volunteers.com,False,200,False,False,False,False,False,False,0
https://www.neverforgetukraine.com,False,200,True,False,False,False,True,False,77
https://www.metaversityukraine.com,False,200,False,False,False,False,False,False,0
https://www.ukrainemetaversity.com,False,200,False,False,False,False,False,False,0
https://www.metaforukraine.com,False,200,False,False,False,False,False,False,0
https://www.bravaukraine.pp.ua,False,200,False,True,False,False,True,False,91
https://www.ukraine-in-eu.com,False,200,False,False,False,False,True,False,55
https://www.print4ukraine.eu,False,200,False,False,False,False,False,False,0
https://www.partnerukraine.com,False,200,False,False,False,False,False,False,0
https://www.helpukraine.brussels,False,200,False,False,False,False,True,False,61
https://www.photosukraine.com,False,302,False,False,False,False,False,False,0
https://www.ukrainefreedomalliance.org,False,200,False,False,False,False,False,False,0
https://www.ngoforukraine.eu,False,200,False,False,False,False,False,False,0
https://www.protectukrainenow.com,False,200,False,False,False,False,True,False,55
https://www.ukrainetakeshelter.org,False,200,True,False,False,False,True,False,90
https://www.mums4ukraine.org,False,200,False,False,False,False,True,False,75
https://www.ribbonsforukraine.org,False,301,False,False,False,False,False,False,0
https://www.teamukrainian.org,False,200,False,False,False,False,True,False,55
https://www.protectukrainenow.org,False,200,False,False,False,False,False,False,0
https://www.saneukraineonline.org,False,200,False,False,False,False,True,False,35
https://www.heidelberg-hilft-ukraine.de,False,200,False,False,False,False,True,False,82
https://www.risingukraine.com,False,200,True,False,False,False,True,False,99
https://www.investorukraine.com,False,200,False,False,False,False,False,False,0
https://www.geste-pour-ukraine.org,False,200,False,False,False,False,False,False,0
https://www.bridgeofhopeukraine.com,False,200,False,False,False,False,False,False,0
https://www.solidarite-ambulanciere-france-ukraine.org,False,200,False,False,False,False,False,False,0
https://www.godgaverockandrolltoukraine.com,False,200,False,False,False,False,True,False,55
https://www.flowersforukraine.xyz,False,200,False,False,False,False,True,False,55
https://www.beaworldforukraine.com,False,200,False,False,False,False,True,False,55
https://www.restartukraine.io,False,200,False,False,False,False,False,False,72
https://www.dukraine.com,False,200,False,False,False,False,False,False,0
https://www.run2ukraine.org,False,200,False,False,False,False,True,False,55
https://www.globalpujaforukraine.com,False,200,False,False,False,False,True,False,75
https://www.letshelpukraine.ca,False,200,False,False,False,False,False,False,0
https://www.ukrainetop.com,False,200,False,False,False,False,False,False,0
https://www.reliefukraine.net,False,200,False,False,False,False,True,False,55
https://www.lukraine.com,False,200,False,False,False,False,False,False,0
https://www.ukraine-angers.org,False,200,False,False,False,False,False,False,0
https://www.ukrainianlulu.com,False,200,False,False,False,False,False,False,0
https://www.mums4ukraine.com,False,200,False,False,False,False,True,False,75
https://www.idstein-hilft-ukraine.de,False,200,False,False,False,False,False,False,40
https://www.info-ostbelgien-ukraine.be,False,200,False,False,False,False,False,False,0
https://www.worldhelpukraine.org,False,200,False,False,False,False,True,False,55
https://www.saveukraine-now.com,False,200,False,False,False,False,False,False,0
https://www.berkotringukraine.com,False,200,False,False,False,False,True,False,82
https://www.fightingchanceukraine.org,False,200,False,False,False,False,False,False,0
https://www.clearskyukraine.org,False,200,False,False,False,False,True,False,55
https://www.ukraineaidnow.com,False,200,False,False,False,False,False,False,0
https://www.targets4ukraine.com,False,200,False,False,False,False,False,False,0
https://www.handtohandaidukraine.org,False,200,False,False,False,False,False,False,40
https://www.ukrainian-it.family,False,200,False,False,False,False,False,False,40
https://www.palletsforukraine.com,False,200,False,False,False,False,False,False,0
https://www.about-ukraine.org,False,200,True,False,False,False,True,False,77
https://www.theukraine.site,False,200,True,False,False,False,True,False,90
https://www.standwithukrainevt.com,False,200,False,False,False,False,False,False,0
https://www.donate2ukraine.us,False,200,False,False,False,False,True,False,55
https://www.sunflowerseedsukraine.org,False,200,False,False,False,False,True,False,55
https://www.aidukraine.ch,False,200,False,False,False,False,False,False,0
https://www.teach4ukraine.com,False,200,False,False,False,False,False,False,0
https://www.ukraineisyou.com,False,200,False,False,False,False,False,False,0
https://www.ukraine-hilfe-bildung.de,False,301,False,False,False,False,False,False,0
https://www.care4ukraine.eu,False,200,False,False,False,False,False,False,40
https://www.insightonukraine.com,False,200,False,False,False,False,True,False,55
https://www.ukrainewarmap.info,False,200,False,False,False,False,True,False,55
https://www.ukraineaidfund.com,False,200,False,False,False,False,False,False,35
https://www.ukrainian-it-family.com,False,200,False,False,False,False,False,False,40
https://www.ukrainianfundraiser.com,False,200,False,False,False,False,False,False,0
https://www.ukraine.ps,False,200,False,False,False,False,True,False,55
https://www.ukraineaidhub.com,False,200,False,False,False,False,True,False,55
https://www.ukrainerobotics.com,False,200,False,False,False,False,False,False,0
https://www.stayfreeukraine.org,False,200,False,False,False,False,True,False,75
https://www.carolinasforukraine.org,False,200,False,False,False,False,True,False,55
https://www.ukrainianbastion.org,False,200,False,False,False,False,False,False,0
https://www.notesfromukraine.org,False,200,False,False,False,False,False,False,0
https://www.directactionforukraine.com,False,200,False,False,False,False,True,False,55
https://www.carolinas4ukraine.com,False,200,True,False,False,False,True,False,90
https://www.kidshelpingukraine.org,False,200,False,False,False,False,True,False,55
https://www.andresvalencia-invasionofukraine.com,False,200,False,False,False,False,False,False,0
https://www.ukraine-projekt.ch,False,200,False,False,False,False,True,False,55
https://www.calgaryukrainianfestival.com,False,200,False,False,False,False,False,False,40
https://www.ukrainiansintimisoara.ro,False,200,False,False,False,False,True,False,75
https://www.ukraine-stories.com,False,200,False,False,False,False,True,False,55
https://www.therussianinvasionofukraine.com,False,200,False,False,False,False,True,False,55
https://www.community-aid-ukraine.co.uk,False,200,False,False,False,False,False,False,0
https://www.roastedinukraine.com,False,200,False,False,False,False,False,False,0
https://www.ukrainianwebdesign.com,False,200,False,False,False,False,False,False,0
https://www.vests4ukraine.com,False,200,False,False,False,False,False,False,40
https://www.vthukraine.com,False,301,False,False,False,False,False,False,0
https://www.wprostukraine.eu,False,200,False,False,False,False,True,False,55
https://www.protectukrainiandefenders.org,False,200,False,False,False,False,True,False,55
https://www.unapologeticallyukrainian.com,False,200,True,False,False,False,True,False,90
https://www.ck4ukraine.com,False,200,False,False,False,False,True,False,55
https://www.glory4ukraine.net,False,200,True,False,False,False,True,False,90
https://www.voicesofukraine.net,False,200,False,False,False,False,False,False,0
https://www.swedesforukraine.org,False,200,False,False,False,False,False,False,0
https://www.mediaforukraine.org,False,200,False,False,False,False,True,False,55
https://www.ukrainereliefgroup.uk,False,200,False,False,False,False,False,False,35
https://www.ukrainematch.dk,False,200,False,False,False,False,False,False,0
https://www.actinukrainenow.com,False,200,False,False,False,False,True,False,75
https://www.oceanofhopeukraine.org,False,301,False,False,False,False,False,False,0
https://www.peaceforukraine.net,False,200,False,False,False,False,True,False,75
https://www.kleinukraine.de,False,200,False,False,False,False,False,False,0
https://www.ukrainebrides.org,False,200,True,False,False,False,True,False,99
https://www.reukraine.org,False,200,False,False,False,False,False,False,0
https://www.glory2ukraine.net,False,200,True,False,False,False,True,False,90
https://www.ukrainehilfe-goeggingen.de,False,200,False,False,False,False,False,False,35
https://www.pathfindersforukraine.com,False,301,False,False,False,False,False,False,85
https://www.thailandwithukraine.org,False,200,False,False,False,False,True,False,55
https://www.ukrainianjc.com,False,200,False,False,False,False,False,False,0
https://www.kommunen-ukrainekrise.de,False,200,False,False,False,False,False,False,0
https://www.actinukrainenow.org,False,200,False,False,False,False,True,False,61
https://www.beadsforukraine.com,False,200,False,False,False,False,True,False,55
https://www.pointofukraine.at,False,200,False,False,False,False,False,False,0
https://www.ukrainehilfevb.net,False,200,False,False,False,False,True,False,55
https://www.trustwaveforukraine.com,False,200,False,False,False,False,True,False,55
https://www.fightforukraine.today,False,200,False,False,False,False,False,False,0
https://www.londondonationsforukraine.org,False,200,False,False,False,False,True,False,82
https://www.iamfromukraine.com,False,200,False,False,False,False,False,False,0
https://www.rocukrainemedrelief.net,False,200,False,False,False,False,True,False,55
https://www.workingukraine.com,False,200,False,False,False,False,False,False,0
https://www.everythingwillbeukraine.org,False,301,False,False,False,False,False,False,0
https://www.jobs4ukraine.dk,False,200,False,False,False,False,False,False,0
https://www.closetheskyoverukraine.com,False,200,False,False,False,False,False,False,40
https://www.gate-to-ukraine.eu,False,200,False,False,False,False,False,False,40
https://www.wsw-ukraine.org,False,301,False,False,False,False,False,False,85
https://www.ukraine-in-halle.de,False,200,False,False,False,False,False,False,0
https://www.saveukraine.cz,False,200,False,False,False,False,False,False,35
https://www.ukraine-refugee-support.com,False,200,False,False,False,False,False,False,0
https://www.relief4ukraine.com,False,301,False,False,False,False,False,False,46
https://www.ukraine-hilfe-hessen.de,False,200,False,False,False,False,True,False,75
https://www.ukraine-hilfe-muenchen.de,False,200,False,False,False,False,False,False,0
https://www.ukrainestrong.foundation,False,200,False,False,False,False,False,False,0
https://www.cm-ukraine.space,False,200,False,False,False,False,False,False,40
https://www.ukraine-fund.com,False,200,False,False,False,False,True,False,55
https://www.supportukrainewithus.com,False,200,False,False,False,False,False,False,0
https://www.aidonslukrainedijon.org,False,200,False,False,False,False,True,False,61
https://www.everythingwillbeukraine.com,False,301,False,False,False,False,False,False,0
https://www.1001minutesforukraine.com,False,200,False,False,False,False,False,False,0
https://www.job4ukraine.dk,False,200,False,False,False,False,False,False,0
https://www.ukrainian.energy,False,200,True,False,False,False,True,False,99
https://www.hearukraine.com,False,301,False,False,False,False,True,False,55
https://www.ukraine-hilfe-netzwerk.de,False,200,False,False,False,False,False,False,0
https://www.ukraine-hilfe-sh.de,False,200,False,False,False,False,True,False,75
https://www.allwillbeukraine.net,False,301,False,False,False,False,False,False,0
https://www.humanitarianaidforukraine.org,False,301,False,False,False,False,False,False,0
https://www.sandraukrainetz.ca,False,200,False,False,False,False,True,False,55
https://www.netzwerk-ukraine-hilfe.de,False,200,False,False,False,False,True,False,75
https://www.medicinestoukraine.com,False,200,False,False,False,False,False,False,0
https://www.ukrainiancare.org,False,200,False,False,False,False,False,False,0
https://www.ukraine-hilfe-saarland.de,False,200,False,False,False,False,True,False,75
https://www.ukrainehelppoint.de,False,200,False,False,False,False,True,False,75
https://www.ukraine-hilfe-rlp.de,False,200,False,False,False,False,True,False,75
https://www.ukraine-hilfe-norddeutschland.de,False,200,False,False,False,False,True,False,75
https://www.ukraine-hilfe-essen.de,False,200,False,False,False,False,True,False,61
https://www.pilatesforukraine.com,False,200,False,False,False,False,True,False,55
https://www.theukrainianfund.com,False,200,False,False,False,False,True,False,75
https://www.easyukrainian.com,False,200,False,False,False,False,True,False,95
https://www.volldabei-ukraine.ch,False,200,False,False,False,False,False,False,0
https://www.otk-for-ukraine.com,False,200,False,False,False,False,True,False,55
https://www.weheartukraine.com,False,200,False,False,False,False,False,False,77
https://www.xn--ukraine-hilfe-sddeutschland-w3c.de,False,200,False,False,False,False,True,False,75
https://www.athletes-for-ukraine.org,False,200,False,False,False,False,False,False,0
https://www.ukraine-hilfe-mv.de,False,200,False,False,False,False,True,False,75
https://www.ukraine-hilfe-be.de,False,200,False,False,False,False,True,False,75
https://www.ukraine-hilfe-bw.de,False,200,False,False,False,False,True,False,75
https://www.ukraine-hilfe-sachsen.de,False,200,False,False,False,False,True,False,75
https://www.standwithukrainians.org,False,200,False,False,False,False,False,False,72
https://www.ukrainetrustchain.org,False,200,False,False,False,False,False,False,0
https://www.athletes-for-ukraine.com,False,200,False,False,False,False,False,False,0
https://www.direkthilfe-ukraine.de,False,200,True,False,False,False,True,False,99
https://www.ukraine-hilfe-jetzt.de,False,200,False,False,False,False,True,False,75
https://www.xn--ukraine-hilfe-thringen-7lc.de,False,200,False,False,False,False,True,False,75
https://www.footballforukraine.org,False,200,False,False,False,False,True,False,55
https://www.helpukrainescotland.com,False,200,False,False,False,False,True,False,55
https://www.as-ukraine.fr,False,200,False,False,False,False,True,False,75
https://www.ukraine-hilfe-nrw.de,False,200,False,False,False,False,True,False,75
https://www.ukraine-hilfe-bremen.de,False,200,False,False,False,False,True,False,75
https://www.action-ukraine.com,False,200,False,False,False,False,True,False,55
https://www.football4ukraine.org,False,200,False,False,False,False,True,False,55
https://www.hopeforukraine.org.uk,False,301,False,False,False,False,False,False,0
https://www.protect-ukraine.today,False,200,False,False,False,False,False,False,0
https://www.ukrainehelp.us,False,200,True,False,False,False,True,False,99
https://www.everythingwillbeukraine.net,False,301,False,False,False,False,False,False,0
https://www.americaforukraine.com,False,200,False,False,False,False,True,False,55
https://www.allwillbeukraine.com,False,301,False,False,False,False,False,False,0
https://www.ukrainianssaythankyou.com,False,200,False,False,False,False,False,False,0
https://www.scstandswithukraine.com,False,200,False,False,False,False,True,False,55
https://www.forukrainians.online,False,200,False,False,False,False,True,False,55
https://www.rebuild-ukraine.help,False,200,False,False,False,False,False,False,0
https://www.forukrainians.nl,False,200,False,False,False,False,True,False,55
https://www.translate-ukraine.de,False,200,False,False,False,False,True,False,75
https://www.33lettersforukraine.com,False,200,False,False,False,False,True,False,55
https://www.ukrainiandream.live,False,200,False,False,False,False,False,False,0
https://www.ukraine-hilferuf.ch,False,200,False,False,False,False,False,False,0
https://www.shieldukraine.us,False,302,False,False,False,False,False,False,0
https://www.ukraine-2022.de,False,200,False,False,False,False,True,False,75
https://www.ukrainian.market,False,200,True,False,False,False,True,False,99
https://www.newforesthomesforukraine.co.uk,False,200,False,False,False,False,False,False,0
https://www.ukraine38.de,False,200,False,False,False,False,False,False,0
https://www.floridiansforukraine.com,False,200,False,False,False,False,False,False,0
https://www.stend-osvita-ukraine.com,False,200,False,False,False,False,True,False,78
https://www.all4ukraine.org,False,200,False,False,False,False,False,False,0
https://www.memoryofukraine.com,False,200,False,False,False,False,False,False,0
https://www.freiraum-ukraine.at,False,200,False,False,False,False,True,False,82
https://www.helpbabiesukraine.com,False,200,False,False,False,False,False,False,0
https://www.ukraine-hilferufe.ch,False,200,False,False,False,False,False,False,0
https://www.spiritofukraine.co.uk,False,200,False,False,False,False,True,False,82
https://www.aidukrainedirect.uk,False,200,False,False,False,False,False,False,0
https://www.home4ukraine.org,False,200,True,False,False,False,True,False,90
https://www.ukrainianphotographies.org,False,200,False,False,False,False,False,False,0
https://www.ukrainegoods.com,False,200,False,False,False,False,False,False,0
https://www.ukraineclincialguidance.com,False,200,False,False,False,False,True,False,55
https://www.ukrainianpuzzles.com,False,200,False,False,False,False,False,False,35
https://www.supportukrainianvictory.com,False,200,False,False,False,False,True,False,55
https://www.unitedukrainians.org,False,200,False,False,False,False,False,False,0
https://www.ukraineschool.com,False,200,False,False,False,False,False,False,0
https://www.ukrainian-in-denmark.dk,False,200,False,False,False,False,False,False,0
https://www.ukraine-charity-fund.org,False,301,False,False,False,False,False,False,0
https://www.connectukraine.info,False,200,True,False,False,False,True,False,90
https://www.rugbywithukraine.com,False,200,False,False,False,False,True,False,55
https://www.ukrainianwarrior.com,False,200,True,False,False,False,True,False,90
https://www.people-help-ukraine.org,False,200,False,False,False,False,True,False,55
https://www.winukraine.info,False,200,False,False,False,False,True,False,55
https://www.america4ukraine.org,False,200,False,False,False,False,False,False,0
https://www.soutien-ukraine-devinci.fr,False,403,False,False,False,False,True,False,55
https://www.pizzaforukraine.org,False,200,False,False,False,False,False,False,40
https://www.ukrainefund.net,False,200,False,False,False,False,True,False,55
https://www.ukraine-hilfe-schmelz.de,False,200,False,False,False,False,False,False,0
https://www.quiltforukraine.com,False,200,False,False,False,False,True,False,95
https://www.maritimeukraine.com,False,200,False,False,False,False,False,False,0
https://www.madebyukrainians.com,False,301,False,False,False,False,False,False,0
https://www.atlas-ukraine.be,False,200,False,False,False,False,True,False,55
https://www.loveukraine.shop,False,200,False,False,False,False,True,False,55
https://www.ukrainemutualaid.org,False,200,False,False,False,False,False,False,0
https://www.battleofukraine.cz,False,301,False,False,False,False,False,False,35
https://www.pgforukraine.com,False,200,False,False,False,False,True,False,55
https://www.oase-ukraine.com,False,200,False,False,False,False,False,False,0
https://www.feed-ukraine.org,False,200,False,False,False,False,True,False,75
https://www.ukrainereliefprogram.com,False,200,False,False,False,False,False,False,0
https://www.rebuild-ukraine.co.uk,False,200,False,False,False,False,False,False,0
https://www.ukrainestockmarket.com,False,200,True,False,False,False,True,False,99
https://www.rebuild-ukraine.world,False,200,False,False,False,False,False,False,85
https://www.ukrainestocks.com,False,200,True,False,False,False,True,False,99
https://www.ukrainians-abroad.com,False,200,False,False,False,False,False,False,0
https://www.symbol-ukraine.org,False,200,False,False,False,False,True,False,75
https://www.wir-helfen-der-ukraine.de,False,200,False,False,False,False,False,False,0
https://www.ukrainianstocks.com,False,200,True,False,False,False,True,False,99
https://www.fundraiseukraine.ca,False,200,False,False,False,False,False,False,0
https://www.pgforukraine.ca,False,301,False,False,False,False,True,False,55
https://www.all-ukrainian.com,False,200,False,False,False,False,False,False,0
https://www.cycle2ukraine.com,False,200,False,False,False,False,False,False,0
https://www.pourlukraine.com,False,200,False,False,False,False,False,False,0
https://www.miofukraine.com,False,200,False,False,False,False,True,False,55
https://www.rideforukraine.info,False,200,False,False,False,False,False,False,40
https://www.travelukraine.online,False,200,True,False,False,False,True,False,90
https://www.moveukraine.org,False,200,False,False,False,False,False,False,0
https://www.ukrainiancommunitymalta.org.mt,False,200,True,False,False,False,True,False,85
https://www.givingjoyukraine.com,False,200,False,False,False,False,True,False,75
https://www.travelukraine.pl,False,200,False,False,False,False,True,False,75
https://www.ukrainekinderhilfe.eu,False,200,False,False,False,False,False,False,0
https://www.helpukraine-ev.org,False,200,False,False,False,False,True,False,82
https://www.ffukrainep.org,False,200,False,False,False,False,True,False,82
https://www.ukraineaidops.co.za,False,200,False,False,False,False,False,False,0
https://www.sofiaukraine.art,False,403,False,False,False,False,False,False,0
https://www.hikeforukraine.com,False,200,False,False,False,False,True,False,55
https://www.ukraineaidops.com,False,200,False,False,False,False,False,False,0
https://www.ukraine242.com,False,200,False,False,False,False,False,False,0
https://www.ukraineaidops.co.uk,False,200,False,False,False,False,False,False,0
https://www.shastaforukraine.org,False,200,False,False,False,False,False,False,0
https://www.stand-with-ukraine.fr,False,200,False,False,False,False,False,False,0
https://www.ukrainehubwarrington.co.uk,False,200,True,False,False,False,True,False,90
https://www.future-ukraine.info,False,200,False,False,False,False,True,False,55
https://www.thehumbleheroesofukraine.com,False,200,False,False,False,False,True,False,55
https://www.foylefriendsofukraine.org,False,200,False,False,False,False,False,False,0
https://www.sjog-homesforukraine.uk,False,200,False,False,False,False,False,False,40
https://www.montpeyroux-ukraine.fr,False,200,False,False,False,False,True,False,77
https://www.ukrainiansocietysa.org,False,200,False,False,False,False,True,False,72
https://www.psychologische-hilfe-ukraine.de,False,200,False,False,False,False,False,False,40
https://www.salisburyukrainehub.org.uk,False,301,False,False,False,False,False,False,85
https://www.fizzslotsukraine.com,False,200,False,False,False,False,True,False,55
https://www.hostingandhelpingukrainianrefugees.com,False,200,False,False,False,False,True,False,55
https://www.ukrainechain.org,False,200,False,False,False,False,False,False,77
https://www.fromukraine.co.uk,False,200,False,False,False,False,True,False,75
https://www.helpingdisplacedukrainians.org,False,200,False,False,False,False,True,False,61
https://www.volyaukraine.nl,False,200,False,False,False,False,False,False,0
https://www.sjog4ukraine.uk,False,200,False,False,False,False,False,False,0
https://www.osintforukraine.com,False,200,False,False,False,False,False,False,0
https://www.stopwarukraine.com,False,200,False,False,False,False,True,True,75
https://www.hope4ukraine.com,False,200,False,False,False,False,True,False,55
https://www.ukraineshelter.com,False,200,False,False,False,False,True,False,40
https://www.host4ukraine.com,False,200,False,False,False,False,False,False,0
https://www.remoteukraine.org,False,200,False,False,False,False,True,False,61
https://www.heyukraine.org,False,200,False,False,False,False,True,True,75
https://www.fromukraine.net,False,200,True,False,False,False,True,False,99
https://www.restoreukraine.org,False,200,False,False,False,False,False,False,77
https://www.ukrainecuties.com,False,200,False,False,False,False,True,False,95
https://www.helpukrainenow.com,False,200,True,False,False,False,True,False,99
https://www.unitedforukraine.org,False,307,False,False,False,False,False,False,0
https://www.backukraine.com,False,301,False,False,False,False,False,False,0
https://www.immigration4ukraine.eu,False,301,False,False,False,False,False,False,0
https://www.dutchfarmerinukraine.nl,False,200,False,False,False,False,False,False,0
https://www.helpforukrainians.org,False,200,True,False,False,False,True,False,90
https://www.standwithukraine.how,False,200,False,False,False,False,False,False,0
https://www.donateforukraine.com,False,200,False,False,False,False,False,False,0
https://www.irelandhelpukraine.com,False,200,False,False,False,False,True,False,95
https://www.help-ukraine.io,False,200,False,False,False,False,False,False,0
https://www.ukrainecare.com,False,200,True,False,False,False,True,False,90
https://www.ukrainematomechannel.com,False,200,False,False,False,False,False,False,0
https://www.helpukraine.fr,False,200,False,False,False,False,True,False,95
https://www.shelterforukraine.be,False,200,False,False,False,False,False,False,0
https://www.h4ukraine.com,False,200,False,False,False,False,False,False,0
https://www.scienceforukraine.eu,False,200,False,False,False,False,False,False,0
https://www.supportukraine.dk,False,200,False,False,False,False,False,False,40
https://www.americanswithukraine.com,False,200,False,False,False,False,True,False,61
https://www.leipzig-helps-ukraine.de,False,200,False,False,False,False,False,False,0
https://www.labourfriendsofukraine.org,False,200,False,False,False,False,True,False,55
https://www.ukrainefacts.org,False,200,False,False,False,False,True,False,55
https://www.artforukraine.net,False,200,False,False,False,False,True,False,61
https://www.ukraine-latvia.com,False,200,False,False,False,False,True,False,55
https://www.helpsaveukraine.com,False,200,False,False,False,False,False,False,0
https://www.soutienukraine.fr,False,200,False,False,False,False,True,False,35
https://www.war-ukraine.info,False,200,False,False,False,False,True,False,95
https://www.artforukraine.org,False,200,False,False,False,False,True,False,61
https://www.help2ukraine.com,False,200,False,False,False,False,True,False,95
https://www.ate-solidarite-ukraine.org,False,200,False,False,False,False,False,False,40
https://www.ukrainianstrong.com,False,200,True,False,False,False,True,False,99
https://www.fightforukraine.com,False,200,True,False,False,False,True,False,99
https://www.artforukraine.com,False,200,False,False,False,False,True,False,61
https://www.dresdenstandswithukraine.de,False,200,False,False,False,False,False,False,0
https://www.isupportukraine.eu,False,200,False,False,False,False,True,False,35
https://www.helpukraine.nl,False,200,False,False,False,False,True,False,75
https://www.runforukraine.com,False,200,False,False,False,False,False,False,40
https://www.supportukraine.ca,False,200,False,False,False,False,False,False,0
https://www.ukrainiantribe.com,False,200,False,False,False,False,False,False,0
https://www.ukrainewarnow.online,False,200,False,False,False,False,True,False,55
https://www.forukraine.net,False,200,True,False,False,False,True,False,99
https://www.rebuildingukrainefoundation.org,False,200,False,False,False,False,True,False,55
https://www.nhfcukraine.org,False,200,False,False,False,False,False,False,0
https://www.alma-ukraine.com,False,0,False,False,False,False,True,False,55
https://www.ukrainiandiamonds.company,False,200,False,False,False,False,False,False,0
https://www.healthukraine.com,False,200,False,False,False,False,True,False,55
https://www.youkraine.xyz,False,200,True,False,False,False,True,False,77
https://www.united4ukraine.network,False,200,False,False,False,False,False,False,0
https://www.somersetaidforukraine.org,False,200,False,False,False,False,False,False,0
https://www.kids-of-ukraine.org,False,200,False,False,False,False,False,False,0
https://www.ukrainedates.de,False,200,False,False,False,False,True,False,55
https://www.supportukrainefund.com,False,200,False,False,False,False,True,False,40
https://www.sponsorsforukraine.org,False,200,False,False,False,False,False,False,0
https://www.volsforukraine.org,False,200,False,False,False,False,False,False,85
https://www.ukrainedates.at,False,200,False,False,False,False,True,False,55
https://www.friendsofukrainerefugees.org,False,200,False,False,False,False,False,False,0
https://www.sponsorsforukraine.com,False,200,False,False,False,False,False,False,0
https://www.friendsofukrainerefugees.com,False,200,False,False,False,False,False,False,0
https://www.ukraine-2001.net,False,200,False,False,False,False,False,False,0
https://www.curlukraine.com,False,200,False,False,False,False,True,False,61
https://www.milukraine.net,False,403,False,False,False,False,False,False,0
https://www.cfworldaidtoukraine.com,False,200,False,False,False,False,True,False,55
https://www.ukrainestimmen.com,False,200,False,False,False,False,True,False,55
https://www.theukrainian.me,False,200,False,False,False,False,True,False,55
https://www.legacy-ukraine.org,False,200,False,False,False,False,True,False,61
https://www.ukulelesforukraine.com,False,200,False,False,False,False,True,False,61
https://www.shop-ukraine.de,False,200,False,False,False,False,True,False,82
https://www.dublincityukraineresponse.ie,False,301,False,True,False,False,True,False,85
https://www.helprestoreukraine.com,False,200,False,False,False,False,False,False,0
https://www.newhorizonsukraine.org,False,301,False,False,False,False,False,False,0
https://www.daz-ukraine.net,False,200,False,False,False,False,True,False,55
https://www.ukrainian-renovation.com,False,200,False,False,False,False,False,False,0
https://www.tshirtsforukraine.net,False,200,False,False,False,False,False,False,0
https://www.employukraine.org,False,200,False,False,False,False,True,False,61
https://www.goodfriends-for-ukraine.ch,False,200,False,False,False,False,False,False,0
https://www.mriyaofukraine.com,False,200,False,False,False,False,True,False,61
https://www.ukrainian.online,False,200,True,False,False,False,True,False,99
https://www.ukraineisonmymind.com,False,200,False,False,False,False,False,False,0
https://www.support-ukraine.it,False,200,False,False,False,False,True,False,55
https://www.ukrainewarcrimes.org,False,200,False,False,False,False,True,False,55
https://www.ukraineprojects.com,False,200,True,False,False,False,True,False,90
https://www.ukrainians.hk,False,200,False,False,False,False,False,False,35
https://www.ukraineforchrist.com,False,200,False,False,False,False,False,False,0
https://www.mnforukraine.com,False,200,False,False,False,False,True,False,55
https://www.saveukraineart22.org,False,200,False,False,False,False,True,False,55
https://www.bsi-ukraine.com,False,200,False,False,False,False,False,False,0
https://www.ukrainezion.org,False,200,False,False,False,False,False,False,0
https://www.ukrainezion.com,False,200,False,False,False,False,False,False,0
https://www.mentalhealthofukrainians.org,False,200,False,False,False,False,False,False,0
https://www.ukrainecleaners.com,False,200,False,False,False,False,False,False,0
https://www.handinhandukraine.org.uk,False,301,False,False,False,False,True,False,55
https://www.shopfromukraine.com,False,200,False,False,False,False,False,False,0
https://www.rallyforukraine.org,False,200,True,False,False,False,True,False,90
https://www.ukrainedefensefund.org,False,200,False,False,False,False,True,False,35
https://www.telehelpukraine.com,False,200,False,False,False,False,False,False,0
https://www.ukraine-hilfe-arnsberg.de,False,301,False,False,False,False,True,False,82
https://www.helpukraineromania.org,True,200,False,False,True,True,True,False,100
https://www.katapult-ukraine.com,False,200,False,False,False,False,False,False,0
https://www.ukrainejewishrelief.org,False,200,False,False,False,False,False,False,0
https://www.saveukrainianlives.org,False,200,False,False,False,False,False,False,0
https://www.historyforukraine.co,False,200,False,False,False,False,True,False,75
https://www.spendensendung-ukraine.de,False,200,False,False,False,False,False,False,0
https://www.freeukrainetoday.com,False,200,True,False,False,False,True,False,90
https://www.kino-hilft-ukraine.de,False,200,True,False,False,False,True,False,90
https://www.ukrainerinbern.ch,False,200,False,False,False,False,True,False,55
https://www.katapult-ukraine.de,False,200,False,False,False,False,False,False,0
https://www.fastlaneukraine.com,False,200,False,False,False,False,False,False,0
https://www.hilfe-ukraine-msp.de,False,200,True,False,False,False,True,False,77
https://www.autismukraine.com,False,200,False,False,False,False,False,False,0
https://www.oldhamukrainecatholic.church,False,200,False,False,False,False,True,False,55
https://www.solidarite-ukraine-namur.be,False,200,False,False,False,False,False,False,0
https://www.ukraine-hilfe-hamburg.org,False,200,False,False,False,False,True,False,40
https://www.walkamile4ukraine.com,False,200,False,False,False,False,False,False,0
https://www.helpukraine.team,False,200,False,False,False,False,False,False,72
https://www.ukraineonchain.com,False,200,False,False,False,False,True,False,55
https://www.leaveukrainesafely.com,False,200,False,False,False,False,True,False,55
https://www.laruhelpsukraine.com,False,200,False,False,False,False,False,False,0
https://www.ortenau-fuer-ukraine.de,False,200,False,False,False,False,True,False,82
https://www.ukrainejewishrelief.com,False,200,False,False,False,False,False,False,0
https://www.ukrainetaskforce.org,False,200,False,False,False,False,False,False,40
https://www.hyattukrainefund.com,False,200,False,False,False,False,True,False,55
https://www.ukraineforheroes.com,False,301,False,False,False,False,True,False,55
https://www.annecy-ukraine.org,False,200,False,False,False,False,True,False,61
https://www.weareallukrainians.de,False,200,False,False,False,False,True,False,61
https://www.ukrainesupportnetwork.com,False,200,False,False,False,False,True,False,55
https://www.rabotadevushkam-ukraine.com,False,200,False,False,False,False,False,False,85
https://www.sandraukrainetz.com,False,200,False,False,False,False,True,False,55
https://www.ukrainelifering.com,False,403,False,False,False,False,True,False,75
https://www.fillaplaneforukraine.org,False,200,False,False,False,False,False,False,0
https://www.nordicsosukraine.org,False,200,False,False,False,False,False,False,0
https://www.fastlaneukraine.nl,False,200,False,False,False,False,False,False,0
https://www.helptoukraine.org.uk,False,200,False,False,False,False,True,False,61
https://www.panforukraine.de,False,200,False,False,False,False,True,False,82
https://www.israel4ukraine.org,False,200,False,False,False,False,False,False,0
https://www.ukrainesupportfoundation.com,False,200,False,False,False,False,True,False,55
https://www.violinistssupportukraine.com,False,200,False,False,False,False,False,False,0
https://www.ukrainelinks.com,False,302,False,False,False,False,True,False,55
https://www.pin-up-casino-ukraine.com,False,200,False,False,False,False,True,False,78
https://www.postcodeukraine.com,False,200,False,False,False,False,False,False,0
https://www.collab-with-ukraine.ch,False,200,False,False,False,False,False,False,0
https://www.bathstandswithukraine.org,False,200,False,False,False,False,False,False,0
https://www.ukraine.am,False,200,False,False,False,False,True,False,55
https://www.ukrainestore4u.com,False,200,False,False,False,False,False,False,0
https://www.ak-ukraine-hilfe.de,False,200,False,False,False,False,True,False,82
https://www.ukrainianrefugeehelp.co.uk,False,200,False,False,False,False,False,False,0
https://www.keynsham4ukraine.org.uk,False,200,False,False,False,False,True,False,82
https://www.ukrainianartsto.com,False,200,False,False,False,False,True,False,55
https://www.ukrainenews.place,False,200,False,False,False,False,False,False,0
https://www.wwwukraine.net,False,200,False,False,False,False,True,False,35
https://www.airwell-ukraine.com,False,200,False,False,False,False,False,False,0
https://www.bucketsofloveukraine.com,False,200,False,False,False,False,False,False,0
https://www.fortheukraine.com,False,200,False,False,False,False,False,False,0
https://www.ukraineunlimited.org,False,200,False,False,False,False,False,False,0
https://www.ukraine911.org,False,301,False,False,False,False,False,False,0
https://www.uhelpukraine.org,False,200,False,False,False,False,False,False,0
https://www.ocukraine.com,False,200,False,False,False,False,True,False,55
https://www.chs4ukraine.org,False,200,False,False,False,False,True,False,75
https://www.guide4ukraine.de,False,200,False,False,False,False,False,False,0
https://www.ukrainehilfe-bern.ch,False,200,False,False,False,False,False,False,0
https://www.americanukrainian.org,False,301,False,False,False,False,True,False,55
https://www.defendukrainefoundation.ca,False,200,False,False,False,False,False,False,0
https://www.4ukrainians.com,False,200,False,False,False,False,True,False,55
https://www.ukraine-hilfe-bern.ch,False,200,False,False,False,False,False,False,0
https://www.kureshukraine.org,False,200,False,False,False,False,False,False,0
https://www.americancoalitionforukraine.org,False,200,False,False,False,False,False,False,0
https://www.helpukrainians.ro,False,301,False,False,False,False,False,False,35
https://www.ortukraine.org,False,200,False,False,False,False,True,False,95
https://www.saveukrainelives.org,False,200,False,False,False,False,True,False,55
https://www.ukraine20.com,False,200,False,False,False,False,False,False,0
https://www.ukrainer.site,False,200,False,False,False,False,True,False,55
https://www.cloppenburglaeuftfuerdieukraine.de,False,200,False,False,False,False,True,False,82
https://www.onedreamforoneukrainian.com,False,200,False,False,False,False,False,False,40
https://www.wefromukraine.org,False,200,False,False,False,False,False,False,0
https://www.vicjudiforukraine.com,False,200,False,False,False,False,False,False,0
https://www.support-ukraine.fund,False,200,False,False,False,False,False,False,0
https://www.ukrainemutualaid.com,False,200,False,False,False,False,False,False,0
https://www.peaceforukraine-e-v.de,False,200,False,False,False,False,True,False,55
https://www.das-ukraine-dossier.de,False,200,False,False,False,False,True,False,75
https://www.reiseberichte-ukraine.de,False,200,False,False,False,False,True,False,35
https://www.ukraine2.ch,False,200,False,False,False,False,False,False,0
https://www.ukrainiancamsplus.com,False,403,False,False,False,False,True,True,55
https://www.hope4ukraineproject.org,False,200,False,False,False,False,False,False,0
https://www.fightforukraine.us,False,301,False,False,False,False,False,False,0
https://www.parishukrainerefugee.com,False,200,False,False,False,False,True,True,75
https://www.ukrainiansexchat.com,False,200,False,False,False,False,False,True,0
https://www.ok-human-rights-ukraine.de,False,200,False,False,False,False,False,False,0
https://www.yoga-for-ukraine.com,False,200,False,False,False,False,True,False,75
https://www.birdoflightukraine.org,False,200,False,False,False,False,False,False,0
https://www.medicines-for-ukraine.org,False,200,False,False,False,False,False,False,0
https://www.broye-ukraine.ch,False,301,False,False,False,False,False,False,0
https://www.ukraine-snacks.com,False,200,False,False,False,False,False,False,0
https://www.birdoflightukraine.com,False,200,False,False,False,False,False,False,0
https://www.diabetes-ukraine.org,False,302,False,False,False,False,False,False,0
https://www.joyforukraine.com,False,200,False,False,False,False,True,False,55
https://www.verein-ukraine-hilfe.ch,False,200,False,False,False,False,False,False,0
https://www.nika-ukraine.org,False,200,False,False,False,False,False,False,0
https://www.theukrainian.eu,False,200,False,False,False,False,False,False,0
https://www.ukraineinternationalfund.com,False,200,False,False,False,False,True,False,55
https://www.wp-ukraine.com,False,200,False,False,False,False,True,False,55
https://www.ukrainiangirls.com,False,200,False,False,False,False,True,False,75
https://www.ukrainianangelsfoundation.org,False,301,False,False,False,False,False,False,0
https://www.ukrainesales.com,False,200,False,False,False,False,False,False,35
https://www.unitedukrainianballet.com,False,200,False,False,False,False,False,False,0
https://www.bonukraine.com,False,200,False,False,False,False,True,False,35
https://www.ukrainebirds.com,False,200,False,False,False,False,False,False,0
https://www.protectukraine.nl,False,200,False,False,False,False,False,False,0
https://www.ukrainedarling.com,True,200,False,False,False,True,True,False,99
https://www.medicineukraine.org,False,200,False,False,False,False,False,False,0
https://www.help4ukraine.uk,False,200,False,False,False,False,False,False,0
https://www.helpforukrainians.info,False,200,False,False,False,False,True,False,55
https://www.kara-ukraine.com,False,200,False,False,False,False,False,False,0
https://www.cosmolot-ukraine.com.ua,False,200,False,False,False,False,True,False,72
https://www.ukrainianonlinecasino.com,False,200,True,False,False,False,True,False,95
https://www.bikers4ukraine.com,False,301,False,False,False,False,False,False,0
https://www.savannahsupportsukraine.org,False,200,False,False,False,False,True,False,55
https://www.onlinecasinoukraine.com,False,200,False,False,False,False,True,False,95
https://www.braveukrainian.com,False,200,False,False,False,False,False,False,0
https://www.ukrainians.fans,False,200,True,False,False,False,True,False,99
https://www.direkthilfe-ukraine.com,False,200,False,False,False,False,False,False,0
https://www.ims-ukraine.org,False,200,True,True,False,False,True,False,85
https://www.bfukraine.com,False,200,False,False,False,False,False,False,0
https://www.hyogo-ukraine.jp,False,302,False,False,False,False,False,False,0
https://www.ukrainianartists.org,False,301,False,False,False,False,False,False,0
https://www.bezsmertnaukraine.com,False,200,False,False,False,False,False,False,0
https://www.freeukrainelibrary.org,False,200,False,False,False,False,True,False,55
https://www.nashvillelovesukraine.com,False,200,False,False,False,False,True,False,55
https://www.ukrainianlives.org,False,200,False,False,False,False,True,False,82
https://www.ortopedichelpukraine.org,False,200,False,False,False,False,False,False,0
https://www.ukraineinmourning.com,False,200,False,False,False,False,True,False,55
https://www.auctionforukraine.org,False,200,False,False,False,False,False,False,0
https://www.ukrainesustain.net,False,200,True,False,False,False,True,False,77
https://www.assaultweaponsforukraine.com,False,200,False,False,False,False,False,False,0
https://www.game4ukraine.com,False,200,False,False,False,False,False,False,0
https://www.ukrainewarbook.com,False,200,False,False,False,False,True,False,55
https://www.ukrainiansinaz.com,False,200,False,False,False,False,True,False,55
https://www.raiseforukraine.org,False,200,False,False,False,False,False,False,0
https://www.cleanupukraine.org,False,200,False,False,False,False,True,False,55
https://www.avatarsforukraine.com,False,200,False,False,False,False,False,False,0
https://www.swimforukraine.co.uk,False,200,False,False,False,False,False,False,0
https://www.ukrainesafehaven.ca,False,200,False,False,False,False,True,False,25
https://www.swag4ukraine.com,False,200,False,False,False,False,False,False,0
https://www.aidukrainiansintheeast.org,False,200,False,False,False,False,True,False,55
https://www.ukrainehilfe-wiefelsdorf.de,False,200,False,False,False,False,False,False,0
https://www.givingtoukraine.com,False,401,False,True,False,False,True,False,85
https://www.ukrainehires.com,False,200,False,False,False,False,False,False,0
https://www.free-ukraine.pl,False,200,False,False,False,False,True,False,61
https://www.japan-ukraine.org,False,200,False,False,False,False,True,False,55
https://www.sex-ukraine-dosug.online,False,0,False,False,False,False,True,False,92
https://www.ukrainian-resistance-art.in,False,200,False,False,False,False,True,False,78
https://www.actionwithukraine.net,False,200,False,False,False,False,True,False,25
https://www.ukraine2chilterns.com,False,200,False,False,False,False,False,False,0
https://www.ukrainehilfe-oberbayern.de,False,200,False,False,False,False,False,False,0
https://www.safeandsoundukraine.org,False,200,False,False,False,False,True,False,25
https://www.rebuildukrainetogether.org,False,200,False,False,False,False,False,False,0
https://www.helpmusiciansukraine.com,False,200,False,False,False,False,True,False,55
https://www.ukrainiansinthecarolinas.org,False,200,False,False,False,False,False,False,0
https://www.spellingukraine.com,False,200,False,False,False,False,True,False,55
https://www.febcukraine.org,False,200,False,False,False,False,False,False,0
https://www.infoukraine.ro,False,200,False,False,False,False,False,False,35
https://www.ukraineforeignlegion.com,False,200,True,False,False,False,True,False,90
https://www.legalguideukraine.de,False,200,False,False,False,False,False,False,0
https://www.uforukraine.ch,False,200,False,False,False,False,True,False,55
https://www.billingshurstforukraine.org.uk,False,200,False,False,False,False,False,False,0
https://www.globe4ukraine.com,False,200,False,False,False,False,False,False,0
https://www.getukraine.org,False,200,False,False,False,False,True,False,55
https://www.ukrainianinpoland.pl,False,200,False,False,False,False,False,False,0
https://www.homesforukraine.uk,False,200,False,False,False,False,True,False,35
https://www.sos-ukraine.nl,False,200,False,False,False,False,False,False,0
https://www.ukrainiansinpoland.pl,False,200,False,False,False,False,True,False,88
https://www.giveukraine.net,False,200,False,False,False,False,True,False,55
https://www.slavaukraine.fund,False,200,False,False,False,False,False,False,0
https://www.beyondukraine.com,False,200,False,False,False,False,False,False,0
https://www.u4ukraine.com,False,302,False,False,False,False,True,False,55
https://www.drones2ukraine.eu,False,200,False,False,False,False,False,False,0
https://www.ukraines.info,False,200,True,False,False,False,True,False,99
https://www.germany-for-ukraine.com,False,200,False,False,False,False,False,False,0
https://www.isukrainestillunderattack.com,False,200,False,False,False,False,True,False,55
https://www.diyukraine.com,False,200,False,False,False,False,True,False,61
https://www.helpukrainenova.org,False,200,True,False,False,False,True,False,99
https://www.ukraine-storis.info,False,200,False,False,False,False,True,False,95
https://www.ukrainedorset.org,False,200,False,False,False,False,False,False,0
https://www.northdevonwithukraine.co.uk,False,200,False,False,False,False,True,False,82
https://www.pitchinforukraine.org,False,200,False,False,False,False,True,False,35
https://www.ukrainianworkforce.nl,False,200,True,False,False,False,True,False,77
https://www.produkraine.com,False,200,False,False,False,False,False,False,0
https://www.ukraine-aid.info,False,200,False,False,False,False,False,False,40
https://www.ukrainepoetry.com,False,200,False,False,False,False,True,False,55
https://www.aidukrainedirect.org,False,200,False,False,False,False,False,False,0
https://www.helpingukrainians.org,False,200,True,False,False,False,True,False,90
https://www.aidukrainedirect.com,False,200,False,False,False,False,False,False,0
https://www.olney-ukraineaid.org,False,200,False,False,False,False,True,False,55
https://www.ukrainetruestory.com,False,200,False,False,False,False,True,False,55
https://www.saveukraine.team,False,200,False,False,False,False,True,False,72
https://www.ipa-ukraine.fr,False,200,False,False,False,False,False,False,0
https://www.wiederaufbau-der-ukraine.de,False,200,False,False,False,False,True,False,82
https://www.1violettepourlukraine.fr,False,200,False,False,False,False,False,False,0
https://www.warofukraine.pp.ua,False,200,False,True,False,False,True,False,91
https://www.jobsforukraine.be,False,200,False,False,False,False,True,False,55
https://www.dataforukraine.com,False,200,False,False,False,False,True,False,55
https://www.ukraineansweringthecall.com,False,200,False,False,False,False,True,False,75
https://www.mriya-ukraine.org,False,200,False,False,False,False,True,False,90
https://www.ukrainian.finance,False,200,True,False,False,False,True,False,99
https://www.ukrainian.ventures,False,200,True,False,False,False,True,False,99
https://www.ukrainianaction.org,False,200,False,False,False,False,True,False,55
https://www.russoukrainianwar.org,False,200,False,False,False,False,True,False,55
https://www.save-ukraine2022.org,False,200,False,False,False,False,False,False,40
https://www.ukrainewar.uk,False,200,False,False,False,False,True,False,55
https://www.agilewithukraine.com,False,200,False,False,False,False,True,False,55
https://www.financeforukraine.com,False,200,False,False,False,False,False,False,0
https://www.memesforukraine.com,False,200,False,False,False,False,True,False,55
https://www.ukrainesupport.co,False,200,True,False,False,False,True,False,99
https://www.ukrainiansluts.com,False,200,False,False,False,False,True,True,75
https://www.auctionforukraine.com,False,200,False,False,False,False,True,False,95
https://www.standwithukraineeurope.com,False,200,False,False,False,False,False,False,0
https://www.directactionukraine.org,False,200,False,False,False,False,False,False,0
https://www.ukhomesforukrainians.com,False,200,True,False,False,False,True,False,88
https://www.ukrainianaction.com,False,200,False,False,False,False,True,False,25
https://www.ekynoxpourlukraine.fr,False,200,False,False,False,False,True,False,55
https://www.ukrainianpoetryproject.com,False,200,False,False,False,False,False,False,0
https://www.ukraine-future.com,False,200,False,False,False,False,True,False,61
https://www.togetherforukraine.net,False,200,False,False,False,False,False,False,0
https://www.help4ukraine.ca,False,200,False,False,False,False,True,False,55
https://www.noflyzoneoverukraine.com,False,200,False,False,False,False,False,False,85
https://www.somersetsupportsukraine.co.uk,False,200,False,False,False,False,True,False,75
https://www.helloukraine.ch,False,200,False,False,False,False,False,False,0
https://www.reukraine.com,False,200,False,False,False,False,False,False,0
https://www.irelandforukraine.ie,False,200,False,False,False,False,False,False,0
https://www.innoukraine.fi,False,200,False,False,False,False,True,False,61
https://www.ukrainehot.com,False,200,False,False,False,False,False,False,0
https://www.jobukraine.de,False,200,False,False,False,False,False,False,40
https://www.ukrainian-guests.at,False,200,False,False,False,False,False,False,0
https://www.saveukrainegraz.com,False,200,False,False,False,False,False,False,0
https://www.ukraineconnect.info,False,200,False,False,False,False,True,False,55
https://www.armsforukraine.org,False,200,False,False,False,False,False,False,0
https://www.emukraine.com,False,200,False,False,False,False,False,False,0
https://www.ukrainiancams.com,False,200,False,False,False,False,True,True,75
https://www.inno-ukraine.fi,False,200,False,False,False,False,True,False,61
https://www.emergency-ukraine-fund.de,False,200,False,False,False,False,True,False,82
https://www.uniqukraine.com,False,200,False,False,False,False,False,False,0
https://www.halifax-ukrainian-store.ca,True,200,False,False,True,True,True,False,100
https://www.myukraine.help,False,200,False,False,False,False,False,False,0
https://www.big-ukraine.com,False,200,False,False,False,False,False,False,0
https://www.ukrainianpower.io,False,200,False,False,False,False,False,False,0
https://www.helpukrainegeneva.org,False,200,False,False,False,False,False,False,0
https://www.alliance4ukraine.org,False,200,False,False,False,False,True,False,61
https://www.helpukrainechildren.co.uk,False,200,False,False,False,False,True,False,82
https://www.mercyukraine.org,False,302,False,False,False,False,False,False,0
https://www.with-ukraine.org,False,200,False,False,False,False,False,False,0
https://www.ukrainiancarefund.org,False,200,False,False,False,False,True,False,25
https://www.voice-of-ukraine.com,False,200,False,False,False,False,True,False,35
https://www.ukrainecourage.com,False,200,False,False,False,False,True,False,55
https://www.ukrainian.link,False,200,True,False,False,False,True,False,99
https://www.liftupukraine.org,False,200,False,False,False,False,True,False,61
https://www.ukrainianborder.com,False,200,False,False,False,False,True,False,55
https://www.playforukraine.eu,False,200,False,False,False,False,False,False,0
https://www.ukrainian.today,False,200,True,False,False,False,True,False,99
https://www.ukrainiansunited.org,False,200,False,False,False,False,True,False,75
https://www.ukrainestrong.ca,False,200,False,False,False,False,False,False,0
https://www.novaukraine.info,False,200,False,False,False,False,True,False,95
https://www.ukrainehilfe.info,False,200,False,False,False,False,True,False,55
https://www.ukrainehilfe-domdai.de,False,200,False,False,False,False,True,False,82
https://www.ukraine-matters.com,False,200,False,False,False,False,True,False,55
https://www.helpukraine.jetzt,False,200,False,False,False,False,False,False,40
https://www.ukraine24help.com,False,200,False,False,False,False,True,False,78
https://www.save-ukraine-vzw.be,False,200,False,False,False,False,True,False,35
https://www.facesofukraine.com,False,200,False,False,False,False,False,False,0
https://www.ukrainianpool.com,False,200,False,False,False,False,True,False,55
https://www.ukrainewartube.com,False,200,False,False,False,False,False,False,0
https://www.ukrainehilfe-salchendorf.de,False,200,False,False,False,False,False,False,0
https://www.ukrainespace.com,False,200,True,False,False,False,True,False,99
https://www.ukrainiancarefund.com,False,200,False,False,False,False,True,False,25
https://www.ukraine-war.pw,False,200,False,False,False,False,True,False,75
https://www.fundforukraine.com,False,200,False,False,False,False,True,False,95
https://www.helpukraine.help,False,200,False,False,False,False,False,False,0
https://www.anukraine.com,False,200,False,False,False,False,True,False,95
https://www.directsupportukraine.com,False,200,False,False,False,False,True,False,35
https://www.rotaryfuerukraine.de,False,200,False,False,False,False,True,False,72
https://www.stop-war-in-ukraine.ru,False,200,False,False,False,False,False,False,35
https://www.istandwithukraine.de,False,200,False,False,False,False,False,False,0
https://www.forukraine.ge,False,200,False,False,False,False,True,False,55
https://www.ukrainianadventures.com,False,200,True,False,False,False,True,False,90
https://www.h-artforukraine.nl,False,200,False,False,False,False,False,False,0
https://www.brucker-helfen-der-ukraine.de,False,200,False,False,False,False,False,False,0
https://www.ukraine-soforthilfe.de,False,200,False,False,False,False,False,False,0
https://www.ukrainefreedomproject.com,False,200,False,False,False,False,False,False,0
https://www.ukrainefirst.com,False,200,True,False,False,False,True,False,77
https://www.merchforukraine.com,False,200,False,False,False,False,False,False,0
https://www.4ukraine.net,False,200,False,False,False,False,False,False,0
https://www.russia-ukraine.us,False,200,False,False,False,False,True,False,95
https://www.rotary-fuer-ukraine.de,False,200,False,False,False,False,True,False,72
https://www.ukrainehilfe-koenigstein.de,False,301,False,False,False,False,False,False,0
https://www.stand-with-ukraine.me,False,200,False,False,False,False,True,False,95
https://www.eyesonukraine.eu,False,200,False,False,False,False,False,False,0
https://www.xn--kyffhuser-fr-ukraine-fzb84c.de,False,200,False,False,False,False,False,False,0
https://www.ukrainevictory.com,False,200,True,False,False,False,True,False,99
https://www.spende-ukraine.de,False,200,False,False,False,False,False,False,0
https://www.tradeforukraine.com,False,200,False,False,False,False,False,False,0
https://www.secondfrontukraine.com,False,200,False,False,False,False,False,False,0
https://www.txukrainians.com,False,200,False,False,False,False,True,False,55
https://www.ukraineforever.net,False,200,False,False,False,False,True,False,55
https://www.jewsforukraine.hu,False,200,False,False,False,False,True,False,61
https://www.friendsukraineri.org,False,200,False,False,False,False,True,False,55
https://www.russia-ukraine-war.online,False,200,False,False,False,False,True,False,78
https://www.war-in-ukraine.live,False,200,False,False,False,False,True,False,55
https://www.drinkersforukraine.com,False,200,False,False,False,False,True,False,55
https://www.we-support-ukraine.com,False,200,False,False,False,False,False,False,0
https://www.we-stand-with-ukraine.eu,False,200,False,False,False,False,True,False,55
https://www.peace-for-ukraine.de,False,200,False,False,False,False,True,False,75
https://www.medhelpukraine2022.org,False,200,False,False,False,False,True,False,55
https://www.supportukraine.se,False,200,False,False,False,False,True,False,55
https://www.standwithukrainemn.com,False,200,False,False,False,False,False,False,0
https://www.help-ukraine.nl,False,200,False,False,False,False,False,False,40
https://www.helpukraine.social,False,200,False,False,False,False,False,False,0
https://www.unchainukraine.com,False,200,False,False,False,False,False,False,0
https://www.standwithukrainefund.org,False,200,False,False,False,False,False,False,0
https://www.help4ukraine.ch,False,200,False,False,False,False,True,False,75
https://www.kidsofukraine.io,False,200,False,False,False,False,True,False,75
https://www.sikharmy4ukraine.uk,False,200,False,False,False,False,True,False,75
https://www.ukraineappeal.org.uk,False,200,False,False,False,False,False,False,0
https://www.utahukrainians.org,False,404,False,False,False,False,True,False,75
https://www.htx4ukraine.org,False,200,False,False,False,False,False,False,0
https://www.allforukraine.org,False,301,False,False,False,False,False,False,77
https://www.ukraineaid.info,False,200,False,False,False,False,True,False,78
https://www.artistsforukraine.org,False,200,False,False,False,False,False,False,0
https://www.ukrainemke.com,False,200,False,False,False,False,True,False,55
https://www.bremenwithukraine.com,False,200,False,False,False,False,False,False,0
https://www.ukraine.nz,False,200,False,False,False,False,False,False,0
https://www.oursupport4ukraine.com,False,200,False,False,False,False,True,False,72
https://www.asiafuelingukraineinvasion.org,False,200,False,False,False,False,False,False,0
https://www.samaritanministriesukraine.com,False,200,False,False,False,False,False,False,0
https://www.smukraine.com,False,200,False,False,False,False,False,False,0
https://www.britishukrainian.com,False,200,True,False,False,False,True,False,99
https://www.charlotteforukraine.org,False,200,False,False,False,False,False,False,0
https://www.rebuildukraine.online,False,200,False,False,False,False,False,False,40
https://www.aidukrainenow.org,False,200,False,False,False,False,True,False,35
https://www.ukrainenews.one,False,200,False,False,False,False,False,False,0
https://www.save-ukrainians.com,False,200,False,False,False,False,False,False,0
https://www.jetsforukraine.com,False,302,False,False,False,False,False,False,0
https://www.ukrainian-house.de,False,200,False,False,False,False,False,False,0
https://www.buyartsupportukraine.com,False,200,False,False,False,False,True,False,75
https://www.ukrainianshop.ca,False,200,False,False,False,False,True,False,55
https://www.help-ukraine.lu,False,200,False,False,False,False,False,False,0
https://www.save-ukraine-halle.org,False,200,False,False,False,False,True,False,82
https://www.pledgeforukraine.co.uk,False,200,False,False,False,False,False,False,0
https://www.blockchain-ukraine.com,False,200,True,False,False,False,True,False,90
https://www.gas-ukraine.com,False,200,False,False,False,False,False,False,40
https://www.supportukraine.it,False,200,False,False,False,False,True,False,55
https://www.helpforukraine.us,False,200,True,False,False,False,True,False,99
https://www.ukrainian-house.org,False,200,False,False,False,False,False,False,0
https://www.okhumanrightsukraine.de,False,200,False,False,False,False,False,False,40
https://www.web3ukraine.com,False,200,True,False,False,False,True,False,99
https://www.chabadukraine.com,False,200,True,False,False,False,True,False,90
https://www.beingukraine.org,False,200,False,False,False,False,True,False,55
https://www.sunflowersofukraine.org,False,200,False,False,False,False,False,False,0
https://www.lilleaideukraine.fr,False,301,False,False,False,False,False,False,0
https://www.lights4ukraine.de,False,200,False,False,False,False,False,False,0
https://www.appsforukraine.com,False,200,False,False,False,False,True,False,55
https://www.ukrainehilfe-soest.de,False,200,False,False,False,False,False,False,0
https://www.help-ukraine-springe.de,False,200,False,False,False,False,False,False,0
https://www.wohnung-ukraine.de,False,200,False,False,False,False,False,False,0
https://www.ukraineclinic.co.uk,False,200,False,False,False,False,False,False,0
https://www.euro-ukraine.info,False,200,False,False,False,False,False,False,40
https://www.russianukrainianbrides.com,False,200,True,False,False,False,True,False,99
https://www.theukrainestore.com,False,301,False,False,False,False,False,False,0
https://www.likarukraine.cz,False,200,False,False,False,False,False,False,35
https://www.standwithukraineapp.com,False,200,False,False,False,False,True,False,55
https://www.amkaukraine.com,False,200,False,False,False,False,False,False,0
https://www.ukraineshien.jp,False,301,False,False,False,False,False,False,0
https://www.sportforukraine.org,False,200,False,False,False,False,True,False,55
https://www.geothermalukraine.org,False,200,False,False,False,False,False,False,0
https://www.wixeducationukraine.com,False,200,False,False,False,False,True,False,55
https://www.cfswukraine.com,False,200,False,False,False,False,True,False,55
https://www.ukrainekongress2022.de,False,200,False,False,False,False,False,False,0
https://www.gloryukrainians.com,False,200,False,False,False,False,True,False,55
https://www.solidarite-bretagne-ukraine.org,False,301,False,False,False,False,False,False,0
https://www.ukraine-plus.com,False,200,False,False,False,False,True,False,75
https://www.gemeinsam-fuer-ukraine.de,False,301,False,False,False,False,True,False,82
https://www.ukrainehelp2022.org,False,200,False,False,False,False,False,False,0
https://www.help-ukrainians.org,False,200,False,False,False,False,True,False,75
https://www.helpheroesofukraine.com,False,301,False,False,False,False,False,False,85
https://www.ukrainianglory.org,False,200,False,False,False,False,False,False,0
https://www.occupyukraine.com,False,200,False,False,False,False,False,False,0
https://www.theworldforukraine.com,False,200,False,False,False,False,True,False,55
https://www.makeukrainefreeagain.com,False,200,False,False,False,False,False,False,0
https://www.now-in-ukraine.media,False,200,False,False,False,False,False,False,40
https://www.techstandswithukraine.io,False,200,False,False,False,False,False,False,0
https://www.ukraineunderground.org,False,200,False,False,False,False,False,False,40
https://www.jobsforukraine.dk,False,200,False,False,False,False,False,False,0
https://www.warsawcoordinationcenterforukraineaid.com,False,200,False,False,False,False,False,False,0
https://www.jesoutienslukraine.fr,False,200,False,False,False,False,False,False,0
https://www.ukraine-info.be,False,200,False,False,False,False,True,False,55
https://www.spendenbruecke-ukraine.de,False,200,False,False,False,False,False,False,0
https://www.ukrainehilfe-bischoffen.de,False,200,False,False,False,False,True,False,55
https://www.infoukraine.be,False,200,False,False,False,False,True,False,55
https://www.donationforukraine.com,False,200,False,False,False,False,True,False,55
https://www.voicesfromukraine.net,False,200,False,False,False,False,True,False,72
https://www.jobforukraine.dk,False,200,False,False,False,False,False,False,0
https://www.ukrainianvictory.org,False,200,False,False,False,False,False,False,0
https://www.ukraine-hilfe-thueringen.de,False,200,False,False,False,False,True,False,75
https://www.artistshelp-ukraine.at,False,200,False,False,False,False,False,False,0
https://www.ukrainealert.com,False,200,False,False,False,False,True,False,55
https://www.voicesfromukraine.de,False,200,False,False,False,False,True,False,72
https://www.ukrainefight.com,False,308,False,False,False,False,True,False,55
https://www.aid-ukraine.eu,False,200,False,False,False,False,False,False,0
https://www.fencersforukraine.de,False,0,False,False,False,False,True,False,82
https://www.ukrainepfa.org,False,200,False,False,False,False,True,False,55
https://www.seeds4ukraine.com,False,200,False,False,False,False,False,False,0
https://www.culture-ukraine.info,False,200,False,False,False,False,True,False,75
https://www.ukraineunitesus.com,False,200,False,False,False,False,False,False,0
https://www.ukrainianconflict.info,False,200,False,False,False,False,False,False,40
https://www.kyffhaeuser-fuer-ukraine.de,False,200,False,False,False,False,False,False,0
https://www.ukrainedefenders.org,False,200,False,False,False,False,False,False,35
https://www.ukraine-hilfe.jetzt,False,200,False,False,False,False,False,False,40
https://www.ukraineforward.org,False,200,False,False,False,False,False,False,0
https://www.homesforukraine.com,False,200,True,False,False,False,True,False,90
https://www.pray4ukraine.team,False,200,False,False,False,False,True,False,55
https://www.roannais-ukraine.fr,False,200,False,False,False,False,False,False,0
https://www.chabadhelpukraine.org,False,200,False,False,False,False,False,False,0
https://www.ukraine-drkherten.de,False,200,False,False,False,False,True,False,75
https://www.ukrainelegion.com,False,200,False,False,False,False,True,False,55
https://www.ukrainians.tv,False,200,True,False,False,False,True,False,95
https://www.ukrainecrisisfund.com,False,200,False,False,False,False,False,False,0
https://www.ukrainemosaic.com,False,200,False,False,False,False,True,False,55
https://www.charlieinukraine.com,False,200,False,False,False,False,False,False,0
https://www.tshirtforukraine.ee,False,200,False,False,False,False,True,False,75
https://www.flowersforukraine.com,False,200,False,False,False,False,True,False,55
https://www.athletes-for-ukraine.de,False,200,False,False,False,False,False,False,0
https://www.rebuildingukraine.net,False,200,False,False,False,False,True,False,55
https://www.globallogicukraine.com,False,200,False,False,False,False,True,False,55
https://www.gesichter-der-ukraine.org,False,200,False,False,False,False,False,False,0
https://www.ukraineforstudy.net,False,200,False,False,False,False,True,False,75
https://www.ukrainesolidaritybus.org,False,200,False,False,False,False,False,False,40
https://www.gesichter-der-ukraine.info,False,200,False,False,False,False,False,False,0
https://www.gesichter-der-ukraine.com,False,200,False,False,False,False,False,False,0
https://www.unitingforukrainerv.com,False,200,False,False,False,False,False,False,0
https://www.ukrainians-united.com,False,200,False,False,False,False,False,False,0
https://www.canterbury4ukraine.org,False,200,False,False,False,False,True,False,82
https://www.associationnarbonneukraine.fr,False,200,False,False,False,False,True,False,82
https://www.sex-portal-ukraine.online,False,200,False,False,False,False,True,True,95
https://www.sex-in-ukraine.online,False,200,True,False,False,False,True,False,99
https://www.s-e-x-ukraine.online,False,200,False,False,False,False,True,True,95
https://www.helpukrainenow.foundation,False,500,False,False,False,False,False,False,0
https://www.ukrainianship.com,False,200,False,False,False,False,False,False,0
https://www.ukrainehilfe-hessen.de,False,200,False,False,False,False,False,False,0
https://www.ukrainerussiawar.org,False,200,False,False,False,False,True,False,61
https://www.pizzaforukraine.com,False,200,False,False,False,False,True,False,55
https://www.legion-ukraine.com,False,200,False,False,False,False,True,False,61
https://www.realukrainians.com,False,200,False,False,False,False,False,False,0
https://www.ukraine-orthodox.ch,False,200,False,False,False,False,True,False,55
https://www.krigeniukraine.org,False,200,False,False,False,False,True,False,75
https://www.ukraineablaze.art,False,200,False,False,False,False,False,False,0
https://www.car4ukraine.com,False,200,False,False,False,False,False,False,0
https://www.stichtinghelp-ukraine.nl,False,200,False,False,False,False,True,False,75
https://www.balletukraine.com,False,200,False,False,False,False,False,False,0
https://www.ukrainianguardianangels.org,False,200,False,False,False,False,False,False,0
https://www.hull4ukraine.org,False,200,False,False,False,False,True,False,55
https://www.rebuildukraine.fr,False,200,True,False,False,False,True,False,77
https://www.menton-ukraine.com,False,200,False,False,False,False,False,False,40
https://www.workforukraine.nl,False,200,False,False,False,False,True,False,61
https://www.helpukrainedonbas.org,False,301,False,False,False,False,False,False,0
https://www.rebuildukraine.ch,False,200,True,False,False,False,True,False,77
https://www.reconstruireukraine.fr,False,200,True,False,False,False,True,False,77
https://www.medicinukraine.com,False,200,False,False,False,False,True,False,75
https://www.hireukrainiandesigners.org,False,200,False,False,False,False,False,False,0
https://www.mobile-ukraine.com,False,200,False,False,False,False,False,False,0
https://www.ukrainelove.com,False,200,False,False,False,False,True,True,75
https://www.artists4ukraine.com.au,False,200,False,False,False,False,True,False,55
https://www.sisuukraine.fi,False,200,False,False,False,False,False,False,0
https://www.sgr4ukraine.de,False,200,False,False,False,False,False,False,0
https://www.stiftung-ukraine.de,False,200,False,False,False,False,True,False,61
https://www.stiftung-solidaritaet-ukraine.de,False,200,False,False,False,False,True,False,61
https://www.raiseapintforukraine.com,False,200,False,False,False,False,False,False,35
https://www.xbetukraine.com,False,200,False,False,False,False,True,False,55
https://www.slobodaukraine.com,False,200,False,False,False,False,False,False,0
https://www.weaponstoukraine.com,True,200,False,False,True,True,True,False,100
https://www.ironshieldukraine.com,False,200,False,False,False,False,False,False,0
https://www.investinukrainianfounders.com,False,200,False,False,False,False,False,False,0
https://www.checkpointukraine.se,False,200,False,False,False,False,False,False,40
https://www.artistes-ukraine.com,False,200,False,False,False,False,False,False,0
https://www.strengthofukraine.org,False,200,False,False,False,False,False,False,0
https://www.ukraineonfire.org,False,301,False,False,False,False,True,False,55
https://www.oftukrainemission.org,False,200,False,False,False,False,True,False,55
https://www.zbroimyukraine.pl,False,301,False,False,False,False,False,False,35
https://www.ukrainianchildrelieffund.com,False,200,False,False,False,False,False,False,77
https://www.ukrainebreakingnews.com,False,200,False,False,False,False,True,False,55
https://www.killed-in-ukraine.com,False,200,True,False,False,False,True,False,75
https://www.b4ukraine.com,False,200,True,False,False,False,True,False,95
https://www.businessforukraine.info,False,200,False,False,False,False,False,False,0
https://www.angel-ukraine.com,False,200,False,False,False,False,False,False,0
https://www.starlink-ukraine.net,False,200,False,False,False,False,False,False,40
https://www.ukrainianartsclub.org,False,200,False,False,False,False,False,False,0
https://www.weareukrainenft.org,False,200,False,False,False,False,True,False,61
https://www.welcomeukraine.se,False,200,False,False,False,False,True,False,35
https://www.learntospeakukrainian.org,False,302,False,False,False,False,False,False,0
https://www.ukraine-grain.com,False,200,False,False,False,False,True,False,55
https://www.learntospeakukrainian.com,False,200,False,False,False,False,False,False,0
https://www.yssukraine.com,False,200,False,False,False,False,False,False,40
https://www.escukrainesupport.com,False,200,False,False,False,False,True,False,55
https://www.ukrainerelief.org.uk,False,200,False,False,False,False,False,False,0
https://www.musiciansunitedforukraine.org,False,200,False,False,False,False,True,False,55
https://www.ukrainerevival.com,False,200,False,False,False,False,True,False,75
https://www.witneyukrainesupport.org,False,200,False,False,False,False,True,False,55
https://www.victory4ukraine.mobi,False,200,True,False,False,False,True,False,90
https://www.ukrainianschoolnp.com.au,False,200,False,False,False,False,True,False,55
https://www.glory4ukraine.biz,False,200,True,False,False,False,True,False,90
https://www.victoryforukraine.biz,False,200,True,False,False,False,True,False,90
https://www.glorytoukraine.mobi,False,200,True,False,False,False,True,False,90
https://www.libertyukraine.org,False,200,False,False,False,False,False,False,0
https://www.glory2ukraine.info,False,200,True,False,False,False,True,False,90
https://www.glory4ukraine.com,False,200,True,False,False,False,True,False,90
https://www.ukraine-sos.eu,False,301,False,False,False,False,True,False,82
https://www.ukrainianyouthclub.org,False,200,False,False,False,False,False,False,0
https://www.glory2ukraine.biz,False,200,True,False,False,False,True,False,90
https://www.victory4ukraine.org,False,200,True,False,False,False,True,False,90
https://www.victory4ukraine.biz,False,200,True,False,False,False,True,False,90
https://www.glory4ukraine.org,False,200,True,False,False,False,True,False,90
https://www.victoryforukraine.info,False,200,True,False,False,False,True,False,90
https://www.glory2ukraine.mobi,False,200,True,False,False,False,True,False,90
https://www.us-ukraine.org,False,200,False,False,False,False,False,False,0
https://www.glorytoukraine.biz,False,200,True,False,False,False,True,False,90
https://www.victory4ukraine.info,False,200,True,False,False,False,True,False,90
https://www.ukrainiangallerists.org,False,200,False,False,False,False,False,False,0
https://www.dktech4ukraine.com,False,200,False,False,False,False,False,False,0
https://www.ukrainianyouthclub.com,False,200,False,False,False,False,False,False,0
https://www.glory4ukraine.info,False,200,True,False,False,False,True,False,90
https://www.startupforukraine.com,False,403,False,False,False,False,False,False,0
https://www.victorytoukraine.net,False,200,True,False,False,False,True,False,90
https://www.devsforukraine.io,False,200,False,False,False,False,True,False,55
https://www.glorytoukraine.co,False,200,True,False,False,False,True,False,90
https://www.ukrainewar.blog,False,200,False,False,False,False,True,False,55
https://www.ukrainer-aufnehmen.de,False,200,False,False,False,False,True,False,82
https://www.unitedwithukraine.org.uk,False,200,False,False,False,False,False,False,0
https://www.pointofukraine.eu,False,200,False,False,False,False,True,False,61
https://www.ukraineonline.dk,False,200,False,False,False,False,True,False,25
https://www.box4ukraine.com,False,200,False,False,False,False,False,False,0
https://www.theukrainepod.com,False,200,True,False,False,False,True,False,77
https://www.diyukraine.org,False,200,False,False,False,False,False,False,0
https://www.victory4ukraine.com,False,200,True,False,False,False,True,False,90
https://www.ukrainiansinalberta.ca,False,301,False,False,False,False,False,False,0
https://www.foodrun2ukraine.com,False,200,False,False,False,False,False,False,0
https://www.glorytoukraine.us,False,200,True,False,False,False,True,False,90
https://www.ukraineguardian.org,False,200,False,False,False,False,False,False,77
https://www.victoryforukraine.com,False,200,True,False,False,False,True,False,90
https://www.ukrainianfarmersonly.com,False,200,False,False,False,False,True,False,55
https://www.americanukraine.org,False,200,False,False,False,False,True,False,55
https://www.jobsforukraine.co,False,200,True,False,False,False,True,False,99
https://www.math-suport-ukraine.jp,False,200,False,False,False,False,False,False,0
https://www.icareukraine.org,False,200,False,False,False,False,True,False,55
https://www.ukrainianstamps.com,False,200,True,False,False,False,True,False,99
https://www.ukrainehilfekonstanz.de,False,200,False,False,False,False,True,False,72
https://www.gpc-ukraine.com,False,200,False,False,False,False,False,False,0
https://www.ukraine-matters.org,False,200,False,False,False,False,True,True,75
https://www.ukrainepetrescue.com,False,301,False,False,False,False,True,False,55
https://www.momentsofrefuge-ukraine.com,False,200,False,False,False,False,True,False,55
https://www.ukhelpforukraine.com,False,200,False,False,False,False,False,False,0
https://www.ukrainestamps.com,False,200,True,False,False,False,True,False,99
https://www.torbayukraine.co.uk,False,200,False,False,False,False,False,False,0
https://www.ukraine-rp.online,False,200,False,False,False,False,True,False,75
https://www.indianasupportsukraine.org,False,200,False,False,False,False,False,False,0
https://www.starfishukraine.com,False,200,False,False,False,False,True,False,55
https://www.ukrainehilfe-stmarien.de,False,200,False,False,False,False,False,False,0
https://www.stichtinghelp-ukraine.com,False,200,False,False,False,False,True,False,75
https://www.evacuaid-ukraine.org,False,200,False,False,False,False,True,False,55
https://www.standwiththeukraine.com,False,200,False,False,False,False,True,False,55
https://www.ukraine-declaration.org,False,200,False,False,False,False,False,False,0
https://www.artandsoulofukraine.org,False,200,False,False,False,False,False,False,0
https://www.tineco-ukraine.com,False,200,False,False,False,False,False,False,0
https://www.houseofukraine.se,False,200,False,False,False,False,False,False,0
https://www.ukraineplebeianhelpers.com,False,301,False,False,False,False,False,False,0
https://www.4ukraine.org.uk,False,403,False,False,False,False,False,False,0
https://www.valerias-ukraine.de,False,200,False,False,False,False,True,False,75
https://www.dressesforukraine.org,False,200,False,False,False,False,False,False,0
https://www.welcome-ukrainian.de,False,200,False,False,False,False,True,False,82
https://www.helpingukraine.us,False,301,False,False,False,False,True,False,55
https://www.intouchukraine.com,False,200,False,False,False,False,True,False,72
https://www.robinhoodukraine.org,False,200,False,False,False,False,False,False,0
https://www.boldukraine.org,False,200,False,False,False,False,True,False,61
https://www.ukrainebibles.com,False,301,False,False,False,False,False,False,0
https://www.amsinukraine.org,False,200,True,False,False,False,True,False,77
https://www.oneplanetforukraine.com,False,200,False,False,False,False,False,False,0
https://www.ukrainenewsstories.com,False,301,False,False,False,False,False,False,0
https://www.freedomtoukraine.org,False,200,True,False,False,False,True,False,99
https://www.standforukraine.org,False,200,True,False,False,False,True,False,90
https://www.4ukraine.eu,False,200,False,False,False,False,False,False,0
https://www.ukrainedeutschland.de,False,200,False,False,False,False,True,False,75
https://www.donateukraine.eu,False,200,False,False,False,False,False,False,0
https://www.helptheukraine.com,False,200,False,False,False,False,False,False,0
https://www.prayforukraine.net,False,200,True,False,False,False,True,False,90
https://www.supportukraine.shop,False,200,False,False,False,False,True,False,61
https://www.ukrainewar24.com,False,200,False,False,False,False,False,False,40
https://www.weareukraine.org,False,200,True,False,False,False,True,False,90
https://www.unterkunft-ukraine.de,False,307,False,False,False,False,True,False,55
https://www.ukrainesupportfund.com,False,200,True,False,False,False,True,False,90
https://www.helpukrainetoday.com,False,200,True,False,False,False,True,False,77
https://www.ukrainenotalone.com,False,200,False,False,False,False,True,False,75
https://www.focusonukraine.info,False,200,False,False,False,False,True,False,55
https://www.ukrainerebuildfund.com,False,200,True,False,False,False,True,False,90
https://www.ukrainesolutions.com,False,200,False,False,False,False,False,False,0
https://www.supportukraine-eberswalde.de,False,200,False,False,False,False,True,False,82
https://www.forukraine.eu,False,200,False,False,False,False,True,False,61
https://www.helpukraine.cz,False,200,False,False,False,False,False,False,35
https://www.standwithukraine.io,False,200,True,False,False,False,True,False,99
https://www.helpukraine.me,False,200,False,False,False,False,False,False,40
https://www.ukrainehelp.net,False,200,True,False,False,False,True,False,99
https://www.myukraine.net,False,200,False,False,False,False,False,False,0
https://www.standwithukraine.co.uk,False,200,True,False,False,False,True,False,99
https://www.supportukraine.nl,False,200,False,False,False,False,True,False,75
https://www.standwithukrainenow.org,False,200,False,False,False,False,True,False,55
https://www.lettersfromukraine.org,False,200,False,False,False,False,True,False,55
https://www.helpsaveukraine.org,False,200,False,False,False,False,True,False,55
https://www.withukraine.org,False,200,False,False,False,False,False,False,0
https://www.helpukraine.us,False,200,True,True,False,False,True,False,85
https://www.supportukraine.co.uk,False,200,True,False,False,False,True,False,99
https://www.ukraineglobaltaskforce.com,False,200,False,False,False,False,True,False,95
https://www.saveukraine.us,False,200,False,False,False,False,False,False,0
https://www.ukrainedao.love,False,403,False,False,False,False,True,False,95
https://www.helpforukraine.ca,False,200,False,False,False,False,True,False,55
https://www.leaveukraine.com,False,200,False,False,False,False,True,False,95
https://www.4ukraine.cz,False,200,False,False,False,False,False,False,35
https://www.helppeopleleaveukraine.org,False,200,False,False,False,False,True,False,82
https://www.ukrainiancamgirls.com,False,403,False,False,False,False,True,True,75
https://www.creatorsforukraine.org,False,200,False,False,False,False,False,False,0
https://www.supportukraine.love,False,200,False,False,False,False,False,False,0
https://www.ivyukraine.com,False,200,False,False,False,False,False,False,0
https://www.theworldforukraine.org,False,200,False,False,False,False,True,False,55
https://www.ukrainian.city,False,200,False,False,False,False,False,False,40
https://www.helpukraine.lv,False,200,False,False,False,False,False,False,35
https://www.actions-fondations-ukraine.org,False,200,False,False,False,False,True,False,25
https://www.voice4ukraine.com,False,200,False,False,False,False,False,False,0
https://www.apparelforukraine.com,False,200,False,False,False,False,True,False,55
https://www.ukraineforecasts.org,False,200,False,False,False,False,True,False,55
https://www.directaidukraine.org,False,200,False,False,False,False,False,False,0
https://www.ukraineforecasts.com,False,200,False,False,False,False,True,False,55
https://www.ukraine-hannover.com,False,200,False,False,False,False,False,False,0
https://www.xn--heidenheim-fr-ukraine-kic.de,False,200,False,False,False,False,False,False,0
https://www.russiaukraineinvasion.com,False,200,False,False,False,False,True,False,55
https://www.wirsindukraine.de,False,200,False,False,False,False,False,False,0
https://www.creatorsforukraine.eu,False,200,False,False,False,False,False,False,0
https://www.linguistics-for-ukraine.de,False,200,True,False,False,False,True,False,77
https://www.ukraineobserver.earth,False,200,False,False,False,False,False,False,0
https://www.teamukrainelove.com,False,200,False,False,False,False,True,False,55
https://www.helpukraine.lt,False,200,False,False,False,False,True,False,61
https://www.radiofreeukraine.com,False,200,False,False,False,False,True,False,61
https://www.wedemark-ukraine.de,False,200,False,False,False,False,False,False,0
https://www.russiatakesukraine.com,False,200,True,False,False,False,True,False,77
https://www.ukraine-valais.ch,False,200,False,False,False,False,False,False,0
https://www.jobsforukraine.net,False,200,False,False,False,False,False,False,0
https://www.be-ukraine.de,False,200,False,False,False,False,False,False,0
https://www.helptoukraine.pt,False,200,False,False,False,False,True,False,55
https://www.ukraine-ansbach.de,False,200,False,False,False,False,False,False,0
https://www.thefallofukraine.com,False,200,True,False,False,False,True,False,77
https://www.helpanimalsinukraine.com,False,200,False,False,False,False,False,False,0
https://www.yogaunitedforukraine.org,False,200,False,False,False,False,False,False,0
https://www.courageousukrainians.com,False,200,True,False,False,False,True,False,90
https://www.ukrainealarm.com,False,200,False,False,False,False,True,False,55
https://www.aid4ukraine2022.com,False,200,False,False,False,False,True,False,55
https://www.ukraineaidandrebuildingfundinc.com,False,200,False,False,False,False,True,False,55
https://www.ukrainecrisissuppliesdrive.com,False,200,False,False,False,False,True,False,55
https://www.aubersensemblepourukraine.fr,False,200,False,False,False,False,False,False,0
https://www.ukrainiansinitaly.com,False,200,False,False,False,False,False,False,0
https://www.ukrainehelpvi.ca,False,301,False,False,False,False,False,False,0
https://www.warstoriesukraine.com,False,200,False,False,False,False,False,False,0
https://www.artistsforukraine.xyz,False,200,False,False,False,False,True,False,55
https://www.help-ukraine.us,False,200,False,False,False,False,True,False,95
https://www.uk-for-ukraine.org,False,200,False,False,False,False,True,False,78
https://www.ukrainianefforts.org,False,200,False,False,False,False,False,False,0
https://www.mealsforukraine.com,False,423,False,False,False,False,True,False,75
https://www.ukrainefurniturerental.com,False,200,False,False,False,False,False,False,0
https://www.support-ukraine.biz,False,200,False,False,False,False,True,False,78
https://www.ukrainechristian.com,False,200,False,False,False,False,False,False,0
https://www.isc-ukraine.com,False,200,False,False,False,False,False,False,0
https://www.friendsforukraine.org,False,200,False,False,False,False,False,False,0
https://www.ukrainehilfe-jesaja58.de,False,200,False,False,False,False,False,False,0
https://www.furniturerentalukraine.com,False,200,False,False,False,False,False,False,0
https://www.untoitpourlukraine.org,False,200,False,False,False,False,False,False,0
https://www.friendsforukraine.de,False,200,False,False,False,False,False,False,0
https://www.ukrainehilfe-lindau.com,False,200,False,False,False,False,False,False,35
https://www.streetsforukraine.org,False,200,False,False,False,False,True,False,61
https://www.water4ukraine.de,False,200,False,False,False,False,False,False,0
https://www.istandwithukraine.care,False,200,False,False,False,False,True,False,55
https://www.paintballukraine.com,False,200,False,False,False,False,True,False,61
https://www.helpingukrainianchildren.org.uk,False,200,False,False,False,False,False,False,0
https://www.ukraineclinicalguidance.com,False,200,False,False,False,False,True,False,55
https://www.aidukrainefund.org,False,200,False,False,False,False,True,False,55
https://www.unicefukrainedonate.com,False,200,False,False,False,False,True,False,75
https://www.ukraineaid.group,False,200,False,False,False,False,False,False,0
https://www.ukraine-regensburg.de,False,301,False,False,False,False,True,False,55
https://www.coachesforukraine.com,False,200,False,False,False,False,True,False,55
https://www.ukrainianmedicare.com,False,200,False,False,False,False,False,False,0
https://www.swiss4ukraine.org,False,200,False,False,False,False,False,False,0
https://www.buyforukraine.com,False,200,False,False,False,False,True,False,55
https://www.ukrainetomorrow.org,False,200,True,False,False,False,True,False,77
https://www.unitingforukrainerv.org,False,200,False,False,False,False,False,False,0
https://www.donateinukraine.org,False,200,False,False,False,False,False,False,0
https://www.xn--waffenfrdieukraine-s6b.com,True,200,False,False,True,True,True,False,100
https://www.futurukraine.com,False,200,False,False,False,False,False,False,0
https://www.ukraine-speaks.com,False,200,False,False,False,False,False,False,0
https://www.ukraine-connected.org,False,200,False,False,False,False,True,False,25
https://www.ukraineinnot.com,False,200,False,False,False,False,True,False,61
https://www.ukrainian-center.com.pl,False,200,False,False,False,False,False,False,35
https://www.artpeaceukraine.com,False,200,False,False,False,False,False,False,0
https://www.forukrainepeople.com,False,200,False,False,False,False,False,False,0
https://www.ukrainianvoices.org,False,200,True,False,False,False,True,False,90
https://www.lavoixdelukraine.fr,False,200,False,False,False,False,True,False,82
https://www.saveukrainianchildren.charity,False,200,False,False,False,False,False,False,0
https://www.hoverlafranceukraine.com,False,200,False,False,False,False,True,False,55
https://www.ukrainehilferuf.ch,False,200,False,False,False,False,False,False,0
https://www.reformukraine.com,False,200,False,False,False,False,True,False,61
https://www.ukrainetshirt.org,False,200,False,False,False,False,True,False,55
https://www.fundukrainians.com,False,200,True,False,False,False,True,False,95
https://www.ukraine24.com.ua,False,200,False,False,False,False,False,False,35
https://www.ukrainehilferufe.ch,False,200,False,False,False,False,False,False,0
https://www.rebuildingukrainetogether.com,False,200,False,False,False,False,False,False,0
https://www.notaloneukraine.com,False,200,False,False,False,False,True,False,55
https://www.shopsmartforukraine.com,False,200,False,False,False,False,True,False,55
https://www.georgiasart4ukraine.com,False,200,False,False,False,False,True,False,61
https://www.ukrainianhata.org,False,200,False,False,False,False,False,False,0
https://www.razomukraine.com,False,200,True,False,False,False,True,True,95
https://www.ukrainian.men,False,200,False,False,False,False,True,True,75
https://www.wayofukraine.org,False,200,False,False,False,False,False,False,0
https://www.ukrainereconstructionfund.org,False,200,False,False,False,False,False,False,0
https://www.moe-ukraine.info,False,200,False,False,False,False,False,False,44
https://www.1to1ukrainemuseums.org,False,200,False,False,False,False,True,False,55
https://www.orthopedichelpukraine.org,False,200,False,False,False,False,True,False,55
https://www.chicago4ukraine.com,False,200,False,False,False,False,True,False,55
https://www.bikes4ukraine.org,False,200,False,False,False,False,False,False,0
https://www.glorytoukraine.shop,False,200,True,False,False,False,True,False,77
https://www.sustainukraine.info,False,200,True,False,False,False,True,False,77
https://www.moyaukraine.org,False,200,False,False,False,False,False,False,0
https://www.sustainukrainebook.org,False,200,True,False,False,False,True,False,77
https://www.sustainukrainebook.com,False,200,True,False,False,False,True,False,77
https://www.ukrainesustain.org,False,200,True,False,False,False,True,False,77
https://www.saveukraineua.org,False,200,False,False,False,False,True,False,88
https://www.isupportukraine.net,False,200,False,False,False,False,True,False,55
https://www.ffukraine.com,False,200,False,False,False,False,False,False,0
https://www.estoniasingsforukraine.org,False,200,False,False,False,False,False,False,0
https://www.unitedforukrainenft.com,False,200,False,False,False,False,True,False,55
https://www.waystohelpukraine.org,False,200,False,False,False,False,False,False,0
https://www.ukrainefightingcats.com,False,200,False,False,False,False,False,False,0
https://www.bocahelpsukraine.org,False,200,False,False,False,False,True,False,55
https://www.ukrainesustain.com,False,200,True,False,False,False,True,False,77
https://www.odbudujemyukraine.pl,False,200,False,False,False,False,False,False,35
https://www.riseofukraine.com,False,200,False,False,False,False,True,False,78
https://www.ukraineexports.com,False,200,True,False,False,False,True,False,99
https://www.ambulance2ukraine.blog,False,200,False,False,False,False,False,False,0
https://www.ukrainehilfe-heute.de,False,200,False,False,False,False,True,False,82
https://www.hopeukraine.us,False,301,False,False,False,False,False,False,0
https://www.memoriesforukraine.com,False,200,False,False,False,False,False,False,0
https://www.bellsforukraine.com,False,200,False,False,False,False,True,False,55
https://www.appukraine.com,False,200,False,False,False,False,False,False,0
https://www.ukrainiangoods.shop,False,200,False,False,False,False,False,False,40
https://www.wingsukrainehub.com,False,200,False,False,False,False,True,False,55
https://www.ukrainesupport.jp,False,200,False,False,False,False,False,False,0
https://www.ukrainesupportmerch.com,False,200,False,False,False,False,True,False,82
https://www.yeg4ukraine.org,False,403,False,False,False,False,True,False,75
https://www.ifuckingloveukraine.com,False,200,False,False,False,False,False,True,0
https://www.reunitedukraine.com,False,200,True,False,False,False,True,False,90
https://www.channelukraine.com,False,200,False,False,False,False,True,False,95
https://www.gettogetherforukraine.com,False,200,False,False,False,False,False,False,0
https://www.aiderlukraine.org,False,200,False,False,False,False,False,False,0
https://www.myukraine.org,False,200,False,False,False,False,False,False,0
https://www.ukrainedailynews.com,False,200,False,False,False,False,False,False,0
https://www.investinukraine.eu,False,200,True,False,False,False,True,False,99
https://www.goukraine.org,False,200,False,False,False,False,True,False,55
https://www.ukraine2030.eu,False,200,False,False,False,False,False,False,0
https://www.ukrainemeals.org,False,200,False,False,False,False,False,False,0
https://www.fight4ukraine.org,False,200,False,False,False,False,True,False,55
https://www.tech4ukraine.org,False,200,False,False,False,False,True,False,55
https://www.weallstandwithukraine.com,False,200,False,False,False,False,False,False,0
https://www.ukraine2022.eu,False,200,False,False,False,False,False,False,0
https://www.ukraine-war.info,False,200,False,False,False,False,True,False,95
https://www.vc4ukraine.org,False,200,False,False,False,False,True,False,82
https://www.ukrainemeal.org,False,200,False,False,False,False,False,False,0
https://www.volunteersforukraine.org,False,200,False,False,False,False,False,False,0
https://www.bakeforukraine.org,False,200,False,False,False,False,False,False,0
https://www.ukrainemeals.com,False,200,False,False,False,False,False,False,0
https://www.filmmakers-for-ukraine.com,False,200,False,False,False,False,True,False,35
https://www.hilfswerk-ukraine.ch,False,200,False,False,False,False,False,False,0
https://www.ukrainehilfe.koeln,False,200,False,False,False,False,False,False,0
https://www.tech4ukraine.info,False,200,False,False,False,False,True,False,55
https://www.for-ukraine.org,False,200,False,False,False,False,False,False,77
https://www.humaneukraine.org,False,200,False,False,False,False,False,False,0
https://www.saveliveinukraine.com,False,200,False,False,False,False,True,False,55
https://www.translatorsforukraine.eu,False,200,False,False,False,False,False,False,40
https://www.ukraine-goerlitz.de,False,200,False,False,False,False,False,False,0
https://www.contactsforukrainians.art,False,200,False,False,False,False,True,False,55
https://www.wesupportukrainenft.com,False,200,False,False,False,False,False,False,0
https://www.fightforukraine.xyz,False,200,False,False,False,False,True,False,88
https://www.hope4ukraine.net,False,200,False,False,False,False,True,False,55
https://www.koelnhilftukraine.koeln,False,200,False,False,False,False,False,False,0
https://www.ukrainehilfe-gr.ch,False,200,False,False,False,False,False,False,0
https://www.standukraine.com,False,200,False,False,False,False,False,False,0
https://www.cfukraine.org.uk,False,200,False,False,False,False,False,False,77
https://www.fundforukraine.org,False,200,False,False,False,False,False,False,0
https://www.waldorf-hilft-ukraine.de,False,200,False,False,False,False,False,False,0
https://www.ukrainiandemocracy.com,False,200,True,False,False,False,True,False,40
https://www.ukraine-support.de,False,200,False,False,False,False,True,False,55
https://www.help-ukraine.nu,False,200,False,False,False,False,False,False,0
https://www.helpukraine.cloud,False,200,False,False,False,False,True,False,75
https://www.help-ukraine.today,False,200,False,False,False,False,False,False,77
https://www.supporting-ukraine.com,False,200,False,False,False,False,True,False,55
https://www.ukrainewillprevail.com,False,200,False,False,False,False,True,False,75
https://www.hopeukraine.it,False,200,False,False,False,False,False,False,0
https://www.ukrainemeal.com,False,200,False,False,False,False,False,False,0
https://www.ukrainehelp.at,False,200,False,False,False,False,False,False,0
https://www.reliefukraine.com,False,301,True,False,False,False,True,False,99
https://www.standstrongukraine.com,False,200,True,False,False,False,True,False,90
https://www.aidukraine.dk,False,200,False,False,False,False,False,False,0
https://www.ukrainiansupport.com,False,301,False,False,False,False,False,False,0
https://www.saveukrainetoday.org,False,200,False,False,False,False,False,False,0
https://www.ukrainian.com.au,False,200,True,False,False,False,True,False,95
https://www.ukrainehelp.center,False,200,False,False,False,False,True,False,61
https://www.sport4ukraine.de,False,200,False,False,False,False,True,False,55
https://www.weukraine.fr,False,200,False,False,False,False,False,False,0
https://www.help-ukraine.help,False,200,False,False,False,False,True,False,72
https://www.unitewithukraine.com,False,200,False,False,False,False,False,False,0
https://www.viaregia-ukrainehilfe.de,False,200,False,False,False,False,True,False,82
https://www.artforukraine.world,True,200,False,False,False,True,True,False,88
https://www.wordsofukraine.com,False,200,False,False,False,False,True,False,55
https://www.ukraine-refugee-shuttle.com,False,200,False,False,False,False,False,False,0
https://www.help-for-rivne-ukraine.org,False,301,False,False,False,False,True,False,82
https://www.ukraine-relief-aid.org,False,401,False,True,False,False,True,False,85
https://www.donate-ukraine.live,False,200,False,False,False,False,True,False,75
https://www.aideukraine.fr,False,200,False,False,False,False,False,False,0
https://www.ukrainemerch.com,False,200,False,False,False,False,True,False,75
https://www.ukrainians.gr,False,200,False,False,False,False,False,False,35
https://www.ukraine-org.com,False,200,False,False,False,False,False,False,0
https://www.helpukraine.com.pl,False,301,False,False,False,False,False,False,35
https://www.helpforukraine.at,False,200,False,False,False,False,False,False,0
https://www.aidonslukraine.org,False,200,False,False,False,False,True,False,55
https://www.shopforukraine.com,False,200,False,True,False,False,True,False,88
https://www.om-fuer-ukraine.de,False,200,False,False,False,False,False,False,0
https://www.projectsunflowerukraine.com,False,200,False,False,False,False,True,False,55
https://www.sunflowersforukraine.ca,False,200,False,False,False,False,False,False,0
https://www.help-ukraine-win.com,False,200,False,False,False,False,True,False,95
https://www.ukrainianstogether.nl,False,301,False,False,False,False,False,False,0
https://www.ukrainian-food.nl,False,200,False,False,False,False,True,False,78
https://www.ny4ukraine.com,False,200,False,False,False,False,False,False,0
https://www.stichting-helpukraine.nl,False,200,False,False,False,False,True,False,75
https://www.sex-v-ukraine.online,False,200,False,False,False,False,True,True,95
https://www.ukraineready.com,False,200,True,False,False,False,True,False,90
https://www.toukraine.info,False,200,False,False,False,False,True,False,75
https://www.donetskukraine.com,False,200,True,False,False,False,True,False,90
https://www.ukrainian-bizhentsi-prykhystok-waldkirch.com,False,200,False,False,False,False,False,False,0
https://www.kpactforukraine.org,False,200,False,False,False,False,True,False,82
https://www.hoffnung4ukraine.de,False,200,False,False,False,False,False,False,35
https://www.k-pactforukraine.org,False,200,False,False,False,False,True,False,82
https://www.agsa-ukraine-hilfe.de,False,200,False,False,False,False,False,False,35
https://www.meestforukraine.org,False,200,False,False,False,False,True,False,55
https://www.loveukraine.ca,False,200,False,False,False,False,True,False,75
https://www.housing-ukraine-refugees-waldkirch.com,False,200,False,False,False,False,False,False,0
https://www.ukrainesupport.it,False,200,False,False,False,False,True,False,55
https://www.helpukrainiansistanbul.org,False,200,False,False,False,False,True,False,55
https://www.ukraine-refugees-shelter-waldkirch.com,False,200,False,False,False,False,False,False,0
https://www.ukraine-support.it,False,200,False,False,False,False,True,False,55
https://www.fm4ukraine.com,False,301,False,False,False,False,False,False,0
https://www.a4-ukraine.com,False,200,False,False,False,False,False,False,0
https://www.ukrainianstudiesfund.net,False,200,True,False,False,False,True,False,77
https://www.act-for-ukraine.co,False,200,False,False,False,False,False,False,0
https://www.ukrainianstudiesfund.org,False,200,True,False,False,False,True,False,77
https://www.intim-ukraine.online,False,200,False,False,False,False,True,True,75
https://www.ukrainevolya.org,False,200,False,False,False,False,False,False,0
https://www.ukrainer-in-deutschland.com,False,200,False,False,False,False,False,False,0
https://www.ukrainianstudiesfund.com,False,200,True,False,False,False,True,False,77
https://www.heroesukraine.org,False,200,False,False,False,False,False,False,0
https://www.intim-dosug-ukraine.online,False,0,False,False,False,False,True,True,92
https://www.standwukraine.org,False,200,False,False,False,False,False,False,40
https://www.aidforsouthernukraine.com,False,200,False,False,False,False,False,False,0
https://www.sex-obyava-ukraine.online,False,200,False,False,False,False,True,True,95
https://www.ukraineballetbenefit.com,False,200,False,False,False,False,True,False,61
https://www.ukrainianarsenalofliberty.org,False,200,False,False,False,False,False,False,0
https://www.volyaukraine.org,False,200,False,False,False,False,False,False,0
https://www.nh4ukraine.org,False,200,False,False,False,False,False,False,0
https://www.helpukraine.community,False,200,False,False,False,False,False,False,0
https://www.ukraine-hilfe-sachsen-anhalt.org,False,200,False,False,False,False,False,False,0
https://www.helpukrainearmynow.com,False,200,False,False,False,False,True,False,55
https://www.volyaukraine.com,False,200,False,False,False,False,False,False,0
https://www.opentoukraine.se,False,200,False,False,False,False,True,False,35
https://www.wearefromukraine.info,False,200,False,False,False,False,False,False,40
https://www.neighborsofukraine.org,False,200,False,False,False,False,True,False,55
https://www.ukraine-europe.info,False,200,False,False,False,False,True,False,55
https://www.foundation-ukraine.org,False,200,False,False,False,False,False,False,0
https://www.drivingaidtoukraine.org,False,200,False,False,False,False,True,False,55
https://www.batsukraine.org,False,200,False,False,False,False,False,False,0
https://www.brokerforukrainians.com,False,200,False,False,False,False,False,False,0
https://www.scotland4ukraine.org,False,200,False,False,False,False,True,False,55
https://www.shopukrainian.org,False,200,False,False,False,False,True,False,55
https://www.ukraine-journal.de,False,200,True,True,False,False,True,False,85
https://www.operaforukraine.org,False,200,False,False,False,False,True,False,55
https://www.ukrainewien.com,False,200,False,False,False,False,False,False,0
https://www.ukrainian.school,False,200,False,False,False,False,False,False,0
https://www.flagofukraine.org,False,200,False,False,False,False,True,False,75
https://www.ukrainehilfe-weiden.de,False,200,False,False,False,False,True,False,55
https://www.support-for-ukraine.org,False,200,False,False,False,False,False,False,0
https://www.ukrainebusiness.net,False,200,True,False,False,False,True,False,99
https://www.ukrainianfuture.org,False,301,False,False,False,False,False,False,0
https://www.ukrainecorridor.org,False,200,False,False,False,False,False,False,0
https://www.together-for-ukraine.co.uk,False,200,False,False,False,False,False,False,0
https://www.aidukraine.org.uk,False,301,False,False,False,False,False,False,0
https://www.pawsforukraine.org,False,200,False,False,False,False,True,False,55
https://www.supportukrainewithus.org,False,200,False,False,False,False,False,False,0
https://www.webackukraine.org,False,200,False,False,False,False,True,False,75
https://www.sobornaukraine.org,False,200,False,False,False,False,False,False,0
https://www.infosammlung-ukraine.net,False,200,False,False,False,False,False,False,0
https://www.usukrainianactivists.com,False,200,False,False,False,False,False,False,85
https://www.futureofukraine.com,False,200,True,False,False,False,True,False,90
https://www.theukraineappeal.org,False,200,False,False,False,False,True,False,82
https://www.ukrainiansni.org.uk,False,200,False,False,False,False,False,False,0
https://www.sportforchildrenofukraine.org,False,200,True,False,False,False,True,False,77
https://www.save-ukraine.icu,False,200,False,False,False,False,False,False,40
https://www.bringthemhomeukraine.com,False,200,False,False,False,False,True,False,75
https://www.vtsunflowers4ukraine.org,False,200,False,False,False,False,False,False,0
https://www.pawsforukraine.com,False,200,False,False,False,False,True,False,55
https://www.ukrainian-jobseekers.co.uk,False,200,False,False,False,False,True,False,55
https://www.amsterdam4ukraine.com,False,200,False,False,False,False,False,False,0
https://www.canadahelpsukraine.ca,False,200,False,False,False,False,True,False,55
https://www.ridewithukraine.eu,False,200,False,False,False,False,False,False,0
https://www.supportukraine.jp,False,200,False,False,False,False,False,False,0
https://www.heljenshilftukraine.de,False,200,False,False,False,False,True,False,82
https://www.rebuild-ukraine.at,False,200,False,False,False,False,True,False,82
https://www.withukraine.lt,False,200,False,False,False,False,False,False,40
https://www.usukrainianactivists.org,False,200,False,False,False,False,False,False,85
https://www.ukraine.ch,False,308,False,False,False,False,False,False,0
https://www.bauerukraine.com,False,200,False,False,False,False,False,False,0
https://www.ukrainianpeace.org,False,200,False,False,False,False,True,False,55
https://www.forukraine.world,False,200,False,False,False,False,True,False,55
https://www.ukrainehilfemitherz.ch,False,200,False,False,False,False,False,False,0
https://www.ukrainehilfe-neumarkt.de,False,200,False,False,False,False,True,False,75
https://www.helvetiaforukraine.ch,False,200,False,False,False,False,False,False,0
https://www.unitedforukraine.org.uk,False,200,False,False,False,False,False,False,0
https://www.ukrainerun.org,False,200,False,False,False,False,False,False,0
https://www.aidingukraine.org,False,200,False,False,False,False,False,False,0
https://www.pray4ukraine.pp.ua,False,200,False,True,False,False,True,False,91
https://www.helpukrainehub.com,False,200,False,False,False,False,True,False,95
https://www.ukraine-hilfe-mainfranken.de,False,200,False,False,False,False,True,False,82
https://www.zusammen-fuer-die-ukraine.de,False,200,False,False,False,False,True,False,82
https://www.humanitarian4ukraine.com,False,200,False,False,False,False,True,False,55
https://www.ukrainian-sumo.com,False,200,False,False,False,False,True,False,55
https://www.borninukrainewar.com,False,200,False,False,False,False,True,False,55
https://www.scranton4ukraine.org,False,200,False,False,False,False,True,False,55
https://www.openeyesforukraine.org,False,0,False,False,False,False,True,False,55
https://www.directsupportforukraine.com,False,200,False,False,False,False,False,False,0
https://www.ukrainianhub.eu,False,200,False,False,False,False,True,False,55
https://www.ukrainiansteppe.org,False,200,False,False,False,False,False,False,0
https://www.futureforukraine.eu,False,200,False,False,False,False,False,False,35
https://www.ancientukrainianornament.art,False,200,False,False,False,False,False,False,0
https://www.plebeianhelpersforukraine.com,False,301,False,False,False,False,False,False,0
https://www.mccukraine.com,False,200,False,False,False,False,True,False,55
https://www.ukrainian-medical-services.co.uk,False,200,False,False,False,False,True,False,88
https://www.urgence-ukraine.fr,False,200,False,False,False,False,False,False,0
https://www.traumatherapyukraine.nl,False,200,False,False,False,False,False,False,0
https://www.kalyna-ukraine.com,False,200,False,False,False,False,False,False,0
https://www.istandwithukraine.clothing,False,200,False,False,False,False,True,False,55
https://www.myukrainestories.net,False,200,False,False,False,False,False,False,0
https://www.myukrainestories.com,False,200,False,False,False,False,False,False,0
https://www.redlineukraine.net,False,200,False,False,False,False,False,False,0
https://www.ukraineunfiltered.net,False,200,False,False,False,False,False,False,0
https://www.solidarite-ukrainelyon.org,False,200,False,False,False,False,False,False,0
https://www.allaboutukraine.com,False,200,True,False,False,False,True,False,99
https://www.ukrainehopetv.org,False,200,True,False,False,False,True,False,77
https://www.solukraine.com,False,200,False,False,False,False,False,False,0
https://www.freeukraine.life,False,200,False,False,False,False,False,False,0
https://www.ukrainianpatriot.org,False,301,False,False,False,False,False,False,0
https://www.wearefromukraine.org,False,200,False,False,False,False,False,False,0
https://www.galapagosinukraine.com,False,200,False,False,False,False,False,False,0
https://www.ukrainiancoffee.com,False,200,True,False,False,False,True,False,99
https://www.ukraine2022photos.com,False,200,False,False,False,False,True,False,55
https://www.ukrainefrance.org,False,200,False,False,False,False,True,False,82
https://www.ukraine-nhg.de,False,404,False,False,False,False,False,False,0
https://www.inklusion-ukraine.de,False,200,False,False,False,False,False,False,0
https://www.ukrainiantogo.com,False,200,False,False,False,False,False,False,0
https://www.homesforukraine.co.uk,False,200,False,False,False,False,True,False,35
https://www.bruecke-ukrainehilfe.com,False,200,False,False,False,False,False,False,0
https://www.rotaryfuerukraine.at,False,200,False,False,False,False,True,False,72
https://www.moinukraine.de,False,200,False,False,False,False,True,False,75
https://www.floridiansforukraine.org,False,200,False,False,False,False,True,False,55
https://www.talentukraine.com,False,200,False,False,False,False,False,False,0
https://www.homesforukrainians.co.uk,False,200,False,False,False,False,False,False,40
https://www.voicesforukraine.org,False,200,False,False,False,False,True,False,55
https://www.friendsforukraine.com,False,200,False,False,False,False,False,False,0
https://www.homesforukraine.org.uk,False,200,False,False,False,False,False,False,0
https://www.rotary-fuer-ukraine.at,False,200,False,False,False,False,True,False,72
https://www.berlin-for-ukraine.de,False,200,False,False,False,False,True,False,82
https://www.ukraine-erz.de,False,200,False,False,False,False,True,False,61
https://www.ukrainian.space,False,200,False,False,False,False,True,False,55
https://www.ukrainemint.com,False,200,False,False,False,False,False,False,0
https://www.supportukraine.fr,False,200,False,False,False,False,True,False,75
https://www.ukrainefundation.org,False,200,False,False,False,False,True,False,55
https://www.why-ukraine.info,False,200,False,False,False,False,True,False,75
https://www.sex-ukraine.store,False,200,False,False,False,False,True,True,75
https://www.ukrainer.info,False,200,False,False,False,False,False,False,40
https://www.help-ukraine-montreux.ch,False,200,False,False,False,False,False,False,0
https://www.sex-ukraine.mobi,False,200,False,False,False,False,True,True,55
https://www.weukrainians.org,False,200,False,False,False,False,False,False,35
https://www.ukrainehilfe-parsberg.de,False,200,False,False,False,False,False,False,0
https://www.ukrainedecoeur.com,False,200,False,False,False,False,True,False,72
https://www.giftsfromukraine.com,False,200,False,False,False,False,False,False,0
https://www.chiukraine.com,False,200,False,False,False,False,True,False,55
https://www.gloire-a-l-ukraine.org,False,301,False,False,False,False,False,False,77
https://www.howtoukraine.com,False,200,True,False,False,False,True,False,77
https://www.sosukraine.info,False,200,False,False,False,False,True,False,55
https://www.ukrainesenb.ca,False,200,False,False,False,False,True,False,61
https://www.absolutejobsforukraine.be,False,200,False,False,False,False,False,False,0
https://www.illustrateukraine.com,False,200,False,False,False,False,True,False,55
https://www.teens4ukraine.org,False,200,False,False,False,False,False,False,0
https://www.iamtheghostofukraine.com,False,200,False,False,False,False,False,False,0
https://www.cartooningsyria-ukraine.org,False,200,False,False,False,False,False,False,0
https://www.radioukraine.nl,False,301,False,False,False,False,False,False,0
https://www.greatukrainian.com,False,200,True,False,False,False,True,False,77
https://www.hireforukraine.com,False,200,False,False,False,False,True,False,55
https://www.ukraine-herz.at,False,200,False,False,False,False,True,False,82
https://www.loveukraineringwood.co.uk,False,200,False,False,False,False,True,False,55
https://www.ukrainereliefcoalition.org,False,200,False,False,False,False,True,False,55
https://www.ukrainehilfe-neulengbach.org,False,200,False,False,False,False,True,False,55
https://www.auraukraine.org,False,200,False,False,False,False,True,False,82
https://www.bplus-ukraine.com,False,200,False,False,False,False,True,False,55
https://www.americanukrainianfoundation.org,False,200,False,False,False,False,True,False,55
https://www.irelandukraine.com,False,200,False,False,False,False,False,False,0
https://www.ukrainian-filmmakers.com,False,200,False,False,False,False,False,False,0
https://www.ukrainedates.ch,False,200,False,False,False,False,True,False,55
https://www.americanukrainianfoundation.com,False,200,False,False,False,False,True,False,55
https://www.ukrainianmusicalliance.com,False,200,False,False,False,False,False,False,0
https://www.motherukraine.org,False,200,False,False,False,False,False,False,0
https://www.coachingforukraine.com,False,200,False,False,False,False,False,False,0
https://www.newsukrainetoday.ru,False,200,False,False,False,False,True,False,55
https://www.ukraine-hilfe-cherson.de,False,200,False,False,False,False,False,False,0
https://www.ourdailybreadukraine.nl,False,200,False,False,False,False,False,False,40
https://www.myukraine.us,False,200,False,False,False,False,True,False,55
https://www.perevod-ukraine.site,False,200,False,False,False,False,True,False,55
https://www.travel-ukraine.pl,False,200,False,False,False,False,True,False,75
https://www.direct4ukraine.org,False,200,False,False,False,False,False,False,35
https://www.visitukraine.pl,False,200,False,False,False,False,True,False,75
https://www.malvern4ukraine.co.uk,False,200,False,False,False,False,True,False,61
https://www.readukrainianbooks.com,False,200,False,False,False,False,True,False,61
https://www.ukrainianpoststamp.com,False,200,False,False,False,False,True,False,55
https://www.ukraine2.uk,False,200,False,False,False,False,True,False,61
https://www.savepeopleukraine.org,False,200,False,False,False,False,False,False,0
https://www.eco-ukraine.org,False,200,False,False,False,False,True,False,55
https://www.ukrainianwelcomecentre.org,False,200,False,False,False,False,False,False,0
https://www.lifeforukraine.org,False,200,True,False,False,False,True,False,77
https://www.ukrainianvesna.com,False,200,False,False,False,False,False,False,0
https://www.moseleyforukraine.org,False,200,False,False,False,False,True,False,55
https://www.forukraine.art,False,200,False,False,False,False,False,False,0
https://www.ukraine-haus.de,False,200,False,False,False,False,False,False,0
https://www.fightbackforukraine.com,False,200,False,False,False,False,True,False,55
https://www.ukrainemontreal.com,False,200,False,False,False,False,True,False,55
https://www.learnukrainian.co.uk,False,200,False,False,False,False,True,False,77
https://www.leipzigforukraine.de,False,200,False,False,False,False,False,False,0
https://www.hdforukraine.com,False,200,False,False,False,False,False,False,0
https://www.ukraine-online.info,False,403,False,False,False,False,True,False,55
https://www.theukrainianliberationfund.org,False,200,False,False,False,False,False,False,0
https://www.stemcellukraine.com,False,200,False,False,False,False,False,False,0
https://www.ukraine-tv.com,False,200,True,False,False,False,True,False,90
https://www.helpukrainians.ca,False,200,False,False,False,False,False,False,0
https://www.ukrainewartime.art,False,200,False,False,False,False,False,False,0
https://www.invadeukraine.org,False,200,False,False,False,False,False,False,0
https://www.ukraineai.com,False,200,True,False,False,False,True,False,99
https://www.staywithukraine.org,False,200,False,False,False,False,True,False,55
https://www.helpoutukraine.org,False,200,False,False,False,False,True,False,55
https://www.hope-for-ukraine.de,False,200,False,False,False,False,True,False,82
https://www.rebstein-hilft-ukraine.ch,False,200,False,False,False,False,False,False,40
https://www.wegbegleiter-ukraine.de,False,200,False,False,False,False,False,False,0
https://www.aidforukraine.co.uk,False,200,False,False,False,False,False,False,0
https://www.support-ukraine.fyi,False,200,False,False,False,False,True,False,55
https://www.occupyukraine.org,False,200,False,False,False,False,False,False,0
https://www.keepukrainestrong.org,False,200,False,False,False,False,True,False,55
https://www.supportukraine-pic.com,False,200,False,False,False,False,True,False,55
https://www.ukraine-deutschland.de,False,200,False,False,False,False,True,False,75
https://www.upukraine.com,False,0,False,False,False,False,True,False,92
https://www.thyforukraine.dk,False,200,False,False,False,False,False,False,0
https://www.unitewithukraine.net,False,200,False,False,False,False,True,False,77
https://www.ukrainian-football.com,False,200,False,False,False,False,True,False,55
https://www.caritas-fluechtlingshilfe-ukraine.de,False,200,False,False,False,False,True,False,55
https://www.ukrainealive.org,False,200,False,False,False,False,False,False,0
https://www.goods4ukraine.com,False,200,False,False,False,False,True,False,55
https://www.ukrainecompany.com,False,200,True,False,False,False,True,False,99
https://www.africansinukrainedao.com,False,200,False,False,False,False,True,False,55
https://www.welcome-ukraine.eu,False,200,True,False,False,False,True,False,82
https://www.saveukraine.network,False,200,False,False,False,False,True,False,35
https://www.helpukrainehub.org,False,200,False,False,False,False,False,False,0
https://www.ukrainesave.com,False,200,True,False,False,False,True,False,77
https://www.ukraineaid1.org,False,200,False,False,False,False,True,False,55
https://www.shareukraine.org,False,200,False,False,False,False,False,False,0
https://www.ukraine-hotline-bayern.de,False,200,False,False,False,False,True,False,35
https://www.hiretheukrainian.com,False,200,False,False,False,False,False,False,0
https://www.ukrainehilfe-lrahdh.de,False,200,False,False,False,False,False,False,0
https://www.queere-nothilfe-ukraine.de,False,200,False,False,False,False,False,False,0
https://www.bethesdaukrainianchurch.com,False,200,False,False,False,False,True,False,55
https://www.helpinghandsforukraine.org,False,200,False,False,False,False,False,False,0
https://www.ukraineconvoy.com,False,200,True,False,False,False,True,False,77
https://www.gosaveukraine.com,False,200,False,False,False,False,True,False,88
https://www.info-ukraine.be,False,302,False,False,False,False,True,False,55
https://www.helpingukraine.pl,False,200,False,False,False,False,True,False,61
https://www.musiciansforukraine.com,False,200,False,False,False,False,False,False,0
https://www.soutenonslukraine.fr,False,200,False,False,False,False,False,False,0
https://www.gloryforukraine.com,False,200,True,False,False,False,True,False,77
https://www.worldstandswithukraine.com,False,200,False,False,False,False,True,False,55
https://www.ukrainedefence.com,False,200,False,False,False,False,True,False,85
https://www.invadeukraine.com,False,200,False,False,False,False,False,False,0
https://www.logistic-aide-ukraine.org,False,200,False,False,False,False,True,False,55
https://www.molotovsforukraine.com,False,200,False,False,False,False,True,False,95
https://www.run4ukraine.com,False,200,False,False,False,False,True,False,55
https://www.jaccueillelukraine.org,False,200,False,False,False,False,False,False,0
https://www.hireaukrainian.com,False,200,False,False,False,False,False,False,0
https://www.wir-sind-ukraine.de,False,200,False,False,False,False,True,False,35
https://www.artistsforukraine.eu,False,200,False,False,False,False,False,False,0
https://www.ensembleukraine.fr,False,200,False,False,False,False,False,False,0
https://www.helpukrainianpeople.com,False,200,False,False,False,False,False,False,0
https://www.printforukraine.com,False,200,False,False,False,False,True,False,95
https://www.xn--om-fr-ukraine-zob.de,False,200,False,False,False,False,False,False,0
https://www.ukrainehelp.co,False,200,True,False,False,False,True,False,99
https://www.help-ukraine.dev,False,200,False,False,False,False,True,False,55
https://www.visitukraine.fr,False,200,False,False,False,False,False,False,0
https://www.reliefforukraine.org,False,200,False,False,False,False,True,False,55
https://www.care4ukraine.org,False,200,False,False,False,False,False,False,0
https://www.help-4-ukraine.com,False,200,False,False,False,False,False,False,0
https://www.lebensmittelhilfe-ukraine.de,False,200,False,False,False,False,False,False,0
https://www.forwardukraineministries.org,False,200,False,False,False,False,True,False,78
https://www.ukraineunitedassociation.com,False,200,False,False,False,False,True,False,55
https://www.courageukraine.org,False,200,False,False,False,False,False,False,40
https://www.ukraineukunity.com,False,200,False,False,False,False,False,False,0
https://www.creativeukrainianpeople.com,False,200,False,False,False,False,True,False,55
https://www.milkofukraine.org,False,200,False,False,False,False,False,False,0
https://www.helpforukraineappealfund.org.uk,False,200,False,False,False,False,False,False,0
https://www.unitedfashionukraine.com,False,200,False,False,False,False,False,False,0
https://www.ukrainiansupportgreenwich.org.uk,False,200,False,False,False,False,False,False,72
https://www.ukraine-japan.com,False,301,False,False,False,False,False,False,0
https://www.roosendaal-ukraine.nl,False,301,False,False,False,False,False,False,0
https://www.ukraine-support.jp,False,301,False,False,False,False,True,False,55
https://www.homesforukraine.hu,False,200,False,False,False,False,False,False,35
https://www.supportukraine.de,False,0,False,False,False,False,False,False,0
https://www.emergencyukraine.com,False,200,False,False,False,False,True,False,55
https://www.peaceinukraine.org,False,200,False,False,False,False,False,False,0
https://www.ukrainian-refugees.org,False,200,False,False,False,False,True,False,55
https://www.helpukrainetogether.com,False,200,False,False,False,False,True,False,55
https://www.donateforukraine.org,False,200,True,False,False,False,True,False,90
https://www.standwithukraine.today,False,200,False,False,False,False,True,False,61
https://www.ukraineneedhelp.com,False,200,False,False,False,False,True,False,95
https://www.aidtoukraine.org,False,200,True,False,False,False,True,False,90
https://www.ukesforukraine.org,False,200,False,False,False,False,False,False,0
https://www.helpukraine.center,True,200,False,False,True,True,True,False,100
https://www.weareukraine.info,False,301,False,False,False,False,False,False,0
https://www.supportukraine.xyz,False,200,True,False,False,False,True,False,99
https://www.togetherwithukraine.com,False,200,False,False,False,False,False,False,0
https://www.save-ukraine.website,False,200,False,False,False,False,False,False,40
https://www.ukrainespirit.art,False,200,False,False,False,False,True,False,85
https://www.518ukrainians.com,False,200,False,False,False,False,False,False,0
https://www.ukraineisweak.com,False,200,False,False,False,False,False,False,0
https://www.ukrainelegalaid.org,False,200,False,False,False,False,True,False,55
https://www.ukrainenow.online,False,200,False,False,False,False,False,False,40
https://www.ukraineisstrong.com,False,200,False,False,False,False,False,False,0
https://www.pray4ukraine.world,False,200,True,True,False,False,True,False,85
https://www.hamantashenforukraine.com,False,200,True,False,False,False,True,False,95
https://www.supportukrainenow.org,False,200,False,False,False,False,False,False,0
https://www.muc-hilft-ukraine.de,False,500,False,False,False,False,True,False,75
https://www.4ukraine.pl,False,200,False,False,False,False,False,False,35
https://www.ukrainerocs.com,False,301,False,False,False,False,True,False,55
https://www.creativesforukraine.com,False,200,False,False,False,False,False,False,0
https://www.artistsforukraine.com,False,200,False,False,False,False,True,False,95
https://www.standforukrainebnh.org,False,200,False,False,False,False,False,False,0
https://www.caldercares4ukraine.org.uk,False,200,False,False,False,False,False,False,0
https://www.ukrainewins.com,False,200,True,False,False,False,True,False,99
https://www.hireukrainian.com,False,200,False,False,False,False,True,False,75
https://www.ukrainianflags.com,False,200,True,False,False,False,True,False,99
https://www.helpukrainehorses.eu,False,200,False,False,False,False,False,False,0
https://www.ukraineframe.com,False,200,False,False,False,False,True,False,55
https://www.ukrainenews.co,False,200,False,False,False,False,True,False,55
https://www.helptoukraine.co.uk,False,200,False,False,False,False,True,False,55
https://www.ukrainewebcams.com,False,403,False,False,False,False,True,True,75
https://www.peace4ukraine.com,False,200,True,False,False,False,True,False,77
https://www.ukrainianfoundation.com,False,200,False,False,False,False,False,False,0
https://www.helpukrainewinwidget.org,False,200,False,False,False,False,True,False,55
https://www.saveukrainetogether.com,False,200,False,False,False,False,True,False,55
https://www.ukrainianfoundation.org,False,200,False,False,False,False,False,False,0
https://www.devs4ukraine.de,False,200,False,False,False,False,False,False,0
https://www.united4ukraine.com,False,302,False,False,False,False,True,False,55
https://www.ukrainetjdoc.org,False,200,False,False,False,False,True,False,55
https://www.hireforukraine.org,False,200,False,False,False,False,False,False,0
https://www.unitedforukraine.com,False,200,True,False,False,False,True,False,99
https://www.standwithukraine.app,False,200,False,False,False,False,True,False,55
https://www.support-ukraine.ca,False,200,False,False,False,False,False,False,0
https://www.ukraineits.me,False,200,False,False,False,False,False,False,40
https://www.helpukraine22.org,False,200,False,False,False,False,False,False,77
https://www.weukraine.com,False,200,False,False,False,False,False,False,0
https://www.bamberghilftukraine.de,False,200,False,False,False,False,False,False,0
https://www.ukrainefreedomproject.org,False,200,False,False,False,False,True,False,55
https://www.istherestillwarinukraine.com,False,200,False,False,False,False,True,False,55
https://www.humankindukraine.com,False,200,False,False,False,False,True,False,55
https://www.braveukraine.org,False,200,False,False,False,False,False,False,0
https://www.cambridge4ukraine.uk,False,200,False,False,False,False,False,False,0
https://www.in4ukraine.com,False,200,False,False,False,False,False,False,0
https://www.glorytoukraine.me,False,200,False,False,False,False,True,False,55
https://www.americanukrainian.net,False,301,False,False,False,False,True,False,55
https://www.weplay4ukraine.com,False,200,False,False,False,False,True,False,82
https://www.spendwithukraine.com,False,200,False,False,False,False,True,False,55
https://www.unitedhelpukrainewar.org,False,301,False,False,False,False,False,False,0
https://www.heroes-of-ukraine.eu,False,200,False,False,False,False,False,False,0
https://www.oncoforukraine.eu,False,200,False,False,False,False,False,False,0
https://www.ridewithukraine.com,False,200,False,False,False,False,False,False,0
https://www.kooperation-ukraine.de,False,200,False,False,False,False,True,False,82
https://www.faithinukraine.com,False,200,False,False,False,False,True,False,35
https://www.artaidukraine.com,False,200,False,False,False,False,False,False,77
https://www.dearukrainepoem.com,False,200,False,False,False,False,False,False,0
https://www.brotbruecke-ukraine.eu,False,200,False,False,False,False,True,False,75
https://www.ukraineartco.org,False,301,False,False,False,False,False,False,0
https://www.sachspenden-ukraine.de,False,200,False,False,False,False,False,False,0
https://www.jamestownukrainereliefproject.org,False,200,False,False,False,False,False,False,0
https://www.ridewithukraine.org,False,200,False,False,False,False,False,False,0
https://www.aidtoukrainians.com,False,200,False,False,False,False,True,False,55
https://www.supportukrainianartists.org,False,200,False,False,False,False,False,False,0
https://www.sunflowerprayerflowersforukraine.com,False,200,False,False,False,False,False,False,0
https://www.ridewithukraine.net,False,200,False,False,False,False,False,False,0
https://www.4myukraine.com,True,200,False,False,False,True,True,False,91
https://www.ridewithukraine.de,False,200,False,False,False,False,False,False,0
https://www.operationsafeharborukraine.com,False,200,False,False,False,False,True,False,87
https://www.ridewithukraine.info,False,200,False,False,False,False,False,False,40
https://www.supportukrainian.army,False,200,False,False,False,False,False,False,0
https://www.worldcoinsforukraine.com,False,200,False,False,False,False,False,False,0
https://www.peaceinheartsofukrainians.com,False,200,False,False,False,False,False,False,0
https://www.ukrainiancuisine.biz,False,200,False,False,False,False,True,False,88
https://www.new-ukraine.org,False,200,False,False,False,False,False,False,0
https://www.ukrainerussie.org,False,200,False,False,False,False,False,False,0
https://www.ukraineharvest.org,False,200,False,False,False,False,True,False,55
https://www.homesforukrainetufnellpark.com,False,200,False,False,False,False,True,False,55
https://www.mayforukraine.com,False,301,False,False,False,False,True,False,55
https://www.ukrainesrelief.com,False,200,False,False,False,False,True,False,61
https://www.mitts4ukraine.art,False,200,False,False,False,False,False,False,0
https://www.ukraineemergencyrelief.com,False,200,False,False,False,False,False,False,0
https://www.ukraine-art-collection.com,False,200,False,False,False,False,True,False,55
https://www.freedom-ukraine.org,False,200,False,False,False,False,False,False,35
https://www.ukrainianottawa.com,False,200,False,False,False,False,True,False,55
https://www.beegarden-ukraine.com,False,200,False,False,False,False,True,False,55
https://www.hilfe-ukraine-steffisburg.ch,False,200,False,False,False,False,False,False,0
https://www.withaheartforukraine.com,False,200,False,False,False,False,False,False,0
https://www.ukraineneedsvehicle.com,False,200,False,False,False,False,False,False,0
https://www.ukrainemedicalaid.co.uk,False,200,False,False,False,False,False,False,0
https://www.artfrontukraine.com,False,200,False,False,False,False,False,False,0
https://www.peaceforukraine.charity,False,503,False,False,False,False,False,False,0
https://www.ukrainecamgirls.club,False,200,False,False,False,False,True,True,75
https://www.buildnewukraine.com,False,200,False,False,False,False,False,False,0
https://www.ukrainians.best,False,200,False,False,False,False,False,False,40
https://www.ukraineaidngo.org,False,200,False,False,False,False,True,False,77
https://www.ukrainianartwork.com,False,200,True,False,False,False,True,False,99
https://www.mitzvaforukraine.com,False,200,False,False,False,False,False,False,0
https://www.ukrainianhabitatfund.org,False,200,False,False,False,False,False,False,0
https://www.mk-ukraine-fluechtlingshilfe-waldkirch.de,False,200,False,False,False,False,False,False,0
https://www.ukrainianpaintings.com,False,200,True,False,False,False,True,False,99
https://www.speakingukrainian.com,False,200,False,False,False,False,True,False,55
https://www.ruffukraine.org,False,200,False,False,False,False,False,False,0
https://www.bracelets-ukraine.ch,False,200,False,False,False,False,False,False,0
https://www.ukrainenow.net,False,200,False,False,False,False,True,False,95
https://www.urgentukraine.net,False,200,False,False,False,False,False,False,0
https://www.ukrainianburger.pl,False,200,False,False,False,False,True,False,75
https://www.arthelpforukraine.dk,False,200,False,False,False,False,False,False,40
https://www.donate2ukrainechildren.org,False,200,False,False,False,False,True,False,55
https://www.iss-ukraine.org,False,200,False,False,False,False,True,False,75
https://www.helpukraine.org.au,False,200,False,False,False,False,True,False,55
https://www.england4ukraine.com,False,200,False,False,False,False,True,False,75
https://www.teachersforukraine.org,False,200,False,False,False,False,True,False,55
https://www.theukrainian.world,False,200,False,False,False,False,False,False,40
https://www.ukrainevpn.net,False,200,False,False,False,False,True,False,55
https://www.friendsofukraine-northyorks.co.uk,False,200,False,False,False,False,False,False,0
https://www.samp-ukraine.com,False,200,False,False,False,False,False,False,0
https://www.hent-ukraine.fr,False,200,False,False,False,False,True,False,82
https://www.ukraineescort.quest,False,200,False,False,False,False,False,True,0
https://www.ukrainewararchive.org,False,200,False,False,False,False,False,False,0
https://www.helpukrainianhospitals.com,False,200,False,False,False,False,False,False,0
https://www.4ukraine.ca,False,200,False,False,False,False,False,False,0
https://www.agape4ukraine.com,False,200,False,False,False,False,True,False,55
https://www.volunteersukraine.com,False,200,False,False,False,False,True,False,35
https://www.eco-ukraine.eu,False,200,False,False,False,False,True,False,75
https://www.ukraineit.org,False,200,False,False,False,False,False,False,0
https://www.ukraineanswerthecall.com,False,200,True,False,False,False,True,False,99
https://www.ukraine-aktuell.de,False,200,False,False,False,False,True,False,82
https://www.drones2ukraine.org,False,200,False,False,False,False,False,False,0
https://www.ukrainesupportgroup.ch,False,200,False,False,False,False,False,False,0
https://www.legalukraine.eu,False,200,False,False,False,False,True,False,55
https://www.trainukraine.com,False,200,False,False,False,False,False,False,40
https://www.printsforukraine.com,False,200,False,False,False,False,False,False,0
https://www.foreverwithukraine.org,False,200,False,False,False,False,False,False,0
https://www.goteamukraine.org,False,200,False,False,False,False,False,False,0
https://www.helpukrainiansaustralia.com.au,False,301,False,False,False,False,False,False,0
https://www.stand-with-ukraine.pp.ua,False,200,False,True,False,False,True,False,91
https://www.ukraineparenting.org,False,200,False,False,False,False,False,False,0
https://www.ukraineharmony.com,False,200,False,False,False,False,False,False,40
https://www.saveukrainian.org,False,200,False,False,False,False,True,False,55
https://www.armysos-ukraine.com,False,200,False,False,False,False,True,False,61
https://www.upliftukraine.com,False,200,False,False,False,False,False,False,0
https://www.aid-for-ukraine.com,False,200,False,False,False,False,True,False,55
https://www.youkraine.info,False,200,False,False,False,False,False,False,40
https://www.sdc-ukraine.org,False,200,False,False,False,False,True,False,78
https://www.nobelprizeforukraine.org,False,200,False,False,False,False,False,False,0
https://www.ukraineparenting.com,False,200,False,False,False,False,False,False,0
https://www.polandukraine.com,False,200,False,False,False,False,True,False,55
https://www.lessonsfromukraine.com,False,200,True,False,False,False,True,False,77
https://www.peoplewithukraine.org,False,200,False,False,False,False,True,False,55
https://www.thehopeforukraine.com,False,301,False,False,False,False,True,False,55
https://www.save-ukraine.life,False,200,False,False,False,False,False,False,40
https://www.haarlem4ukraine.nl,False,200,False,False,False,False,False,False,0
https://www.ukraine-willkommen.de,False,200,False,False,False,False,False,False,0
https://www.spendenlauf-ukraine.de,False,200,False,False,False,False,False,False,0
