Landing_Page_Size_In_KB,Same Landing Domain,Has Bank Related Keywords,Has Crypto Related Keywords,Has Card Related Keywords,Unique_Internal_Page_Link_Cnt,Unique_External_Page_Link_Cnt,Avg_External_Links_Len,Stdv_External_Links_Len,Ratio_Shortened_URL_And_External_Links,Ratio_Social_Media_Links_And_External_Links,Has_Google_Form_External_Link,Has_Paypal_External_Link,Is Cheapest TLD,Is Combined TLD,Spamhaus TLD Rank,Domain Letter Count,Domain Digit Rate,Domain Hyphen Count,xn-- Present,Money Keyword Check,Help Keyword Check,Campaign Keyword Check,War Keyword Check,For and To Keyword Check,Number Instead of Word,Is WhoIs Registrar Available,Is SSL Certificate Retrievable,K-means Label,KMedoids Label,Hierarchical Label,DBSCAN Label,GMM Label,Majority Voting Label,IPQS_Flag,Domain,TLD,Searched_URL,Status Code,Parked Status,IPQS Unsafe,IPQS Status Code,IPQS Parking,IPQS Spamming,IPQS malware,IPQS Phishing,IPQS Suspicious,IPQS Adult,IPQS Risk Score,VT Malicious,VT Suspicious,VT Harmless,VT NoData Available,Domain Creation Date,External Links
86.53,1,0,0,0,7,5,50.8,10.26,0.0,0.6,0,0,0,0,0.16,17,0.19,0,0,0,0,0,0,1,0,1,0,0,0,0,0,0,0,0,1001minutesforukraine.com,com,https://www.1001minutesforukraine.com,200,0,False,200,False,False,False,False,False,False,0,0,0,1,1,2022-03-10,"['https://www.facebook.com/1001-Minutes-for-Ukraine-108079025176957', 'https://www.instagram.com/1001minutesforukraine', 'https://open.spotify.com/show/5122g2tmzMsLftjSV3jTY4', 'https://www.buzzsprout.com/1954869', 'https://www.youtube.com/channel/UCHjPfnafeW7hk9V5_f1MSKA']"
123.73,1,0,0,0,15,2,75.5,32.5,0.0,0.0,0,0,0,0,0.05,16,0.111,0,0,0,0,0,0,1,0,1,0,0,0,0,0,0,0,0,1to1ukrainemuseums.org,org,https://www.1to1ukrainemuseums.org,200,1,False,200,False,False,False,False,True,False,55,0,0,1,1,2022-06-06,"['https://padlet.com/linda22/uk9hqc1ftu82xcwy', 'https://www.museumnext.com/article/museum-thought-leaders-urge-one-to-one-action-to-support-ukraines-museums']"
96.91,1,0,0,0,2,3,43.0,5.1,0.0,0.67,0,0,0,0,0.03,20,0.048,0,0,0,0,0,0,0,0,0,1,0,0,0,0,0,0,0,1violettepourlukraine.fr,fr,https://www.1violettepourlukraine.fr,200,0,False,200,False,False,False,False,False,False,0,1,0,0,1,2022-04-03,"['https://www.facebook.com/UneViolettePourlUkraine', 'https://instagram.com/uneviolettepourlukraine', 'http://www.leetchi.com/fr/c/wM22Z6XP']"
1170.81,1,0,0,0,1,14,45.43,24.74,0.0,0.07,0,0,0,0,0.16,17,0.105,0,0,0,0,0,0,1,0,1,0,0,0,0,0,0,0,0,33lettersforukraine.com,com,https://www.33lettersforukraine.com,-1,0,False,200,False,False,False,False,True,False,55,0,0,1,1,2022-06-01,"['https://www.instagram.com/36daysoftype', 'https://www.fidlerowna.com', 'https://www.alinarybacka.online', 'https://typische.co', 'https://www.itsnicethat.com/news/33-letters-for-ukraine-graphic-design-300322', 'https://www.creativeboom.com/news/33-letters-for-ukraine', 'https://www.slanted.de/33-letters-for-ukraine', 'https://www.designindaba.com/articles/creative-work/letters-ukraine', 'https://odessa-journal.com/33-letters-for-ukraine', 'https://donttakefake.com/dizajneri-z-riznih-krayin-ponad-misyats-malyuvali-ukrayinskij-alfavit-os-shho-vijshlo', 'https://nn6t.pl/2022/05/08/33-litery-dla-ukrainy', 'https://www.editorx.com', 'https://ivantsanko.com', 'http://www.rastvor.com.ua']"
47.44,1,0,0,0,25,19,29.11,17.09,0.0,0.16,0,0,0,0,0.16,9,0.1,0,0,0,0,0,0,0,0,0,0,0,2,2,0,2,2,1,4myukraine.com,com,https://www.4myukraine.com,-1,0,True,200,False,False,False,True,True,False,91,0,0,1,1,2022-03-22,"['https://www.facebook.com/4myukraine', 'https://www.instagram.com/4myukraine', 'https://www.youtube.com/channel/UCa4hXc0KnxIvgBnLp5KYZ2g', 'https://redcross.org.ua', 'https://novus.ua', 'https://www.ranok.com.ua/info-privid-kieva-35531.html', 'https://kyivbkk.com', 'http://24print.ua', 'https://dgravity.legal', 'https://satori.in.ua', 'https://outre.clinic', 'https://fund.dogcity.ua', 'https://www.metro.ua', 'https://fiteat.com.ua', 'https://board.business', 'https://vuso.ua', 'https://planetakino.ua', 'https://unitedhelpukraine.org', 'https://drive.google.com/drive/folders/1YeaXCo2wmCk92WbvbvOMdjpWztb9VKg3?usp=sharing']"
763.96,1,0,0,0,27,10,37.7,23.19,0.0,0.3,0,0,0,0,0.02,7,0.125,0,0,0,0,0,0,0,1,1,0,0,0,0,0,0,0,0,4ukraine.ca,ca,https://www.4ukraine.ca,200,0,False,200,False,False,False,False,False,False,0,0,0,1,1,2022-04-17,"['https://www.zeffy.com/en-CA/fundraising/a8509250-1ad9-4c97-9f02-5fd6783c7b63?isFirstFormCreated=false', 'https://www.facebook.com/groups/canadahostukrainians', 'https://twitter.com/4UkraineCA', 'https://www.linkedin.com/company/4ukraine-ca', 'https://www.airtransat.com', 'https://www.flighthub.com', 'https://mintzglobalscreening.com', 'https://diagram.ca', 'https://www.fasken.com/en', 'https://www.simons.ca/en']"
45.47,1,0,0,0,2,2,66.5,25.5,0.0,0.0,0,0,0,0,0.12,7,0.125,0,0,0,0,0,0,0,1,0,1,2,2,2,0,2,2,1,4ukraine.co,co,https://www.4ukraine.co,-1,0,False,200,True,False,False,False,True,False,99,1,0,0,0,2022-03-03,"['https://dan.com/?utm_campaign=Parking&utm_medium=parking&utm_source=.co&utm_term=4ukraine.co', 'https://www.trustpilot.com/review/dan.com']"
9.88,1,0,0,0,1,2,73.0,37.0,0.0,0.5,1,0,0,0,0.01,7,0.125,0,0,0,0,0,0,0,1,0,0,2,2,2,0,2,2,0,4ukraine.cz,cz,https://www.4ukraine.cz,200,0,False,200,False,False,False,False,False,False,35,0,0,1,1,2022-02-26,"['https://docs.google.com/forms/d/e/1FAIpQLSeVABE2WTNwtPp-XkFdJbzQWlfrQB6GlcWjHTs1Z0mta5eFyw/viewform?usp=pp_url', 'https://www.facebook.com/4ukraine.cz']"
9.88,1,0,0,0,1,2,73.0,37.0,0.0,0.5,1,0,1,0,0.06,7,0.125,0,0,0,0,0,0,0,1,0,0,2,2,2,0,2,2,0,4ukraine.eu,eu,https://www.4ukraine.eu,200,0,False,200,False,False,False,False,False,False,0,0,0,1,0,2022-02-26,"['https://docs.google.com/forms/d/e/1FAIpQLSeVABE2WTNwtPp-XkFdJbzQWlfrQB6GlcWjHTs1Z0mta5eFyw/viewform?usp=pp_url', 'https://www.facebook.com/4ukraine.cz']"
77.35,1,1,0,0,14,4,35.75,9.83,0.0,0.75,0,0,0,0,0.13,7,0.125,0,0,0,0,0,0,0,1,0,0,0,0,0,0,2,0,0,4ukraine.net,net,https://www.4ukraine.net,200,0,False,200,False,False,False,False,False,False,0,0,0,1,0,2022-03-02,"['https://www.facebook.com/4Ukraine-103168392323223', 'https://www.linkedin.com/company/4ukraine', 'https://twitter.com/4ukraineF', 'https://otakoyi.software']"
86.85,1,0,0,0,16,8,46.25,16.09,0.12,0.62,0,0,0,1,0.05,7,0.125,0,0,0,0,0,0,0,1,1,0,0,0,0,0,2,0,0,4ukraine.org.uk,org.uk,https://www.4ukraine.org.uk,200,0,False,403,False,False,False,False,False,False,0,0,0,1,0,2022-06-03,"['https://youtu.be/ttxwWLGuXiM', 'https://www.facebook.com/groups/1594615324300519/?ref=share', 'https://www.linkedin.com/company/boxers-barbers-4-ukraine', 'https://twitter.com/bb4ukraine?t=3nBEGzjRwcYVl3JP85Cu8A&s=09', 'https://instagram.com/bb4ukraine?igshid=ZGUzMzM3NWJiOQ==', 'https://www.crowdfunder.co.uk/p/boxers-barbers-ukraine-appeal', 'https://en-gb.wordpress.org', 'https://themeansar.com']"
281.75,0,0,0,0,1,1,20.0,0.0,0.0,0.0,0,0,1,0,0.08,7,0.125,0,0,0,0,0,0,0,1,1,0,0,0,0,0,0,0,0,4ukraine.pl,pl,https://www.4ukraine.pl,200,0,False,200,False,False,False,False,False,False,35,0,0,1,1,2022-02-28,['https://e-ukraina.pl']
156.45,1,0,0,0,7,1,123.0,0.0,0.0,0.0,0,0,0,0,0.16,10,0.091,0,0,0,0,0,0,0,1,1,0,0,0,0,0,0,0,0,4ukrainians.com,com,https://www.4ukrainians.com,200,0,False,200,False,False,False,False,True,False,55,0,0,1,0,2022-03-21,['https://www.google.com/url?q=https%3A%2F%2Fwww.tonybaughmanmemorialfund.com%2F&sa=D&sntz=1&usg=AOvVaw0IXETNHqjIFpr2l1f8aNxY']
1039.03,1,0,0,0,7,4,79.75,78.63,0.0,0.25,0,0,0,0,0.16,10,0.231,0,0,0,0,0,0,0,0,1,0,0,0,0,0,0,0,0,518ukrainians.com,com,https://www.518ukrainians.com,200,0,False,200,False,False,False,False,False,False,0,0,0,1,1,2022-02-28,"['https://www.votervoice.net/mobile/RAZOMFORUKRAINE/Campaigns/107413/Respond?fbclid=PAAabgi7s6k1ARp29SVSfeXbLsZW2FmhyMO8ATtIG5N5o8ZR8gDSik_W1Ti8w_aem_AUOeaLzCmHwgT0RBzOA2GY_cVvexA1DxqoO9v_G8iT6PoWwCkMSukOnkx-ftouTTT_Q', 'https://www.facebook.com/groups/518ukrainians', 'https://givebutter.com/uaccalbanydonate', 'https://refugees.org']"
171.29,1,1,0,0,7,2,27.0,0.0,1.0,1.0,0,0,0,0,0.16,8,0.1,1,0,0,0,0,0,0,0,0,0,0,0,0,0,0,0,0,a4-ukraine.com,com,https://www.a4-ukraine.com,200,0,False,200,False,False,False,False,False,False,0,0,0,1,1,2022-04-02,"['https://t.me/Gnennyy_Bogdan', 'https://wa.me/+380675499726']"
1.06,1,0,0,0,1,0,0.0,0.0,0.0,0.0,0,0,0,0,0.05,12,0.0,0,0,0,0,0,0,0,0,0,1,1,1,1,1,1,1,1,aboutukraine.org,org,https://www.aboutukraine.org,200,1,False,200,False,False,False,False,True,False,75,0,0,1,1,2022-03-03,[]
36.24,1,0,0,0,1,0,0.0,0.0,0.0,0.0,0,0,0,0,0.05,12,0.0,1,0,0,0,0,0,0,0,1,0,0,0,0,0,1,0,1,about-ukraine.org,org,https://www.about-ukraine.org,200,0,False,200,True,False,False,False,True,False,77,0,0,1,1,2022-03-20,[]
21.73,1,0,0,0,3,3,42.67,2.62,0.0,1.0,0,0,0,0,0.01,22,0.0,0,0,0,0,0,0,1,0,1,0,2,2,2,0,2,2,0,absolutejobsforukraine.be,be,https://www.absolutejobsforukraine.be,200,0,False,200,False,False,False,False,False,False,0,0,0,1,0,2022-04-07,"['https://www.facebook.com/AbsoluteJobsBelgium', 'https://www.linkedin.com/company/absolutejobs', 'https://www.instagram.com/absolute.jobs']"
29.74,1,0,0,0,1,4,45.75,30.75,0.0,0.75,1,0,0,0,0.12,13,0.0,2,0,0,0,0,0,1,0,0,0,2,2,2,0,2,2,0,act-for-ukraine.co,co,https://www.act-for-ukraine.co,-1,0,False,200,False,False,False,False,False,False,0,0,0,1,0,2022-05-20,"['https://docs.google.com/forms/d/e/1FAIpQLSfFCz-OqmEzjFS844BXxzAaJ6__V6JzAulMDvAzJ77r3KzdIA/viewform', 'https://www.facebook.com/wix', 'https://www.twitter.com/wix', 'https://www.instagram.com/wix']"
356.95,1,1,1,0,2,0,0.0,0.0,0.0,0.0,0,0,0,0,0.16,15,0.0,0,0,0,0,0,0,0,0,0,0,0,0,0,0,0,0,1,actinukrainenow.com,com,https://www.actinukrainenow.com,200,0,False,200,False,False,False,False,True,False,75,0,0,1,0,2022-03-26,[]
356.98,1,1,1,0,20,5,219.0,151.31,0.0,0.6,0,0,0,0,0.05,15,0.0,0,0,0,0,0,0,0,0,1,0,0,0,0,0,0,0,0,actinukrainenow.org,org,https://www.actinukrainenow.org,200,0,False,200,False,False,False,False,True,False,61,0,0,1,1,2022-03-26,"['https://www.facebook.com/sharer/sharer.php?u=https://actinukrainenow.org""e=I%27ve+signed+this+International+Appeal+calling+on+%23NATO+nations+to+embrace+their+historical+mission+to+protect+the+future+of+the+free+world+by+taking+ACTION+in+%23Ukraine+NOW.++Stop+humanitarian+catastrophe+caused+by+Russia%27s+genocidal+war.++%23ActInUkraineNow', 'https://www.linkedin.com/sharing/share-offsite/?summary=I%27ve+signed+this+International+Appeal+calling+on+%23NATO+nations+to+embrace+their+historical+mission+to+protect+the+future+of+the+free+world+by+taking+ACTION+in+%23Ukraine+NOW.++Stop+humanitarian+catastrophe+caused+by+Russia%27s+genocidal+war.++%23ActInUkraineNow%0a&url=https://actinukrainenow.org', 'https://twitter.com/share?text=I%27ve+signed+this+International+Appeal+calling+on+%23NATO+nations+to+embrace+their+historical+mission+to+protect+the+future+of+the+free+world+by+taking+ACTION+in+%23Ukraine+NOW.++Stop+humanitarian+catastrophe+caused+by+Russia%27s+genocidal+war.++%23ActInUkraineNow%0a&url=https://actinukrainenow.org', 'https://directinitiative.org/legal/terms', 'https://thestartingpoint.net']"
42.87,1,0,0,0,2,1,38.0,0.0,0.0,0.0,0,0,0,0,0.05,13,0.071,0,0,0,0,0,0,0,1,1,0,2,2,2,0,2,2,0,action4ukraine.org,org,https://www.action4ukraine.org,200,0,False,200,False,False,False,False,True,False,55,0,0,1,0,2022-03-11,['https://wordpress.com/?ref=coming_soon']
2.77,0,0,0,0,1,0,0.0,0.0,0.0,0.0,0,0,0,0,0.05,24,0.0,2,0,0,0,0,0,0,0,1,0,1,1,1,1,1,1,0,actions-fondations-ukraine.org,org,https://www.actions-fondations-ukraine.org,-1,0,False,200,False,False,False,False,True,False,25,0,0,1,1,2022-03-06,[]
4.44,1,0,0,0,1,1,41.0,0.0,0.0,0.0,0,0,0,0,0.16,13,0.0,1,0,0,0,0,0,0,0,0,0,2,2,2,0,0,2,0,action-ukraine.com,com,https://www.action-ukraine.com,-1,0,False,200,False,False,False,False,True,False,55,0,0,1,1,2022-03-10,['https://www.infomaniak.com/fr/hebergement']
46.78,1,1,0,0,28,5,39.4,32.83,0.2,0.2,0,0,0,0,0.13,17,0.0,0,0,0,0,0,0,0,0,1,0,2,2,2,0,0,2,0,actionwithukraine.net,net,https://www.actionwithukraine.net,200,0,False,200,False,False,False,False,True,False,25,0,0,1,1,2022-05-16,"['https://leave-russia.org', 'https://download.staywithukraine.co/?fbclid=IwAR2WRUdW-gwC0AaECGJAwh51LmNWJn3bT4QRA4K3GolWADQ70dbPf6YObg8', 'https://underdogua.com', 'https://fb.me/e/6mD54YhkS', 'https://wordpress.org']"
141.89,1,0,1,0,2,7,29.86,9.3,0.0,0.0,0,0,0,0,0.16,20,0.0,0,0,0,0,0,0,0,0,1,0,0,0,0,0,0,0,0,africansinukrainedao.com,com,https://www.africansinukrainedao.com,200,0,False,200,False,False,False,False,True,False,55,0,0,1,1,2022-03-04,"['https://www.jointribl.com', 'https://www.mipad.org', 'https://app.betribl.com/H5rwYFKj0nb', 'https://edition.cnn.com/profiles/stephanie-busari', 'https://ggcapital.io', 'https://www.kimoyofellowship.org', 'https://www.squarespace.com']"
579.5,1,0,0,0,2,3,28.0,2.94,0.0,1.0,0,0,0,0,0.16,12,0.077,0,0,0,0,0,0,0,1,1,0,0,0,0,0,0,0,0,agape4ukraine.com,com,https://www.agape4ukraine.com,200,0,False,200,False,False,False,False,True,False,55,0,0,1,1,2022-04-17,"['https://instagram.com/wix', 'https://www.youtube.com/user/Wix', 'http://www.facebook.com/wix']"
1208.22,1,0,0,0,4,7,41.86,14.85,0.0,0.57,0,0,0,0,0.16,16,0.0,0,0,0,0,0,0,0,0,1,0,0,0,0,0,0,0,0,agilewithukraine.com,com,https://www.agilewithukraine.com,200,1,False,200,False,False,False,False,True,False,55,0,0,1,1,2022-03-16,"['https://prokanban.org', 'https://kanban.university', 'http://www.wix.com/?utm_campaign=vir_created_with', 'https://www.youtube.com/channel/UCtsAjsIv9jGC_Nqb4vbGERA/videos', 'https://www.facebook.com/groups/490521879296288/about', 'https://www.linkedin.com/company/agile-with-ukraine', 'https://twitter.com/AgileWithUA']"
69.53,1,0,0,0,22,2,30.5,11.5,0.0,0.0,0,0,1,0,0.01,16,0.0,2,0,0,0,0,0,0,0,1,0,0,0,0,0,0,0,0,agsa-ukraine-hilfe.de,de,https://www.agsa-ukraine-hilfe.de,200,0,False,200,False,False,False,False,False,False,35,1,0,0,1,2022-04-02,"['https://www.agsa.de', 'https://cms.e.jimdo.com/app/cms/logout.php']"
17.35,1,0,0,0,4,2,22.5,3.5,0.0,0.0,0,0,0,0,0.16,16,0.0,0,0,0,0,1,0,1,0,1,0,2,2,2,0,2,2,0,aheartforukraine.com,com,https://www.aheartforukraine.com,200,0,False,200,False,False,False,False,True,False,55,0,0,1,1,2022-03-18,"['https://sportscatalyst.org', 'https://paylocal.us']"
168.36,1,0,0,0,9,7,61.14,63.45,0.43,0.57,1,0,0,0,0.16,10,0.333,0,0,0,1,0,0,0,1,0,0,0,0,0,0,0,0,0,aid4ukraine2022.com,com,https://www.aid4ukraine2022.com,200,0,False,200,False,False,False,False,True,False,55,0,0,1,1,2022-03-06,"['https://forms.gle/hi9AyvA5WeiVJLxV9', 'https://www.facebook.com/%E3%82%A6%E3%82%AF%E3%83%A9%E3%82%A4%E3%83%8A%E9%9B%A3%E6%B0%91%E7%B7%8A%E6%80%A5%E6%94%AF%E6%8F%B4%E3%83%97%E3%83%AD%E3%82%B8%E3%82%A7%E3%82%AF%E3%83%88-100167959298598/?ref=pages_you_manage', 'https://www.instagram.com/aid4ukraine2022', 'https://www.youtube.com/watch?v=5wa4upAz8JU', 'https://youtu.be/qjT1E1Tj_eo', 'https://www.agentiakairos.ro', 'https://goo.gl/maps/oYniA39eZdiRqNzE6']"
217.5,1,0,0,0,6,5,72.4,38.1,0.0,0.6,0,0,0,0,0.05,13,0.0,0,0,0,1,0,0,0,0,0,0,0,0,0,0,0,0,0,aiderlukraine.org,org,https://www.aiderlukraine.org,200,0,False,200,False,False,False,False,False,False,0,0,0,1,1,2022-03-01,"['https://uploads.strikinglycdn.com/files/daef391b-ba36-4c61-b39e-edd5c95ba784/ALU-BESOINS-PRIORAITAIRES-20220328.pdf?id=3879304', 'https://www.mondialrelay.fr/envoi-de-colis/retourner-un-colis/creer-un-retour?brandId=F3AIDEUK&SiteId=UKRAINEFR', 'https://www.facebook.com/aiderlukraine', 'https://www.instagram.com/aiderlukraine', 'https://www.linkedin.com/company/aider-l-ukraine']"
21.33,1,0,0,0,9,4,30.0,11.29,0.0,0.5,0,0,0,0,0.03,11,0.0,0,0,0,1,0,0,0,0,1,0,2,2,2,0,2,2,0,aideukraine.fr,fr,https://www.aideukraine.fr,404,0,False,200,False,False,False,False,False,False,0,0,0,1,1,2022-03-01,"['https://refugies.info', 'https://war.ukraine.ua', 'https://twitter.com/UKRinFRA', 'https://www.facebook.com/ambassadeukraineenfrance']"
251.44,1,0,0,1,5,3,43.33,2.05,0.0,1.0,0,0,0,0,0.16,21,0.0,0,0,0,1,0,0,1,0,0,0,0,0,0,0,0,0,0,aidforsouthernukraine.com,com,https://www.aidforsouthernukraine.com,200,0,False,200,False,False,False,False,False,False,0,0,0,1,1,2022-05-20,"['https://www.youtube.com/watch?v=-SICdl4r5qU', 'https://www.instagram.com/psichopatre.psd', 'https://www.facebook.com/aidforsouthernukraine']"
51.64,1,0,0,0,11,2,44.5,0.5,0.0,1.0,0,0,0,1,0.12,13,0.0,0,0,0,1,0,0,1,0,0,0,2,2,2,0,2,2,0,aidforukraine.co.uk,co.uk,https://www.aidforukraine.co.uk,200,0,False,200,False,False,False,False,False,False,0,0,0,1,0,2022-03-04,"['https://www.facebook.com/AidForUkraine.co.uk', 'https://www.instagram.com/aidforukraine_co_uk']"
811.47,1,0,0,0,9,1,38.0,0.0,0.0,0.0,0,0,0,0,0.16,13,0.0,2,0,0,1,0,0,1,0,1,0,0,0,0,0,0,0,0,aid-for-ukraine.com,com,https://www.aid-for-ukraine.com,200,0,False,200,False,False,False,False,True,False,55,0,0,1,0,2022-03-07,['https://givebutter.com/Aid-for-Ukraine']
811.47,1,0,0,0,8,1,38.0,0.0,0.0,0.0,0,0,0,0,0.05,13,0.0,2,0,0,1,0,0,1,0,1,0,0,0,0,0,0,0,0,aid-for-ukraine.org,org,https://www.aid-for-ukraine.org,200,0,False,200,False,False,False,False,True,False,55,0,0,1,1,2022-03-07,['https://givebutter.com/Aid-for-Ukraine']
114.31,1,0,0,0,5,0,0.0,0.0,0.0,0.0,0,0,0,0,0.05,13,0.0,0,0,0,1,0,0,0,0,0,0,0,0,0,0,0,0,0,aidingukraine.org,org,https://www.aidingukraine.org,200,0,False,200,False,False,False,False,False,False,0,0,0,1,1,2022-03-29,[]
114.96,1,0,0,0,1,0,0.0,0.0,0.0,0.0,0,0,0,0,0.05,14,0.0,0,0,0,1,0,0,0,0,0,0,0,0,0,0,0,0,0,aidonslukraine.org,org,https://www.aidonslukraine.org,404,0,False,200,False,False,False,False,True,False,55,0,1,0,1,2022-03-01,[]
143.36,1,0,0,0,13,6,69.5,28.39,0.17,0.5,1,0,0,0,0.05,19,0.0,0,0,0,1,0,0,0,0,0,0,0,0,0,0,0,0,0,aidonslukrainedijon.org,org,https://www.aidonslukrainedijon.org,200,0,False,200,False,False,False,False,True,False,61,0,0,1,0,2022-03-10,"['https://www.facebook.com/AidonsLUkraineDijon', 'https://www.instagram.com/aidonslukrainedijon/?hl=fr', 'https://t.me/aidons_ukraine_dijon?fbclid=IwAR0FZmfOKKbmTp3Vrg-XqQtWmFjq918J0JmwHl7Ha06kpQERlvGcpPCm9W4', 'https://www.helloasso.com/associations/aidons-l-ukraine-dijon/formulaires/1/widget', 'https://docs.google.com/forms/d/1K490eeLiQK-KBu0CHfvmGRzFlT-xcusC-Gv3ZH04qtk/viewform?edit_requested=true', 'https://parrainage.refugies.info']"
0.11,1,0,0,0,1,0,0.0,0.0,0.0,0.0,0,0,0,0,0.05,12,0.0,0,0,0,1,0,0,1,0,0,0,1,1,1,1,1,1,1,aidtoukraine.org,org,https://www.aidtoukraine.org,-1,0,False,200,True,False,False,False,True,False,90,0,0,1,1,2022-02-28,[]
453.11,1,0,0,0,6,5,86.2,105.78,0.2,0.4,0,0,0,0,0.16,15,0.0,0,0,0,1,0,0,1,0,0,0,0,0,0,0,0,0,0,aidtoukrainians.com,com,https://www.aidtoukrainians.com,200,0,False,200,False,False,False,False,True,False,55,0,0,1,1,2022-03-22,"['https://send.monobank.ua/jar/89WM7ngW4r', 'https://www.liqpay.ua/api/3/checkout?data=eyJ2ZXJzaW9uIjozLCJhY3Rpb24iOiJwYXlkb25hdGUiLCJhbW91bnQiOiIwIiwiY3VycmVuY3kiOiJVQUgiLCJkZXNjcmlwdGlvbiI6ItCR0LvQsNCz0L7QtNGW0LnQvdCwINC00L7Qv9C+0LzQvtCz0LAiLCJwdWJsaWNfa2V5IjoiaTc2MDg3MDQyNzgiLCJsYW5ndWFnZSI6InVrIn0=&signature=5liX1K0eVWtgSL6dMRyIV+Q/Y+Y=', 'https://www.instagram.com/gumanitarnadopomoga', 'https://t.me/gumanitarnadopomoga', 'http://logity.tech']"
912.19,1,0,0,0,17,1,53.0,0.0,0.0,0.0,0,0,0,0,0.01,10,0.0,0,0,0,1,0,0,0,0,0,0,0,0,0,0,0,0,0,aidukraine.ch,ch,https://www.aidukraine.ch,200,0,False,200,False,False,False,False,False,False,0,0,0,1,1,2022-03-20,['https://croixrougevaudoise.ch/renfortbenevolatukraine']
52.77,1,0,0,0,2,2,28.0,13.0,0.0,0.0,0,0,0,0,0.12,10,0.0,0,0,0,1,0,0,0,0,1,1,0,0,0,0,2,0,1,aidukraine.co,co,https://www.aidukraine.co,-1,0,False,200,True,False,False,False,True,False,99,0,1,0,0,2022-03-03,"['https://dan.com', 'https://www.trustpilot.com/review/dan.com']"
74.03,0,0,0,1,110,8,38.88,6.97,0.0,0.25,0,0,1,0,0.01,10,0.0,1,0,0,1,0,0,0,0,0,0,0,2,2,0,0,0,0,aid-ukraine.de,de,https://www.aid-ukraine.de,200,0,False,200,False,False,False,False,False,False,0,0,0,1,1,2022-03-11,"['http://karriere.bergische-diakonie.de', 'https://www.pflege-zu-hause-in-niederberg.de', 'https://www.spz-wuppertal.de', 'http://www.ifd-wuppertal.de', 'https://www.germany4ukraine.de/hilfeportal-de', 'https://www.instagram.com/bergische_diakonie', 'https://www.facebook.com/bergischediakonie', 'https://www.kununu.com/de/bergische-diakonie']"
60.25,1,0,0,0,19,6,42.17,18.37,0.0,0.5,0,0,0,0,0.01,10,0.0,0,0,0,1,0,0,0,0,0,0,0,2,2,0,0,0,0,aidukraine.dk,dk,https://www.aidukraine.dk,-1,0,False,200,False,False,False,False,False,False,0,0,0,1,1,2022-03-01,"['https://aidukrainedk.wpengine.com/offer-help/#sb-text-3', 'https://www.facebook.com/tv2echo/videos/1198215601059097', 'http://rubystudio.dk', 'https://3dworld.com.ua', 'https://twitter.com/aidukrainedk', 'https://www.linkedin.com/company/ukraine-professional-aid-in-denmark']"
94.43,1,1,0,1,23,0,0.0,0.0,0.0,0.0,0,0,1,0,0.06,10,0.0,1,0,0,1,0,0,0,0,0,0,0,0,0,0,2,0,0,aid-ukraine.eu,eu,https://www.aid-ukraine.eu,200,0,False,200,False,False,False,False,False,False,0,0,0,1,1,2022-03-05,[]
389.67,1,0,0,0,10,4,48.0,8.46,0.0,0.5,0,1,0,1,0.05,10,0.0,0,0,0,1,0,0,0,0,1,0,0,0,0,0,0,0,0,aidukraine.org.uk,org.uk,https://www.aidukraine.org.uk,200,0,False,301,False,False,False,False,False,False,0,0,0,1,1,2022-03-19,"['https://www.facebook.com/groups/aidukraine.org.uk', 'https://www.instagram.com/aidukraineuk', 'https://donate.stripe.com/8wM5mEcHU1zI5TG5ks', 'https://www.paypal.com/donate/?hosted_button_id=M5BLH9SSDF78E']"
37.65,1,0,0,0,6,7,35.57,11.72,0.0,0.0,0,0,0,0,0.16,16,0.0,0,0,0,1,0,0,0,0,0,0,2,2,2,0,0,2,0,aidukrainedirect.com,com,https://www.aidukrainedirect.com,200,0,False,200,False,False,False,False,False,False,0,0,0,1,0,2022-04-03,"['https://www.gofundme.com/f/private-delivery-of-aid-to-ukraine', 'https://www.wildwheelchairs.co.uk', 'https://www.pensioncorporation.com', 'https://www.perspectiveinvestments.com', 'https://www.reading-school.co.uk', 'https://www.summit-digital.co.uk', 'https://webflow.com']"
37.65,1,0,0,0,6,7,35.57,11.72,0.0,0.0,0,0,0,0,0.05,16,0.0,0,0,0,1,0,0,0,0,0,0,2,2,2,0,0,2,0,aidukrainedirect.org,org,https://www.aidukrainedirect.org,200,0,False,200,False,False,False,False,False,False,0,0,0,1,1,2022-04-03,"['https://www.gofundme.com/f/private-delivery-of-aid-to-ukraine', 'https://www.wildwheelchairs.co.uk', 'https://www.pensioncorporation.com', 'https://www.perspectiveinvestments.com', 'https://www.reading-school.co.uk', 'https://www.summit-digital.co.uk', 'https://webflow.com']"
37.65,1,0,0,0,6,7,35.57,11.72,0.0,0.0,0,0,0,0,0.03,16,0.0,0,0,0,1,0,0,0,0,1,0,2,2,2,0,0,2,0,aidukrainedirect.uk,uk,https://www.aidukrainedirect.uk,200,0,False,200,False,False,False,False,False,False,0,0,0,1,0,2022-04-05,"['https://www.gofundme.com/f/private-delivery-of-aid-to-ukraine', 'https://www.wildwheelchairs.co.uk', 'https://www.pensioncorporation.com', 'https://www.perspectiveinvestments.com', 'https://www.reading-school.co.uk', 'https://www.summit-digital.co.uk', 'https://webflow.com']"
3.03,1,0,1,0,1,0,0.0,0.0,0.0,0.0,0,0,0,0,0.05,14,0.0,0,0,1,1,0,0,0,0,0,1,1,1,1,1,1,1,0,aidukrainefund.org,org,https://www.aidukrainefund.org,200,0,False,200,False,False,False,False,True,False,55,0,0,1,1,2022-04-06,[]
605.11,1,0,1,1,153,4,41.75,13.55,0.0,0.5,0,1,0,0,0.05,13,0.0,0,0,0,1,0,0,0,0,0,0,0,0,0,0,0,0,0,aidukrainenow.org,org,https://www.aidukrainenow.org,200,1,False,200,False,False,False,False,True,False,35,0,0,1,1,2022-03-30,"['http://www.facebook.com', 'https://www.paypal.com/donate/?hosted_button_id=ZHTCGMRHU6SF8', 'https://donate.stripe.com/fZe2bJ1Qk4Uz8De3cl', 'https://www.instagram.com/aidukrainenow']"
6.6,1,0,0,0,1,0,0.0,0.0,0.0,0.0,0,0,0,0,0.05,15,0.0,0,0,0,1,0,0,0,0,0,0,1,1,1,1,1,1,0,aidukrainetoday.org,org,https://www.aidukrainetoday.org,200,0,False,200,False,False,False,False,False,False,0,0,0,1,1,2022-03-08,[]
3.46,1,0,0,0,5,1,130.0,0.0,0.0,0.0,0,0,0,0,0.05,22,0.0,0,0,0,1,0,0,0,0,1,0,2,2,2,0,0,2,0,aidukrainiansintheeast.org,org,https://www.aidukrainiansintheeast.org,-1,0,False,200,False,False,False,False,True,False,55,0,0,1,0,2022-04-09,"['https://data2.unhcr.org/en/situations/ukraine#:~:text=Almost%203.7%20million%20refugees%20have,displaced%20to%20Moldova%20(UNHCR).']"
22.83,1,0,0,0,21,0,0.0,0.0,0.0,0.0,0,0,0,0,0.16,14,0.0,1,0,0,0,0,0,0,0,0,0,0,2,1,0,2,2,0,airwell-ukraine.com,com,https://www.airwell-ukraine.com,-1,0,False,200,False,False,False,False,False,False,0,0,0,1,1,2022-04-24,[]
275.42,1,0,0,0,14,6,31.5,11.01,0.0,0.0,0,0,1,0,0.01,22,0.0,1,0,0,0,0,0,0,0,1,0,0,0,0,0,0,0,1,aktionsbuendnis-ukraine.de,de,https://www.aktionsbuendnis-ukraine.de,200,0,False,301,False,False,False,False,True,False,82,0,0,1,1,2022-03-11,"['https://hyfagro.de', 'https://www.breisgauer-narrenzunft.de', 'https://www.fangemeinschaft.de/homepage/index.php', 'https://www.dsv.com/de-de', 'https://www.vbu-fr.de', 'https://cookiedatabase.org/tcf/purposes']"
19.71,1,0,0,0,13,4,25.5,2.69,0.5,0.25,0,0,1,0,0.01,16,0.0,1,0,0,0,0,0,0,0,1,0,2,2,2,0,2,2,0,aktuelles-ukraine.de,de,https://www.aktuelles-ukraine.de,200,0,False,200,False,False,False,False,False,False,0,1,0,0,0,2022-03-08,"['https://www.ukraine-bonn.eu', 'https://bit.ly/3tQ37i3', 'http://hamburgukraine.de', 'https://t.me/aktuellesukraine']"
214.03,1,0,0,0,26,1,25.0,0.0,0.0,0.0,0,0,1,0,0.01,14,0.0,2,0,0,0,0,0,0,0,1,0,0,0,0,0,0,0,1,ak-ukraine-hilfe.de,de,https://www.ak-ukraine-hilfe.de,200,0,False,200,False,False,False,False,True,False,82,0,0,1,1,2022-06-09,['http://www.pilz-media.com']
182.78,1,1,0,0,2,15,31.93,13.35,0.0,0.33,0,0,0,0,0.05,10,0.091,0,0,0,0,0,0,0,1,0,0,0,0,0,0,0,0,0,all4ukraine.org,org,https://www.all4ukraine.org,200,0,False,200,False,False,False,False,False,False,0,0,0,1,0,2022-04-05,"['https://send.monobank.ua/4U7sbyZwLA?utm_medium=mono', 'https://youcontrol.com.ua/ru/contractor/?id=64719976', 'https://blest.ua', 'https://iskofita.com.ua', 'https://dopomoga.pension.ua', 'https://krx.in.ua', 'http://kalinagroup.com', 'https://www.instagram.com/brosko.in.ua', 'https://magniflex.in.ua', 'https://biovit.ua/ua', 'https://liki.cn.ua', 'https://www.facebook.com/blest.uzhgorod', 'https://twitter.com/all_4_ukraine', 'https://www.youtube.com/channel/UC33UhCxyFSXd9KZgEoYwLUg', 'https://www.linkedin.com/company/all4ukraine']"
49.11,0,1,0,0,2,2,28.0,13.0,0.0,0.0,0,0,0,0,0.16,15,0.0,0,0,0,0,0,0,0,0,0,0,0,0,0,0,2,0,1,allaboutukraine.com,com,https://www.allaboutukraine.com,200,1,False,200,True,False,False,False,True,False,99,0,0,1,0,2022-03-23,"['https://dan.com', 'https://www.trustpilot.com/review/dan.com']"
124.43,0,0,0,0,5,7,45.43,18.13,0.14,0.29,0,0,0,0,0.03,16,0.0,0,0,0,0,0,0,0,0,0,0,0,0,0,0,0,0,0,allbehindukraine.fr,fr,https://www.allbehindukraine.fr,200,0,False,200,False,False,False,False,True,False,55,0,0,1,1,2022-03-03,"['https://allbehind.fr', 'https://www.helloasso.com/associations/all-behind/formulaires/1/widget', 'https://www.google.com/maps/search/?api=1&query=48.106988,-1.672794', 'https://www.instagram.com/all_behind_ukraine', 'https://www.facebook.com/All-Behind-100306449276601', 'https://wordpress.com/?ref=footer_custom_svg', 'https://wp.me/PdLybL-j']"
284.8,1,0,0,0,21,0,0.0,0.0,0.0,0.0,0,0,0,0,0.05,13,0.0,0,0,0,0,0,0,1,0,1,0,0,0,0,0,0,0,0,allforukraine.org,org,https://www.allforukraine.org,-1,0,False,301,False,False,False,False,False,False,77,0,0,1,1,2022-03-02,[]
357.93,1,0,0,0,211,3,56.0,33.44,0.0,0.0,0,0,0,0,0.05,15,0.062,0,0,0,0,0,0,0,1,0,0,0,0,0,0,0,0,0,alliance4ukraine.org,org,https://www.alliance4ukraine.org,200,0,False,200,False,False,False,False,True,False,61,0,0,1,1,2022-03-02,"['https://welcome-alliance.org', 'https://www.bmi.bund.de/SharedDocs/pressemitteilungen/DE/2022/04/schirmherrschaft-alliance4ukraine.html', 'https://projecttogether.org/impressum']"
642.58,1,0,0,0,47,4,284.75,365.56,0.0,0.75,0,0,0,0,0.16,12,0.0,1,0,0,0,0,0,0,0,1,0,0,0,0,0,0,0,0,all-ukrainian.com,com,https://www.all-ukrainian.com,200,0,False,200,False,False,False,False,False,False,0,0,0,1,1,2022-06-25,"['https://www.facebook.com/profile.php?id=100083857457772', 'https://www.instagram.com/allukrainian', 'https://twitter.com/share?text=Безшовні спортивні легінси&url=https://all-ukrainian.com/products/sportivni-zhinochi-losini-tbu10832', 'https://pinterest.com/pin/create/button/?url=https://all-ukrainian.com/products/sportivni-zhinochi-losini-tbu10832&media=https://all-ukrainian.com/cdn/shop/files/eyJidWNrZXQiOiJsb25jYXBhemFyIiwia2V5IjoicHJvZHVjdC9UdWJhLUJ1dGlrL1RCVTEwODMyLTEiLCJlZGl0cyI6eyJyZXNpemUiOnsiZml0IjoiY29udGFpbiIsIndpZHRoIjo3NTB9LCJyb3RhdGUiOm51bGwsInJvdW5kQ3JvcCI6ZmF_large.webp?v=1688547483&description=%D0%91%D0%B5%D0%B7%D1%88%D0%BE%D0%B2%D0%BD%D1%96%20%D1%81%D0%BF%D0%BE%D1%80%D1%82%D0%B8%D0%B2%D0%BD%D1%96%20%D0%BB%D0%B5%D0%B3%D1%96%D0%BD%D1%81%D0%B8%20-%20%D0%B2%D0%B0%D1%88%20%D1%96%D0%B4%D0%B5%D0%B0%D0%BB%D1%8C%D0%BD%D0%B8%D0%B9%20%D1%81%D0%BF%D1%83%D1%82%D0%BD%D0%B8%D0%BA%20%D1%83%20%D1%81%D0%B2%D1%96%D1%82%D1%96%20%D1%84%D1%96%D1%82%D0%BD%D0%B5%D1%81%D1%83%20%D1%82%D0%B0%20%D0%B0%D0%BA%D1%82%D0%B8%D0%B2%D0%BD%D0%BE%D0%B3%D0%BE%20%D1%81%D0%BF%D0%BE%D1%81%D0%BE%D0%B1%D1%83%20%D0%B6%D0%B8%D1%82%D1%82%D1%8F.%20%D0%A6%D1%96...']"
175.8,0,0,0,0,2,26,53.27,26.39,0.08,0.23,0,0,0,0,0.16,16,0.0,0,0,0,0,0,0,0,0,0,0,0,0,0,0,0,0,0,allwillbeukraine.com,com,https://www.allwillbeukraine.com,200,0,False,301,False,False,False,False,False,False,0,0,0,1,1,2022-03-10,"['https://everythingwillbeukraine.org', 'https://www.youtube.com/channel/UC1HB44Xj4XLQHBqnYv7qkAA', 'https://www.facebook.com/raihan.islam.fb/videos/478609567302126', 'https://www.instagram.com/p/Ca0i3tQlr0b', 'https://www.linkedin.com/feed/update/urn:li:activity:6906678684909215744', 'https://twitter.com/Raihan_Islam/status/1501341077160091652', 'https://youtu.be/S9_tp1aecCw', 'https://raihanislam.com', 'https://americanukrainian.com', 'https://www.sunflowerofpeace.com', 'https://fb.watch/bW24KQ3iFz', 'https://razomforukraine.org', 'https://savelife.in.ua/en', 'https://www.ukrainenow.org', 'https://unitedhelpukraine.org', 'https://vostok-sos.org/en/ukraine-under-fire-support-vostok-sos-aid-operation', 'https://voices.org.ua/en', 'https://bank.gov.ua/en/news/all/natsionalniy-bank-vidkriv-spetsrahunok-dlya-zboru-koshtiv-na-potrebi-armiyi', 'https://my.care.org/site/Donation2?df_id=31067&mfc_pref=T&31067.donation=form1', 'https://help.rescue.org/donate/ukraine-acq', 'https://give.internationalmedicalcorps.org/page/99837/donate/1', 'https://medium.com/international-medical-corps-snapshots/snapshots-may-2022-a4d537884b2d', 'https://www.cbsnews.com/news/ukraine-health-care-workers-russia-60-minutes-2022-04-03', 'https://www.malteser-international.org/en/our-work/europe/ukraine.html', 'https://www.projecthope.org/crisis-in-ukraine-could-spiral-into-widespread-humanitarian-catastrophe/02/2022', 'https://www.barnardos.org.uk/what-we-do/helping-families/ukrainian-helpline']"
175.8,0,0,0,0,2,26,53.27,26.39,0.08,0.23,0,0,0,0,0.13,16,0.0,0,0,0,0,0,0,0,0,0,0,0,0,0,0,0,0,0,allwillbeukraine.net,net,https://www.allwillbeukraine.net,200,0,False,301,False,False,False,False,False,False,0,0,1,0,1,2022-03-10,"['https://everythingwillbeukraine.org', 'https://www.youtube.com/channel/UC1HB44Xj4XLQHBqnYv7qkAA', 'https://www.facebook.com/raihan.islam.fb/videos/478609567302126', 'https://www.instagram.com/p/Ca0i3tQlr0b', 'https://www.linkedin.com/feed/update/urn:li:activity:6906678684909215744', 'https://twitter.com/Raihan_Islam/status/1501341077160091652', 'https://youtu.be/S9_tp1aecCw', 'https://raihanislam.com', 'https://americanukrainian.com', 'https://www.sunflowerofpeace.com', 'https://fb.watch/bW24KQ3iFz', 'https://razomforukraine.org', 'https://savelife.in.ua/en', 'https://www.ukrainenow.org', 'https://unitedhelpukraine.org', 'https://vostok-sos.org/en/ukraine-under-fire-support-vostok-sos-aid-operation', 'https://voices.org.ua/en', 'https://bank.gov.ua/en/news/all/natsionalniy-bank-vidkriv-spetsrahunok-dlya-zboru-koshtiv-na-potrebi-armiyi', 'https://my.care.org/site/Donation2?df_id=31067&mfc_pref=T&31067.donation=form1', 'https://help.rescue.org/donate/ukraine-acq', 'https://give.internationalmedicalcorps.org/page/99837/donate/1', 'https://medium.com/international-medical-corps-snapshots/snapshots-may-2022-a4d537884b2d', 'https://www.cbsnews.com/news/ukraine-health-care-workers-russia-60-minutes-2022-04-03', 'https://www.malteser-international.org/en/our-work/europe/ukraine.html', 'https://www.projecthope.org/crisis-in-ukraine-could-spiral-into-widespread-humanitarian-catastrophe/02/2022', 'https://www.barnardos.org.uk/what-we-do/helping-families/ukrainian-helpline']"
27.88,1,0,0,0,10,2,29.5,3.5,0.0,0.0,0,0,0,0,0.16,11,0.0,1,0,0,0,0,0,0,0,0,0,2,2,2,0,0,2,0,alma-ukraine.com,com,https://www.alma-ukraine.com,200,0,False,0,False,False,False,False,True,False,55,0,0,1,1,2022-07-13,"['https://top-casinos.com.ua', 'https://b-p.com.ua/online-casinos']"
7.52,0,0,0,0,1,1,39.0,0.0,0.0,0.0,0,0,1,0,0.01,16,0.059,0,0,0,0,0,0,0,1,1,0,2,2,2,0,2,2,0,ambulance2ukraine.blog,blog,https://www.ambulance2ukraine.blog,200,0,False,200,False,False,False,False,False,False,0,1,0,0,1,2022-07-26,['https://wordpress.com/?ref=private_site']
65.6,1,0,0,0,9,0,0.0,0.0,0.0,0.0,0,0,0,0,0.05,14,0.067,0,0,0,0,0,0,0,1,0,0,0,0,0,0,1,0,0,america4ukraine.org,org,https://www.america4ukraine.org,200,0,False,200,False,False,False,False,False,False,0,0,0,1,0,2022-04-08,[]
172.09,1,0,0,0,5,3,44.0,15.25,0.0,0.33,0,1,0,0,0.05,32,0.0,0,0,0,0,1,0,1,0,1,0,0,0,0,0,0,0,1,americacaresforukrainianchildren.org,org,https://www.americacaresforukrainianchildren.org,200,0,False,301,False,False,False,False,True,False,82,0,0,1,1,2022-03-24,"['https://www.paypal.com/donate/?hosted_button_id=SUVT6WBMPEQ9L', 'https://www.facebook.com/groups/686392126050520', 'https://aha4creative.com']"
4.68,1,0,0,0,1,1,40.0,0.0,0.0,0.0,0,0,0,0,0.16,17,0.0,0,0,0,0,0,0,1,0,0,1,2,2,2,0,2,2,0,americaforukraine.com,com,https://www.americaforukraine.com,200,0,False,200,False,False,False,False,True,False,55,1,0,0,1,2022-03-10,['https://www.govtrack.us/congress/members']
13.25,1,0,0,0,12,3,38.0,6.38,0.0,1.0,0,0,0,0,0.05,17,0.0,0,0,0,0,0,0,1,0,1,0,2,2,2,0,2,2,0,americaforukraine.org,org,https://www.americaforukraine.org,200,0,False,200,False,False,False,False,False,False,0,1,0,0,0,2022-03-03,"['https://www.facebook.com/americaforukraine', 'https://twitter.com/USAFORUKR', 'https://www.instagram.com/americaforukraine']"
78.8,1,0,0,0,15,3,45.67,9.67,0.0,1.0,0,0,0,0,0.05,27,0.0,0,0,0,0,0,0,1,0,1,0,0,0,2,0,0,0,0,americancoalitionforukraine.org,org,https://www.americancoalitionforukraine.org,200,0,False,200,False,False,False,False,False,False,0,0,0,1,0,2022-07-02,"['https://www.facebook.com/AmericanCoalitionForUkraine', 'https://www.instagram.com/americancoalitionforukraine', 'https://twitter.com/americaforua']"
52.39,1,0,0,0,3,0,0.0,0.0,0.0,0.0,0,0,0,0,0.16,20,0.0,0,0,0,0,0,0,0,0,1,0,0,0,0,0,0,0,0,americanswithukraine.com,com,https://www.americanswithukraine.com,200,1,False,200,False,False,False,False,True,False,61,0,0,1,1,2022-02-27,[]
79.71,1,0,0,0,7,1,73.0,0.0,0.0,1.0,0,0,0,0,0.05,15,0.0,0,0,0,0,0,0,0,0,0,0,2,0,0,0,0,0,0,americanukraine.org,org,https://www.americanukraine.org,200,0,False,200,False,False,False,False,True,False,55,0,0,1,1,2022-03-25,['https://www.linkedin.com/company/american-ukrainian-business-council-aubc']
7.32,1,0,0,0,3,8,46.88,16.77,0.12,0.75,0,0,0,0,0.13,17,0.0,0,0,0,0,0,0,0,0,1,0,2,2,2,0,0,2,0,americanukrainian.net,net,https://www.americanukrainian.net,200,0,False,301,False,False,False,False,True,False,55,0,0,1,0,2022-03-22,"['https://raihanislam.com', 'https://www.youtube.com/channel/UC1HB44Xj4XLQHBqnYv7qkAA', 'https://www.facebook.com/raihan.islam.fb/videos/478609567302126', 'https://www.instagram.com/p/CbA7OC_FYqv', 'https://www.linkedin.com/feed/update/urn:li:activity:6906678684909215744', 'https://twitter.com/Raihan_Islam/status/1501341077160091652', 'https://youtu.be/S9_tp1aecCw', 'https://everythingwillbeukraine.org']"
7.32,1,0,0,0,3,8,46.88,16.77,0.12,0.75,0,0,0,0,0.05,17,0.0,0,0,0,0,0,0,0,0,1,0,2,2,2,0,0,2,0,americanukrainian.org,org,https://www.americanukrainian.org,200,0,False,301,False,False,False,False,True,False,55,0,0,1,0,2022-03-21,"['https://raihanislam.com', 'https://www.youtube.com/channel/UC1HB44Xj4XLQHBqnYv7qkAA', 'https://www.facebook.com/raihan.islam.fb/videos/478609567302126', 'https://www.instagram.com/p/CbA7OC_FYqv', 'https://www.linkedin.com/feed/update/urn:li:activity:6906678684909215744', 'https://twitter.com/Raihan_Islam/status/1501341077160091652', 'https://youtu.be/S9_tp1aecCw', 'https://everythingwillbeukraine.org']"
48.1,1,0,0,0,2,1,21.0,0.0,0.0,0.0,0,0,0,0,0.16,27,0.0,0,0,0,0,0,0,0,0,1,0,0,0,0,0,0,0,0,americanukrainianfoundation.com,com,https://www.americanukrainianfoundation.com,-1,0,False,200,False,False,False,False,True,False,55,0,0,1,1,2022-05-26,['https://wordpress.com']
47.78,1,0,0,0,2,1,21.0,0.0,0.0,0.0,0,0,0,0,0.05,27,0.0,0,0,0,0,0,0,0,0,1,0,0,0,0,0,0,0,0,americanukrainianfoundation.org,org,https://www.americanukrainianfoundation.org,-1,0,False,200,False,False,False,False,True,False,55,1,0,0,1,2022-05-26,['https://wordpress.com']
107.11,1,0,0,0,14,1,214.0,0.0,0.0,0.0,0,0,0,0,0.16,11,0.0,0,0,0,0,0,0,0,0,0,1,2,2,2,0,0,2,0,amkaukraine.com,com,https://www.amkaukraine.com,200,0,False,200,False,False,False,False,False,False,0,0,0,1,1,2022-05-18,['https://www.google.com/url?q=https%3A%2F%2Fsites.google.com%2Fview%2Famka-limited%2F%25D0%25B3%25D0%25BE%25D0%25BB%25D0%25BE%25D0%25B2%25D0%25BD%25D0%25B0%3Fauthuser%3D2&sa=D&sntz=1&usg=AOvVaw0S1LK23-pMIj4s2ozfPZOJ']
332.48,0,0,0,0,2,8,34.0,12.38,0.0,0.62,0,0,0,0,0.16,10,0.0,0,0,0,0,0,0,0,0,0,1,0,0,0,0,0,0,0,amlukraine.com,com,https://www.amlukraine.com,200,0,False,403,False,False,False,False,False,False,0,0,0,1,0,2022-05-24,"['https://amluae.com', 'https://www.facebook.com/AML-UAE-102522221999073', 'https://www.linkedin.com/company/amluae', 'https://www.youtube.com/channel/UC11ygCJx3y5BWhWYEOlse6w', 'https://twitter.com/uaeaml', 'https://www.pinterest.com/aml_uae', 'https://www.instagram.com/uaeaml', 'https://www.dmca.com']"
3.56,1,0,0,0,1,0,0.0,0.0,0.0,0.0,0,0,1,0,0.06,14,0.0,0,0,0,0,0,0,0,0,1,0,1,1,1,1,1,1,0,amplifyukraine.eu,eu,https://www.amplifyukraine.eu,200,1,False,200,False,False,False,False,False,False,0,0,0,1,1,2022-04-14,[]
35.61,1,0,0,0,1,2,30.5,9.5,0.0,0.0,0,0,0,0,0.05,12,0.0,0,0,0,0,0,0,0,0,0,0,2,2,0,0,0,0,1,amsinukraine.org,org,https://www.amsinukraine.org,200,0,False,200,True,False,False,False,True,False,77,0,0,1,0,2022-07-20,"['https://gator2123.temp.domains/~amsinine', 'https://wordpress.org']"
29.85,1,0,0,0,20,12,49.92,24.56,0.08,0.17,0,1,0,0,0.16,16,0.059,0,0,0,0,0,0,0,1,0,0,2,2,2,0,2,2,0,amsterdam4ukraine.com,com,https://www.amsterdam4ukraine.com,200,0,False,200,False,False,False,False,False,False,0,0,0,1,0,2022-03-19,"['https://goo.gl/maps/EYmirbHRk2R1ngpK9', 'https://betaalverzoek.rabobank.nl/betaalverzoek/?id=KGNhkOAjQL6NU9R0d6CnDA&qsl_reqcnt=1', 'https://www.paypal.me/amsterdam4ukraine', 'https://www.doyourself.nl', 'https://www.autoverhuuramsterdamoost.nl', 'https://www.sqr.nl', 'https://www.multicopy.nl/Multicopy-Amsterdam-Centrum/#homepage_banners', 'http://www.kaasboerderijsloten.nl', 'http://www.kesbeke.nl', 'https://www.amsterdam.nl/zorg-ondersteuning/amsterdam-steunt-oekraine/#PagCls_16702026', 'https://www.facebook.com/sharer/sharer.php?u=https%3A//amsterdam4ukraine.nl', 'https://twitter.com/intent/tweet?text=https%3A//amsterdam4ukraine.com']"
28.91,1,1,0,0,11,0,0.0,0.0,0.0,0.0,0,0,0,0,0.01,24,0.0,0,0,0,0,0,0,1,0,0,0,0,2,1,0,2,2,0,amsterdamcooksforukraine.nl,nl,https://www.amsterdamcooksforukraine.nl,200,0,False,200,False,False,False,False,False,False,0,0,0,1,1,2022-03-08,[]
134.66,1,0,0,0,4,1,48.0,0.0,0.0,1.0,0,0,1,0,0.08,24,0.0,0,0,0,0,1,0,0,0,1,0,0,0,0,0,0,0,0,ancientukrainianornament.art,art,https://www.ancientukrainianornament.art,-1,0,False,200,False,False,False,False,False,False,0,0,0,1,0,2022-06-08,['https://api.whatsapp.com/send?phone=380992558686']
154.19,1,0,0,0,1,2,24.0,5.0,0.0,0.0,0,0,0,0,0.16,31,0.0,1,0,0,0,0,0,0,0,1,0,0,0,0,0,0,0,0,andresvalencia-invasionofukraine.com,com,https://www.andresvalencia-invasionofukraine.com,-1,0,False,200,False,False,False,False,False,False,0,0,0,1,0,2022-07-01,"['http://abilityinfosystems.com', 'https://elebird.com']"
56.69,1,0,0,0,1,5,41.2,11.37,0.0,0.8,0,0,1,0,0.06,13,0.071,0,0,0,0,0,0,0,1,1,0,0,2,2,0,2,2,0,angels4ukraine.eu,eu,https://www.angels4ukraine.eu,200,0,False,200,False,False,False,False,False,False,0,0,0,1,0,2022-03-03,"['https://bacb.de/en/privacy-policy', 'https://www.linkedin.com/company/bacb-de', 'https://www.facebook.com/BusinessAngelsClubBerlinBrandenburg', 'https://twitter.com/BACB_eV', 'https://www.instagram.com/business_angels_club']"
104.99,1,0,0,0,8,2,87.0,52.0,0.0,0.0,0,0,0,0,0.16,12,0.0,1,0,0,0,0,0,0,0,1,0,2,0,2,0,0,0,0,angel-ukraine.com,com,https://www.angel-ukraine.com,-1,0,False,200,False,False,False,False,False,False,0,0,0,1,1,2022-07-15,"['https://policies.google.com/privacy', 'https://www.godaddy.com/websites/website-builder?isc=pwugc&utm_source=wsb&utm_medium=applications&utm_campaign=en-us_corp_applications_base']"
96.57,0,0,0,0,25,10,182.3,111.36,0.0,0.6,0,0,1,0,0.01,21,0.0,0,0,0,0,0,0,0,0,1,0,2,2,2,0,0,2,0,ankommenausderukraine.de,de,https://www.ankommenausderukraine.de,200,0,False,200,False,False,False,False,False,False,0,0,0,1,1,2022-03-11,"['https://www.facebook.com/sharer.php?u=https://www.bertelsmann-stiftung.de/de/unsere-projekte/kommunen-in-der-ukrainekrise-staerken', 'https://twitter.com/share?url=https://www.bertelsmann-stiftung.de/de/unsere-projekte/kommunen-in-der-ukrainekrise-staerken&text=Kommunen%20in%20der%20Ukrainekrise%20st%C3%A4rken&via=BertelsmannSt', 'https://www.linkedin.com/shareArticle?url=https://www.bertelsmann-stiftung.de/de/unsere-projekte/kommunen-in-der-ukrainekrise-staerken&title=Kommunen%20in%20der%20Ukrainekrise%20st%C3%A4rken', 'https://reddit.com/submit?url=https://www.bertelsmann-stiftung.de/de/unsere-projekte/kommunen-in-der-ukrainekrise-staerken&title=Kommunen%20in%20der%20Ukrainekrise%20st%C3%A4rken', 'https://pinterest.com/pin/create/bookmarklet/?media=[post-img]&url=https://www.bertelsmann-stiftung.de/de/unsere-projekte/kommunen-in-der-ukrainekrise-staerken&is_video=[is_video]&description=Kommunen%20in%20der%20Ukrainekrise%20st%C3%A4rken', 'https://api.whatsapp.com/send?text=Kommunen%20in%20der%20Ukrainekrise%20st%C3%A4rken%20https://www.bertelsmann-stiftung.de/de/unsere-projekte/kommunen-in-der-ukrainekrise-staerken', 'https://www.xing.com/spi/shares/new?url=https://www.bertelsmann-stiftung.de/de/unsere-projekte/kommunen-in-der-ukrainekrise-staerken', 'https://eur04.safelinks.protection.outlook.com/?url=https%3A%2F%2Fwww.bertelsmann-stiftung.de%2Fde%2Funsere-projekte%2Fveranstaltungen%2Fveranstaltungsanmeldung%2F%3Fcode%3D6782GC&data=05%7C01%7C%7C895453ed70564baec21a08da3d5a7629%7C7d7c3f36655c4e7a87d289ca2110c1d3%7C0%7C0%7C637889755988015046%7CUnknown%7CTWFpbGZsb3d8eyJWIjoiMC4wLjAwMDAiLCJQIjoiV2luMzIiLCJBTiI6Ik1haWwiLCJXVCI6Mn0%3D%7C3000%7C%7C%7C&sdata=DLxI0VRWTTU0I8%2BTX0FSN52d7Ms6HLPM%2B61fMaU3pKo%3D&reserved=0', 'https://www.instagram.com/bertelsmannstiftung', 'https://www.youtube.com/user/BertelsmannStiftung?gl=DE&amp;hl=de']"
7.05,1,0,0,0,2,0,0.0,0.0,0.0,0.0,0,0,0,0,0.05,13,0.0,1,0,0,0,0,0,0,0,0,0,1,1,1,1,1,1,0,annecy-ukraine.org,org,https://www.annecy-ukraine.org,200,0,False,200,False,False,False,False,True,False,61,0,0,1,0,2022-03-09,[]
1.18,1,0,0,0,1,0,0.0,0.0,0.0,0.0,0,0,0,0,0.16,9,0.0,0,0,0,0,0,0,0,0,1,0,1,1,1,1,1,1,1,anukraine.com,com,https://www.anukraine.com,-1,0,False,200,False,False,False,False,True,False,95,0,0,1,1,2022-03-02,[]
266.85,1,0,0,0,1,0,0.0,0.0,0.0,0.0,0,0,0,0,0.16,17,0.0,0,0,0,0,0,0,1,0,0,0,0,0,0,0,0,0,0,apparelforukraine.com,com,https://www.apparelforukraine.com,200,0,False,200,False,False,False,False,True,False,55,0,0,1,1,2022-03-06,[]
58.31,1,1,1,0,1,22,27.68,12.1,0.0,0.09,0,0,0,0,0.16,14,0.0,0,0,0,0,0,0,1,0,0,0,0,2,2,0,2,2,0,appsforukraine.com,com,https://www.appsforukraine.com,200,0,False,200,False,False,False,False,True,False,55,0,0,1,1,2022-03-30,"['https://altruisto.com/ukraine/receipts', 'https://www.unum.la', 'https://betterme.world/product/meditation', 'https://bear.app', 'https://www.abaenglish.com', 'https://meaningful-things.com/focus', 'https://concepts.app ', 'https://ourflat-app.com', 'https://chester-sw.com', 'https://utalk.com', 'https://www.neomeditation.com/en', 'https://app.ckbk.com', 'https://timelog.link', 'https://mytasksapp.com', 'https://play.google.com/store/apps/details?id=com.perracolabs.pixtica', 'https://www.mindspa.me', 'https://taskito.io', 'https://bazaart.me', 'https://getslowly.com', 'https://owjmk76e2tk.typeform.com/to/m3Bc44sO', 'https://twitter.com/altruistoCom', 'https://facebook.com/altruistoCom']"
147.91,1,0,0,0,5,1,35.0,0.0,0.0,0.0,0,0,0,0,0.16,10,0.0,0,0,0,0,0,0,0,0,1,0,0,0,0,0,0,0,0,appukraine.com,com,https://www.appukraine.com,200,0,False,200,False,False,False,False,False,False,0,0,1,0,0,2022-06-16,['https://policies.google.com/privacy']
59.75,1,0,0,0,11,0,0.0,0.0,0.0,0.0,0,0,1,0,0.01,24,0.0,1,0,0,0,0,0,0,0,0,0,0,0,0,0,1,0,0,arbeitskreis-ukrainehilfe.de,de,https://www.arbeitskreis-ukrainehilfe.de,200,0,False,200,False,False,False,False,False,False,0,0,0,1,1,2022-03-11,[]
8.48,1,0,0,0,1,1,34.0,0.0,0.0,1.0,0,0,0,0,0.05,14,0.0,0,0,0,0,0,1,1,0,0,0,2,2,2,0,2,2,0,armsforukraine.org,org,https://www.armsforukraine.org,200,0,False,200,False,False,False,False,False,False,0,1,0,0,1,2022-03-16,['https://twitter.com/armsforukraine']
0.11,1,0,0,0,1,0,0.0,0.0,0.0,0.0,0,0,0,0,0.16,14,0.0,1,0,0,0,0,1,0,0,1,0,1,1,1,1,1,1,0,armysos-ukraine.com,com,https://www.armysos-ukraine.com,-1,0,False,200,False,False,False,False,True,False,61,0,0,1,1,2022-03-07,[]
133.37,1,0,0,0,43,0,0.0,0.0,0.0,0.0,0,0,1,0,0.01,10,0.091,0,0,0,0,1,0,0,1,1,0,0,0,0,0,0,0,0,art4ukraine.de,de,https://www.art4ukraine.de,200,0,False,200,False,False,False,False,False,False,0,0,0,1,1,2022-03-07,[]
27.98,1,0,0,0,6,1,22.0,0.0,0.0,0.0,0,0,0,0,0.05,10,0.091,0,0,0,0,1,0,0,1,0,0,2,2,2,0,2,2,0,art4ukraine.org,org,https://www.art4ukraine.org,200,0,False,200,False,False,False,False,True,False,35,0,0,1,0,2022-03-08,['https://www.jouwweb.be']
142.49,1,0,0,0,6,0,0.0,0.0,0.0,0.0,0,0,0,0,0.16,13,0.0,0,0,0,1,1,0,0,0,0,0,0,0,0,0,0,0,0,artaidukraine.com,com,https://www.artaidukraine.com,200,0,False,200,False,False,False,False,False,False,77,0,0,1,0,2022-03-22,[]
196.81,1,0,0,0,13,5,65.4,37.58,0.0,0.6,0,1,0,0,0.05,19,0.0,0,0,0,0,1,0,0,0,0,0,0,0,0,0,0,0,0,artandsoulofukraine.org,org,https://www.artandsoulofukraine.org,200,1,False,200,False,False,False,False,False,False,0,0,0,1,0,2022-06-03,"['https://www.paypal.com/donate/?hosted_button_id=MLATM79HNMD2L', 'https://www.facebook.com/artandsoulofukraine', 'https://www.instagram.com/artandsoulofukraine', 'https://www.twitter.com/ArtSoulUkraine', 'https://www.godaddy.com/websites/website-builder?isc=pwugc&utm_source=wsb&utm_medium=applications&utm_campaign=en-us_corp_applications_base']"
40.3,1,0,0,0,2,5,38.8,3.71,0.2,0.2,1,0,0,0,0.16,13,0.0,0,0,0,0,1,0,1,0,1,0,2,2,2,0,2,2,0,artforukraine.com,com,https://www.artforukraine.com,200,0,False,200,False,False,False,False,True,False,61,0,0,1,0,2022-02-27,"['https://www.instagram.com/smutik/?hl=en', 'https://forms.gle/ApCVEnq9FbwtAwWE7', 'https://www.mightycause.com/story/E5h6gf', 'https://www.bonfire.com/store/art-for-ukraine', 'https://woo.com/products/storefront']"
40.3,1,0,0,0,2,5,38.8,3.71,0.2,0.2,1,0,0,0,0.13,13,0.0,0,0,0,0,1,0,1,0,0,0,2,2,2,0,2,2,0,artforukraine.net,net,https://www.artforukraine.net,200,0,False,200,False,False,False,False,True,False,61,0,0,1,1,2022-02-27,"['https://www.instagram.com/smutik/?hl=en', 'https://forms.gle/ApCVEnq9FbwtAwWE7', 'https://www.mightycause.com/story/E5h6gf', 'https://www.bonfire.com/store/art-for-ukraine', 'https://woo.com/products/storefront']"
40.3,1,0,0,0,2,5,38.8,3.71,0.2,0.2,1,0,0,0,0.05,13,0.0,0,0,0,0,1,0,1,0,1,0,2,2,2,0,2,2,0,artforukraine.org,org,https://www.artforukraine.org,200,0,False,200,False,False,False,False,True,False,61,0,0,1,0,2022-02-27,"['https://www.instagram.com/smutik/?hl=en', 'https://forms.gle/ApCVEnq9FbwtAwWE7', 'https://www.mightycause.com/story/E5h6gf', 'https://www.bonfire.com/store/art-for-ukraine', 'https://woo.com/products/storefront']"
287.39,1,0,0,0,33,5,92.4,100.46,0.0,0.6,0,0,0,0,0.2,13,0.0,0,0,0,0,1,0,1,0,0,0,0,0,0,0,0,0,1,artforukraine.world,world,https://www.artforukraine.world,200,1,True,200,False,False,False,True,True,False,88,0,0,1,1,2022-03-01,"['https://www.facebook.com/art.for.ukraine.24.02.2022', 'https://www.instagram.com/artforukraine.world', 'https://twitter.com/ARTFOR_UKRAINE', 'https://scontent-fra5-1.cdninstagram.com/v/t51.29350-15/414203289_7035234063166003_4515815087553500064_n.jpg?_nc_cat=110&ccb=1-7&_nc_sid=18de74&_nc_ohc=3ZP8JM5wrGQAb69G_6g&_nc_ht=scontent-fra5-1.cdninstagram.com&edm=AM6HXa8EAAAA&oh=00_AfA2LKncCHLWyLZafP2xX22wbTkJ_QpiiZDiSqkk-oyUdg&oe=661E537E', 'https://cookiedatabase.org/tcf/purposes']"
130.72,1,0,0,0,54,6,37.17,18.59,0.0,0.17,0,0,0,0,0.16,15,0.0,0,0,0,0,1,0,0,0,0,0,0,0,0,0,0,0,0,artfrontukraine.com,com,https://www.artfrontukraine.com,200,0,False,200,False,False,False,False,False,False,0,0,0,1,1,2022-07-21,"['https://www.facebook.com/Art-Front-Ukraine-101982036007722', 'https://nasha-vsyudy.com.ua', 'http://pzh.org.pl', 'http://pokolenie.org.pl', 'https://www.polskieradio.pl/398', 'https://demo.creativethemes.com/blocksy/cleaning-service/?page_id=9']"
196.96,1,0,0,0,1,1,100.0,0.0,0.0,0.0,0,0,0,0,0.01,17,0.0,0,0,0,1,1,0,1,0,1,0,0,0,0,0,0,0,0,arthelpforukraine.dk,dk,https://www.arthelpforukraine.dk,200,0,False,200,False,False,False,False,False,False,40,0,0,1,1,2022-05-04,['https://www.one.com/en/websitebuilder?utm_source=hosted_by&utm_medium=hosted_by&utm_campaign=default']
1527.2,1,0,0,0,8,3,36.33,13.2,0.0,0.33,0,0,0,0,0.16,15,0.0,1,0,0,0,1,0,0,0,1,0,0,0,0,0,0,0,0,artistes-ukraine.com,com,https://www.artistes-ukraine.com,200,0,False,200,False,False,False,False,False,False,0,0,0,1,1,2022-06-22,"['https://www.twitter.com/ArtistesUkraine', 'https://www.payasso.fr/artistes-pour-l-ukraine/dons', 'https://www.wix.com']"
146.23,1,0,0,0,33,2,48.0,1.0,0.0,1.0,0,0,0,0,0.16,14,0.067,0,0,0,0,1,0,0,1,1,0,0,0,0,0,0,0,0,artists4ukraine.com,com,https://www.artists4ukraine.com,200,1,False,200,False,False,False,False,False,False,0,0,0,1,0,2022-03-03,"['https://www.facebook.com/Artists4UkraineCharity', 'https://www.instagram.com/artists4ukraine_charity']"
5.3,1,0,0,0,1,0,0.0,0.0,0.0,0.0,0,0,0,1,0.16,14,0.067,0,0,0,0,1,0,0,1,1,0,1,1,1,1,1,1,0,artists4ukraine.com.au,com.au,https://www.artists4ukraine.com.au,200,0,False,200,False,False,False,False,True,False,55,0,0,1,1,2022-05-06,[]
1.2,1,0,0,0,1,0,0.0,0.0,0.0,0.0,0,0,0,0,0.16,17,0.0,0,0,0,0,1,0,1,0,0,0,1,1,1,1,1,1,1,artistsforukraine.com,com,https://www.artistsforukraine.com,-1,0,False,200,False,False,False,False,True,False,95,0,0,1,0,2022-02-28,[]
134.62,1,0,0,0,1,3,50.33,8.65,0.0,0.33,0,0,1,0,0.06,17,0.0,0,0,0,0,1,0,1,0,1,0,0,0,0,0,0,0,0,artistsforukraine.eu,eu,https://www.artistsforukraine.eu,200,0,False,200,False,False,False,False,False,False,0,0,0,1,0,2022-03-04,"['https://padlet.com/artistforukraine/c3svej7v2nwj17mc', 'https://www.facebook.com/Artists-for-Ukraine-101993285771861', 'https://www.softr.io/?via=madewithbadge']"
21.16,1,0,0,0,22,0,0.0,0.0,0.0,0.0,0,0,0,0,0.05,17,0.0,0,0,0,0,1,0,1,0,0,0,0,2,1,-1,2,2,0,artistsforukraine.org,org,https://www.artistsforukraine.org,200,0,False,200,False,False,False,False,False,False,0,0,0,1,0,2022-03-02,[]
77.13,1,0,0,0,5,0,0.0,0.0,0.0,0.0,0,0,1,0,0.18,17,0.0,0,0,0,0,1,0,1,0,1,0,0,0,0,0,1,0,0,artistsforukraine.xyz,xyz,https://www.artistsforukraine.xyz,200,0,False,200,False,False,False,False,True,False,55,0,0,1,1,2022-03-06,[]
335.77,1,1,1,1,4,10,47.7,26.31,0.0,0.2,0,0,0,0,0.01,18,0.0,1,0,0,1,1,0,0,0,1,0,0,0,0,0,0,0,0,artistshelp-ukraine.at,at,https://www.artistshelp-ukraine.at,200,1,False,200,False,False,False,False,False,False,0,1,0,0,0,2022-03-05,"['https://www.instagram.com/office.ukraine', 'https://www.facebook.com/office.ukraine.artistshelp', 'https://www.bmkoes.gv.at/Kunst-und-Kultur/informationen-fuer-kunstschaffende/foerderungen/Ukraine-Hilfe.html', 'https://www.kkapeljuh.com/365', 'https://cba.fro.at/610591', 'https://nataliyailchuk.net', 'https://proshkowska.com', 'https://www.theater-im-bahnhof.com/de/production/nobody-dies-today', 'https://www.radiokulturhaus.orf.at', 'https://www.belvedere.at/event/public-program-geschichten-wiedererzaehlen-2']"
113.76,1,0,0,0,2,4,61.0,45.03,0.25,0.0,1,0,0,0,0.16,15,0.0,0,0,0,0,1,0,0,0,1,0,0,0,0,0,0,0,0,artpeaceukraine.com,com,https://www.artpeaceukraine.com,200,0,False,200,False,False,False,False,False,False,0,0,0,1,1,2022-04-11,"['https://forms.gle/1o47n6Gjeb7jqFUj7', 'http://ukrainianculturecenterla.com', 'https://policies.google.com/privacy', 'https://www.godaddy.com/websites/website-builder?isc=pwugc&utm_source=wsb&utm_medium=applications&utm_campaign=en-us_corp_applications_base']"
5.1,1,0,0,0,5,0,0.0,0.0,0.0,0.0,0,0,0,0,0.05,14,0.0,0,0,0,0,1,0,1,0,1,0,1,1,1,1,1,1,0,artsforukraine.org,org,https://www.artsforukraine.org,200,0,False,200,False,False,False,False,False,False,0,0,0,1,1,2022-03-11,[]
0.11,1,0,0,0,4,3,70.67,48.61,0.0,0.67,0,0,0,0,0.16,10,0.0,1,0,0,0,1,0,0,0,0,0,2,2,2,0,2,2,0,art-ukraine.com,com,https://www.art-ukraine.com,-1,0,False,200,False,False,False,False,False,False,0,0,0,1,1,2022-03-03,"['https://www.facebook.com/122098807130008859', 'https://www.instagram.com/page', 'https://www.godaddy.com/websites/website-builder?isc=pwugc&utm_source=wsb&utm_medium=applications&utm_campaign=en-gb_corp_applications_base']"
649.05,1,0,0,0,5,13,78.62,31.75,0.0,0.31,0,0,0,0,0.05,26,0.0,0,0,0,0,0,0,0,0,0,0,0,0,0,0,0,0,0,asiafuelingukraineinvasion.org,org,https://www.asiafuelingukraineinvasion.org,200,1,False,200,False,False,False,False,False,False,0,0,0,1,1,2022-07-24,"['https://www.bloomberg.com/news/articles/2022-06-21/ukraine-reconstruction-may-cost-1-1-trillion-eib-head-says?sref=etBYO4Ua', 'https://www.iea.org/articles/energy-fact-sheet-why-does-russian-oil-and-gas-matter', 'https://tass.ru/ekonomika/14755711', 'https://archive.ph/vYyq8', 'https://www.spglobal.com/commodityinsights/en/market-insights/latest-news/oil/072222-japans-russian-crude-oil-imports-fall-to-zero-in-june', 'https://carbontracker.org/reports/stop-fuelling-uncertainty-why-asia-should-avoid-the-lng-trap', 'https://www.fnnews.com/news/202207041832544045', 'https://www.sipri.org/publications/2022/other-publications/environment-peace-security-new-era-risk', 'https://energyandcleanair.org/publication/russian-fossil-exports-first-100-days', 'http://www.facebook.com/sharer.php?u=https://www.asiafuelingukraineinvasion.org', 'https://twitter.com/intent/tweet?url=https://www.asiafuelingukraineinvasion.org', 'https://www.linkedin.com/sharing/share-offsite/?url=https://www.asiafuelingukraineinvasion.org', 'https://www.instagram.com/asiafuelingukraineinvasion']"
5.88,1,0,0,0,2,3,36.0,5.35,0.0,1.0,0,0,0,0,0.16,24,0.0,0,0,0,0,0,1,1,0,1,0,2,2,2,0,2,2,0,assaultweaponsforukraine.com,com,https://www.assaultweaponsforukraine.com,200,1,False,200,False,False,False,False,False,False,0,0,0,1,0,2022-07-09,"['https://twitter.com/ComingSoon', 'https://www.facebook.com/ComingSoon', 'https://www.linkedin.com/company/ComingSoon']"
121.16,1,1,1,1,3,6,61.0,41.44,0.0,0.17,0,0,0,0,0.16,17,0.0,0,0,0,1,0,0,0,0,1,0,0,0,0,0,0,0,0,assistanceukraine.com,com,https://www.assistanceukraine.com,200,1,False,200,False,False,False,False,False,False,0,0,0,1,0,2022-03-08,"['https://anhelitacherepanova.com', 'https://angelicious.art', 'https://facebook.com/anhelitacherepanovaphotography', 'https://opensea.io/assets/0x495f947276749ce646f68ac8c248420045cb7b5e/72101727360485507544862115724438258831697177092908735966999206396846426554369', 'https://rarible.com/token/0xd07dc4262bcdbf85190c01c996b4c06a461d2430:292838', 'https://www.afternic.com/listings/b34anh']"
242.56,1,0,0,0,26,2,54.5,16.5,0.0,1.0,0,0,0,0,0.03,26,0.0,0,0,0,0,0,0,0,0,0,0,0,0,0,0,0,0,1,associationnarbonneukraine.fr,fr,https://www.associationnarbonneukraine.fr,200,0,False,200,False,False,False,False,True,False,82,0,0,1,1,2022-06-14,"['https://www.facebook.com/p/Association-Narbonne-Ukraine-100095035699961', 'https://instagram.com/narbonne_ukraine']"
4.37,1,0,0,0,1,1,41.0,0.0,0.0,0.0,0,0,0,0,0.03,9,0.0,1,0,0,0,0,0,0,0,0,0,2,2,2,0,0,2,1,as-ukraine.fr,fr,https://www.as-ukraine.fr,200,0,False,200,False,False,False,False,True,False,75,0,0,1,1,2022-03-10,['https://www.infomaniak.com/fr/hebergement']
134.57,1,0,0,0,12,6,45.67,17.82,0.0,0.67,0,0,0,0,0.05,20,0.0,2,0,0,0,0,0,0,0,0,0,0,0,0,0,0,0,0,ate-solidarite-ukraine.org,org,https://www.ate-solidarite-ukraine.org,200,0,False,200,False,False,False,False,False,False,40,0,0,1,1,2022-02-27,"['http://association-aide-europe', 'https://tyzhden.fr', 'https://www.facebook.com/alla.lazareva.9', 'https://twitter.com/Yavdoha?s=20&t=yDWpThyzWtFkUrU_-mff9w', 'https://www.instagram.com/p/CzjZPKIiJm2/?utm_source=ig_web_copy_link', 'https://fr.linkedin.com/in/fr%C3%A9d%C3%A9ric-le-gac-61636774']"
90.09,1,0,0,0,20,4,45.25,5.12,0.0,0.75,0,0,0,0,0.16,18,0.0,2,0,0,0,0,0,1,0,1,0,0,0,0,0,0,0,0,athletes-for-ukraine.com,com,https://www.athletes-for-ukraine.com,200,0,False,200,False,False,False,False,False,False,0,0,0,1,0,2022-03-10,"['https://www.instagram.com/athletes_for_ukraine', 'https://www.linkedin.com/company/athletes-for-ukraine', 'https://www.facebook.com/athletesforukraine', 'https://cookiedatabase.org/tcf/purposes']"
90.09,1,0,0,0,20,4,45.25,5.12,0.0,0.75,0,0,1,0,0.01,18,0.0,2,0,0,0,0,0,1,0,0,0,0,0,0,0,0,0,0,athletes-for-ukraine.de,de,https://www.athletes-for-ukraine.de,200,0,False,200,False,False,False,False,False,False,0,1,0,0,1,2022-03-05,"['https://www.instagram.com/athletes_for_ukraine', 'https://www.linkedin.com/company/athletes-for-ukraine', 'https://www.facebook.com/athletesforukraine', 'https://cookiedatabase.org/tcf/purposes']"
90.09,1,0,0,0,17,4,45.25,5.12,0.0,0.75,0,0,0,0,0.05,18,0.0,2,0,0,0,0,0,1,0,1,0,0,0,0,0,0,0,0,athletes-for-ukraine.org,org,https://www.athletes-for-ukraine.org,200,0,False,200,False,False,False,False,False,False,0,0,0,1,0,2022-03-10,"['https://www.instagram.com/athletes_for_ukraine', 'https://www.linkedin.com/company/athletes-for-ukraine', 'https://www.facebook.com/athletesforukraine', 'https://cookiedatabase.org/tcf/purposes']"
11.6,1,0,0,0,1,0,0.0,0.0,0.0,0.0,0,0,0,0,0.16,17,0.0,0,0,0,0,0,0,1,0,1,0,1,1,1,0,1,1,0,atlantaforukraine.com,com,https://www.atlantaforukraine.com,502,0,False,200,False,False,False,False,True,False,55,0,0,1,1,2022-03-03,[]
24.72,1,0,0,0,16,1,21.0,0.0,0.0,0.0,0,0,0,0,0.01,12,0.0,1,0,0,0,0,0,0,0,1,0,2,2,2,0,0,2,0,atlas-ukraine.be,be,https://www.atlas-ukraine.be,200,0,False,200,False,False,False,False,True,False,55,0,0,1,0,2022-03-31,['https://www.rekall.be']
82.6,1,0,0,0,5,2,40.5,19.5,0.0,0.0,0,0,0,0,0.03,25,0.0,0,0,0,0,0,0,0,0,0,0,0,0,0,0,0,0,0,aubersensemblepourukraine.fr,fr,https://www.aubersensemblepourukraine.fr,200,0,False,200,False,False,False,False,False,False,0,0,0,1,1,2022-03-06,"['https://donner.croix-rouge.fr/urgence-ukraine/~mon-don?_cv=1', 'https://wordpress.org']"
1.2,1,0,0,0,1,0,0.0,0.0,0.0,0.0,0,0,0,0,0.16,17,0.0,0,0,0,0,0,0,1,0,1,1,1,1,1,1,1,1,1,auctionforukraine.com,com,https://www.auctionforukraine.com,-1,0,False,200,False,False,False,False,True,False,95,0,0,1,1,2022-03-16,[]
43.0,0,0,0,0,2,1,133.0,0.0,0.0,0.0,0,0,0,0,0.05,17,0.0,0,0,0,0,0,0,1,0,0,0,2,2,2,0,0,2,0,auctionforukraine.org,org,https://www.auctionforukraine.org,200,0,False,200,False,False,False,False,False,False,0,0,0,1,1,2022-05-01,['https://www.google.com/url?q=http://wisconsinukrainians.org&sa=D&source=editors&ust=1712880349294610&usg=AOvVaw2-4eMd9IyEnXPN3WrudW9x']
92.58,1,0,0,0,8,1,36.0,0.0,0.0,1.0,0,0,0,0,0.05,11,0.0,0,0,0,0,0,0,0,0,1,0,0,0,0,0,0,0,1,auraukraine.org,org,https://www.auraukraine.org,200,0,False,200,False,False,False,False,True,False,82,0,0,1,1,2022-05-26,['https://www.facebook.com/ukraineaura']
141.65,1,0,0,1,19,7,65.86,28.96,0.0,0.0,0,0,0,0,0.01,22,0.0,2,0,0,0,0,0,1,0,0,0,0,0,0,0,0,0,0,austrianjobs-for-ukraine.at,at,https://www.austrianjobs-for-ukraine.at,200,0,False,200,False,False,False,False,False,False,0,0,0,1,1,2022-03-18,"['https://www.internetoffensive.at', 'https://mynewjob.at/jobs/commis-de-cuisin-m-f', 'https://www.evgroup.com/careers/jobs/sap-abap-developer-269', 'https://www.pv.at/cdscontent/?contentid=10007.885865&portal=pvaportal', 'https://karriereportal.vinzenzgruppe.at/Diplomierter-Gesundheits-und-Krankenpflegerin-de-j6354.html', 'https://pankl.com/racing/de/karriere/jobs', 'https://www.wienerlinien.at/eportal3/ep/programView.do?channelId=-47184&programId=177081&jobId=11893&ku=wienerlinien']"
83.52,1,0,0,0,4,1,47.0,0.0,0.0,1.0,0,0,0,0,0.16,13,0.0,0,0,0,0,0,0,0,0,1,0,0,0,0,0,0,0,0,autismukraine.com,com,https://www.autismukraine.com,200,0,False,200,False,False,False,False,False,False,0,0,0,1,1,2022-03-09,['https://www.facebook.com/donate/907833729885786']
1365.12,1,0,1,0,2,7,43.29,12.28,0.0,0.43,0,0,0,0,0.16,17,0.0,0,0,0,0,0,0,1,0,1,0,0,0,0,0,0,0,0,avatarsforukraine.com,com,https://www.avatarsforukraine.com,200,0,False,200,False,False,False,False,False,False,0,1,0,0,0,2022-04-09,"['https://displate.com/stand-with-ukraine/avatars-for-ukraine', 'http://www.instagram.com/avatarsforukraine', 'https://www.twitter.com/avatars_ukraine', 'https://www.facebook.com/AvatarsforUkraine', 'https://opensea.io/collection/avatars-for-ukraine', 'https://metahistory.gallery/auction/collection/avatars', 'https://u24.gov.ua']"
1.18,1,0,0,0,1,0,0.0,0.0,0.0,0.0,0,0,0,0,0.16,8,0.111,0,0,0,0,0,0,0,1,1,0,1,1,1,1,1,1,1,b4ukraine.com,com,https://www.b4ukraine.com,-1,0,False,200,True,False,False,False,True,False,95,0,0,1,1,2022-07-15,[]
169.9,1,1,0,0,26,0,0.0,0.0,0.0,0.0,0,0,0,0,0.16,11,0.0,0,0,0,0,0,0,0,0,1,0,0,0,0,0,0,0,0,backukraine.com,com,https://www.backukraine.com,200,0,False,301,False,False,False,False,False,False,0,0,0,1,0,2022-02-27,[]
678.91,1,0,0,0,7,3,47.33,14.38,0.0,0.67,0,0,1,0,0.01,17,0.0,0,0,0,0,0,0,0,0,0,0,0,0,0,0,0,0,0,badenhilftukraine.de,de,https://www.badenhilftukraine.de,200,0,False,200,False,False,False,False,False,False,0,0,0,1,1,2022-03-11,"['https://www.facebook.com/UkraineHilfeBaden', 'https://instagram.com/baden_baden_help_ukraine?utm_medium=copy_link', 'https://ichliebedich-stiftung.com']"
193.71,1,0,1,0,6,7,28.43,6.04,0.0,0.14,0,0,0,0,0.05,14,0.0,0,0,0,0,0,0,1,0,1,0,0,0,0,0,0,0,0,bakeforukraine.org,org,https://www.bakeforukraine.org,200,0,False,200,False,False,False,False,False,False,0,0,0,1,0,2022-03-01,"['https://markthalleneun.de', 'https://www.pega-sus.de', 'https://www.gutundboesel.org', 'https://domberger-brot-werk.com', 'https://www.we-aid.org/en', 'https://www.phineo.org/en', 'https://www.instagram.com/bake.for.ukraine']"
0.34,1,0,0,0,1,0,0.0,0.0,0.0,0.0,0,0,0,0,0.16,15,0.0,0,0,0,0,0,0,0,0,1,0,1,1,1,1,1,1,1,bakewithukraine.com,com,https://www.bakewithukraine.com,200,1,False,200,False,False,False,False,True,False,82,0,0,1,0,2022-03-11,[]
210.71,1,0,0,0,18,3,48.67,14.2,0.0,0.67,0,0,0,0,0.16,13,0.0,0,0,0,0,0,0,0,0,1,0,0,0,0,0,0,0,0,balletukraine.com,com,https://www.balletukraine.com,200,0,False,200,False,False,False,False,False,False,0,0,0,1,1,2022-04-16,"['https://www.facebook.com/profile.php?id=100006753612432', 'https://instagram.com/irinakhandazhevskaya?igshid=YmMyMTA2M2Y=', 'https://tilda.cc/?upm=5408486']"
42.54,1,0,0,0,9,2,28.5,10.5,0.0,0.5,0,0,1,0,0.01,19,0.0,0,0,0,0,0,0,0,0,0,0,0,2,2,0,0,0,0,bamberghilftukraine.de,de,https://www.bamberghilftukraine.de,200,0,False,200,False,False,False,False,False,False,0,0,0,1,1,2022-02-28,"['https://www.instagram.com/bamberg_hilft', 'https://bamigra.de']"
7.39,1,0,0,0,1,1,77.0,0.0,0.0,0.0,0,0,0,1,0.12,14,0.0,0,0,0,0,0,0,0,0,1,1,2,2,2,0,2,2,0,bandageukraine.co.uk,co.uk,https://www.bandageukraine.co.uk,-1,0,False,200,False,False,False,False,True,False,55,0,0,1,1,2022-04-01,['https://www.justgiving.com/crowdfunding/bandagesforukraine?utm_term=jNn88B4jg']
718.43,1,1,0,1,3,5,71.4,32.11,0.2,0.4,0,0,0,0,0.05,21,0.0,0,0,0,1,0,0,0,0,1,0,0,0,0,0,0,0,0,bathstandswithukraine.org,org,https://www.bathstandswithukraine.org,200,0,False,200,False,False,False,False,False,False,0,0,0,1,0,2022-05-08,"['https://www.somersetlive.co.uk/news/local-news/third-bath-stands-ukraine-demonstration-6953482', 'https://www.itv.com/news/westcountry/2022-03-05/hundreds-gather-in-support-of-ukraine-as-they-call-for-an-end-to-the-war', 'https://www.bbc.co.uk/news/uk-england-somerset-60632445', 'https://twitter.com/wera_hobhouse/status/1499097204916584449', 'https://youtu.be/2HsDjBnEe08']"
100.74,1,0,0,0,35,15,32.87,10.06,0.0,0.27,0,0,0,0,0.05,11,0.0,0,0,0,0,0,0,0,0,1,0,0,0,0,0,0,0,0,batsukraine.org,org,https://www.batsukraine.org,200,0,False,200,False,False,False,False,False,False,0,0,0,1,1,2022-06-17,"['https://www.facebook.com/BatsUkraine', 'https://www.instagram.com/bats_ukraine', 'https://twitter.com/bats_ukraine', 'https://www.youtube.com/c/batsukraine', 'https://www.patreon.com/batsukraine', 'https://live.staticflickr.com/65535/52210038855_7e518f09a0_h.jpg', 'https://www.ifaw.org/international', 'http://www.fledermaus-aksa.de', 'https://wildlifefund.nl', 'https://futurefornature.org', 'https://feldman.fund/ua', 'http://www.zoopark.rv.ua/index.php/ua', 'https://uncg.org.ua', 'https://feldman-ecopark.com', 'https://telegram.me/Bats_Ukraine']"
170.77,1,0,0,0,5,3,49.33,16.21,0.0,1.0,0,0,0,0,0.01,15,0.0,0,0,0,0,0,0,0,0,1,0,0,0,0,0,0,0,0,battleofukraine.cz,cz,https://www.battleofukraine.cz,200,0,False,301,False,False,False,False,False,False,35,0,0,1,0,2022-03-31,"['https://www.youtube.com/playlist?list=PL3Yb6_OT8LyhInbnehZAnnuMO5TQtoigk', 'https://twitter.com/Sperky_janovsky', 'https://www.instagram.com/sperky_janovsky']"
29.67,1,0,1,0,1,0,0.0,0.0,0.0,0.0,0,0,0,0,0.16,12,0.0,0,0,0,0,0,0,0,0,1,0,0,0,0,0,1,0,0,bauerukraine.com,com,https://www.bauerukraine.com,200,0,False,200,False,False,False,False,False,False,0,0,0,1,1,2022-07-11,[]
718.0,1,0,0,0,2,1,45.0,0.0,0.0,0.0,0,0,0,0,0.16,15,0.0,0,0,0,0,0,0,1,0,0,0,0,0,0,0,0,0,0,beadsforukraine.com,com,https://www.beadsforukraine.com,404,0,False,200,False,False,False,False,True,False,55,0,0,1,1,2022-03-26,['https://wix.com?utm_campaign=vir_created_with']
234.5,1,0,0,0,3,4,23.75,5.58,0.0,0.0,0,0,0,0,0.16,18,0.0,0,0,0,0,0,0,1,0,0,0,0,0,0,0,0,0,0,beaworldforukraine.com,com,https://www.beaworldforukraine.com,200,0,False,200,False,False,False,False,True,False,55,1,0,0,1,2022-03-17,"['https://beaworldfestival.com', 'https://www.clubdeglieventi.it', 'https://www.pianob.it', 'https://plesh.co']"
16.04,1,0,0,0,1,0,0.0,0.0,0.0,0.0,0,0,0,0,0.16,14,0.0,0,0,0,0,0,0,1,0,0,1,0,2,1,0,1,1,0,bedsforukraine.com,com,https://www.bedsforukraine.com,200,1,False,200,False,False,False,False,False,False,85,0,0,1,1,2022-03-11,[]
151.61,0,0,0,0,6,3,39.33,3.86,0.0,0.67,0,0,0,0,0.16,16,0.0,1,0,0,0,0,0,0,0,0,0,0,0,0,0,0,0,0,beegarden-ukraine.com,com,https://www.beegarden-ukraine.com,200,0,False,200,False,False,False,False,True,False,55,0,0,1,1,2022-04-29,"['https://www.instagram.com/beegarden_hrytsko', 'https://www.facebook.com/beegardenHrytsko', 'https://www.commercialgraphics.net']"
0.11,1,0,0,0,1,0,0.0,0.0,0.0,0.0,0,0,0,0,0.16,12,0.0,0,0,0,0,0,0,1,0,1,1,1,1,1,1,1,1,1,beforukraine.com,com,https://www.beforukraine.com,-1,0,False,200,True,False,False,False,True,False,90,0,0,1,0,2022-03-18,[]
92.8,1,0,0,0,9,2,26.5,7.5,0.0,0.5,0,0,0,0,0.05,12,0.0,0,0,0,0,0,0,0,0,1,0,0,0,0,0,0,0,0,beingukraine.org,org,https://www.beingukraine.org,200,0,False,200,False,False,False,False,True,False,55,0,0,1,0,2022-03-30,"['https://fineacts.co', 'https://www.instagram.com/hi.webad']"
172.3,1,0,0,1,9,1,39.0,0.0,0.0,1.0,0,0,0,0,0.16,15,0.0,0,0,0,0,0,0,1,0,0,0,0,0,0,0,0,0,0,bellsforukraine.com,com,https://www.bellsforukraine.com,200,0,False,200,False,False,False,False,True,False,55,0,0,1,1,2022-06-16,['http://instagram.com/chrischernowstudio']
183.66,1,0,0,1,18,1,47.0,0.0,0.0,1.0,0,0,0,0,0.16,17,0.0,0,0,0,0,0,0,0,0,1,0,0,0,0,0,0,0,1,berkotringukraine.com,com,https://www.berkotringukraine.com,200,0,False,200,False,False,False,False,True,False,82,0,0,1,0,2022-05-07,['https://www.facebook.com/groups/723596845480763']
64.8,1,0,0,0,21,4,52.0,19.95,0.0,0.0,0,0,1,0,0.01,16,0.0,2,0,0,0,0,0,1,0,1,0,2,2,2,0,0,2,1,berlin-for-ukraine.de,de,https://www.berlin-for-ukraine.de,-1,0,False,200,False,False,False,False,True,False,82,0,0,1,1,2022-03-15,"['https://www.podiya.net', 'https://play.google.com/store/apps/details?id=com.podiya', 'https://apps.apple.com/ua/app/%D0%BF%D0%BE%D0%B4%D1%96%D1%8F/id6443846916?l=uk', 'https://wordpress.org/plugins/gdpr-cookie-compliance']"
108.88,1,0,0,0,4,3,42.67,15.54,0.33,0.0,0,1,0,0,0.16,23,0.0,0,0,0,0,0,0,0,0,0,0,0,0,0,0,0,0,0,bethesdaukrainianchurch.com,com,https://www.bethesdaukrainianchurch.com,200,1,False,200,False,False,False,False,True,False,55,1,0,0,0,2022-03-04,"['https://www.paypal.com/donate/?hosted_button_id=HJRZSZKYK89UN', 'https://wordpress.com/?ref=footer_custom_svg', 'https://wp.me/PdLO1Z-1L']"
81.01,1,0,0,0,9,5,66.8,30.02,0.0,0.6,0,0,1,0,0.01,9,0.0,1,0,0,0,0,0,0,0,0,0,2,2,2,0,0,2,0,be-ukraine.de,de,https://www.be-ukraine.de,200,0,False,200,False,False,False,False,False,False,0,1,0,0,0,2022-03-06,"['https://www.facebook.com/Ukraine-Hilfe-Beckum-109916708284093', 'https://www.instagram.com/ukraine_hilfe_beckum', 'https://www.mein-wadersloh.de/2022/03/13/12-tonnen-hoffnung-bisher-groesster-hilfstransport-der-ukraine-hilfe-beckum-gestartet', 'https://www.youtube.com/watch?v=QdEOt3-TfAg&t=48s', 'https://wordpress.org/plugins/gdpr-cookie-compliance']"
0.11,1,0,0,0,10,1,139.0,0.0,0.0,0.0,0,0,0,0,0.16,13,0.0,0,0,0,0,0,0,0,0,1,0,2,2,2,0,0,2,0,beyondukraine.com,com,https://www.beyondukraine.com,200,1,False,200,False,False,False,False,False,False,0,0,0,1,1,2022-03-14,['https://www.godaddy.com/websites/website-builder?isc=pwugc&utm_source=wsb&utm_medium=applications&utm_campaign=en-us_corp_applications_base']
106.39,1,0,0,0,8,3,43.67,11.9,0.33,1.0,0,0,0,0,0.16,17,0.0,0,0,0,0,0,0,0,0,1,0,0,0,0,0,0,0,0,bezsmertnaukraine.com,com,https://www.bezsmertnaukraine.com,-1,0,False,200,False,False,False,False,False,False,0,0,0,1,1,2022-05-01,"['https://t.me/bezsmertnaUkraine', 'https://www.facebook.com/liliia.bezsmertna', 'https://instagram.com/bezsmertnaukraine?igshid=YmMyMTA2M2Y=']"
73.82,1,0,0,0,13,0,0.0,0.0,0.0,0.0,0,0,0,0,0.16,9,0.0,0,0,0,0,0,0,0,0,1,0,0,0,0,0,0,0,0,bfukraine.com,com,https://www.bfukraine.com,200,0,False,200,False,False,False,False,False,False,0,0,0,1,0,2022-04-22,[]
35.78,1,1,0,1,8,5,43.8,8.01,0.0,0.8,0,0,0,0,0.16,10,0.0,1,0,0,0,0,0,0,0,0,0,2,2,2,0,2,2,0,big-ukraine.com,com,https://www.big-ukraine.com,200,0,False,200,False,False,False,False,False,False,0,0,0,1,1,2022-06-19,"['https://secure.wayforpay.com/payment/s1653d8f2c54c', 'https://twitter.com/BigUkraineFund', 'https://www.facebook.com/bigukrainefund', 'https://www.instagram.com/bigukrainefund', 'https://www.youtube.com/channel/UChJFrFjxGnz11LsnuNRJTzQ']"
186.67,1,0,0,0,6,6,25.17,6.77,0.0,0.5,0,0,0,0,0.16,13,0.071,0,0,0,0,0,0,0,1,1,0,0,0,0,0,0,0,0,bikers4ukraine.com,com,https://www.bikers4ukraine.com,-1,0,False,301,False,False,False,False,False,False,0,0,0,1,1,2022-04-22,"['http://www.youtube.com/midlifebikers', 'https://facebook.com', 'http://instagram.com', 'http://yelp.com/biz', 'https://tripadvisor.com', 'https://americanbranddesigner.com']"
293.43,1,0,0,0,25,7,33.57,1.99,0.0,0.43,0,0,0,0,0.05,12,0.077,0,0,0,0,0,0,0,1,1,0,0,0,0,0,0,0,0,bikes4ukraine.org,org,https://www.bikes4ukraine.org,200,0,False,200,False,False,False,False,False,False,0,0,0,1,1,2022-05-10,"['https://facebook.com/bikes4ukraine', 'https://instagram.com/bikes4ukraine', 'https://twitter.com/bikes4ukraine', 'https://fnd.us/225uEe?ref=sh_fBrcY4', 'https://fundrazr.com/bikes4ukraine', 'https://bikes4ukraine.myshopify.com', 'https://colville-andersen.com']"
3.63,1,0,0,0,8,1,23.0,0.0,0.0,0.0,0,0,0,1,0.05,23,0.0,0,0,0,0,0,0,1,0,1,0,2,1,2,0,2,2,0,billingshurstforukraine.org.uk,org.uk,https://www.billingshurstforukraine.org.uk,200,0,False,200,False,False,False,False,False,False,0,0,0,1,1,2022-03-14,['http://ultranerds.co.uk']
249.29,1,0,0,0,33,15,48.0,22.79,0.0,0.2,0,0,0,0,0.16,18,0.0,0,0,0,0,0,0,0,0,1,0,0,0,0,0,0,0,0,birdoflightukraine.com,com,https://www.birdoflightukraine.com,200,1,False,200,False,False,False,False,False,False,0,0,0,1,0,2022-04-04,"['https://www.instagram.com/birdoflightukraine', 'https://www.facebook.com/birdoflightukraine', 'https://www.youtube.com/channel/UCDR8OdmlpA0RAlB-kymmZnA', 'https://www.alliedextract.org', 'https://www.theworldorphanfund.org', 'https://spivdiia.org.ua/en', 'https://prytulafoundation.org/en', 'https://www.ukrainetrustchain.org', 'https://krohnbreakthrough.org', 'https://savelife.in.ua/en', 'https://www.president.gov.ua/en/news/olena-zelenska-na-prezentaciyi-koordinacijnogo-centru-z-rozv-85117', 'https://www.cbc.ca/player/play/2011229251757', 'https://www.washingtonpost.com/world/2022/04/07/aid-efforts-ukraine-zhanna-galeyeva', 'https://maidan.org.ua/2022/05/bird-of-light-ukraine-for-kharkiv', 'https://www.nbc29.com/2022/04/28/charlottesville-pours-1m-into-ukrainian-aid']"
249.29,1,0,0,0,33,15,48.0,22.79,0.0,0.2,0,0,0,0,0.05,18,0.0,0,0,0,0,0,0,0,0,1,0,0,0,0,0,0,0,0,birdoflightukraine.org,org,https://www.birdoflightukraine.org,200,1,False,200,False,False,False,False,False,False,0,0,0,1,1,2022-04-04,"['https://www.instagram.com/birdoflightukraine', 'https://www.facebook.com/birdoflightukraine', 'https://www.youtube.com/channel/UCDR8OdmlpA0RAlB-kymmZnA', 'https://www.alliedextract.org', 'https://www.theworldorphanfund.org', 'https://spivdiia.org.ua/en', 'https://prytulafoundation.org/en', 'https://www.ukrainetrustchain.org', 'https://krohnbreakthrough.org', 'https://savelife.in.ua/en', 'https://www.president.gov.ua/en/news/olena-zelenska-na-prezentaciyi-koordinacijnogo-centru-z-rozv-85117', 'https://www.cbc.ca/player/play/2011229251757', 'https://www.washingtonpost.com/world/2022/04/07/aid-efforts-ukraine-zhanna-galeyeva', 'https://maidan.org.ua/2022/05/bird-of-light-ukraine-for-kharkiv', 'https://www.nbc29.com/2022/04/28/charlottesville-pours-1m-into-ukrainian-aid']"
391.36,1,0,0,0,5,2,66.0,34.0,0.0,1.0,0,0,0,0,0.05,10,0.091,0,0,0,0,0,0,0,1,1,0,0,0,0,0,0,0,0,biz4ukraine.org,org,https://www.biz4ukraine.org,200,0,False,200,False,False,False,False,False,False,0,0,0,1,1,2022-03-07,"['https://lu.linkedin.com/company/ukraine-luxembourg-business-club-ulbc?trk=public_profile_volunteerin', 'https://www.facebook.com/UALUXBC']"
1.45,1,0,0,0,1,0,0.0,0.0,0.0,0.0,0,0,0,0,0.16,12,0.0,1,0,0,0,0,0,0,0,1,0,1,1,1,1,1,1,0,bless-ukraine.com,com,https://www.bless-ukraine.com,200,0,False,200,False,False,False,False,False,False,0,0,0,1,0,2022-03-13,[]
0.11,1,0,0,0,1,0,0.0,0.0,0.0,0.0,0,0,0,0,0.16,17,0.0,1,0,0,0,0,0,0,0,0,1,1,1,1,1,1,1,1,blockchain-ukraine.com,com,https://www.blockchain-ukraine.com,-1,0,False,200,True,False,False,False,True,False,90,0,0,1,1,2022-03-30,[]
231.58,1,0,0,0,9,4,70.0,33.98,0.0,0.25,0,0,0,0,0.05,16,0.0,0,0,0,1,0,0,0,0,1,0,0,0,0,0,0,0,0,bocahelpsukraine.org,org,https://www.bocahelpsukraine.org,200,0,False,200,False,False,False,False,True,False,55,0,0,1,1,2022-04-30,"['https://www.zeffy.com/en-US/donation-form/e0cf25ac-2eaa-4447-bb68-c822549f1fd8', 'https://www.instagram.com/mariyakemper/?hl=en', 'https://images.squarespace-cdn.com/content/v1/626c54757db48511dfad23a9/1680392010739-CBZLHZ2S5CG61UN0H2LA/image-asset.jpeg', 'https://www.hammergraphicdesign.com']"
0.58,1,0,0,0,1,0,0.0,0.0,0.0,0.0,0,0,0,0,0.05,19,0.0,0,0,0,0,0,1,1,0,1,0,1,1,1,1,1,1,1,bodyarmorforukraine.org,org,https://www.bodyarmorforukraine.org,-1,0,False,200,False,False,False,False,True,False,75,1,0,0,1,2022-04-14,[]
86.82,1,0,0,0,7,3,29.0,7.48,0.33,1.0,0,0,0,0,0.05,11,0.0,0,0,0,0,0,0,0,0,1,0,0,0,0,0,0,0,0,boldukraine.org,org,https://www.boldukraine.org,200,0,False,200,False,False,False,False,True,False,61,0,0,1,0,2022-07-20,"['https://www.facebook.com/boldUA', 'https://www.instagram.com/boldukraine', 'https://t.me/boldua']"
97.24,1,0,1,0,5,17,63.94,62.75,0.06,0.18,1,1,0,0,0.16,10,0.0,0,0,0,0,0,0,0,0,1,0,0,2,2,0,2,2,0,bonukraine.com,com,https://www.bonukraine.com,200,0,False,200,False,False,False,False,True,False,35,0,0,1,0,2022-05-15,"['https://clx.by/bon', 'https://www.facebook.com/Bonvolonter', 'https://www.instagram.com/bon_charity_for_ukraine/?igshid=YTY2NzY3YTc%3D', 'https://forms.gle/EdNpmqXmSBnY8g6U7', 'https://send.monobank.ua/jar/iJo3tVpz2', 'https://www.paypal.com/paypalme/BonSupportUkraine', 'https://news.zerkalo.io/life/49009.html', 'https://www.youtube.com/watch?v=SOEVGysYxqI&ab_channel=%D0%A2%D0%B5%D1%80%D0%B8%D1%82%D0%BE%D1%80%D1%96%D0%B0%D0%BB%D1%8C%D0%BD%D0%B0%D0%BE%D0%B1%D0%BE%D1%80%D0%BE%D0%BD%D0%B0%D0%97%D0%A1%D0%A3%7C%D0%A2%D0%A0%D0%9E%D0%9C%D0%B5%D0%B4%D1%96%D0%B0', 'https://www.5.ua/suspilstvo/zsu-zdyvuvalysia-iak-my-zvidty-vyikhaly-volonterka-oresta-brit-pro-vyprobuvannia-droniv-ta-unikalnist-zaluzhnoho-302521.html', 'https://espreso.tv/produktivnist-volonteriv-zalezhit-ne-vid-doneytiv-a-vid-navichok-komunikatsii-volonterka-oresta-brit?amp', 'https://ternopillive.com/fermerske-gospodarstvo-gadz-z-buchachchyny-peredalo-3d-pryntery-ta-smakolyky-dlya-ditok-u-fond-blagodijne-obyednannya-naczij', 'https://glovoapp.com/ua/uk', 'https://edg.ua', 'https://novapay.ua', 'https://www.foxtrot.com.ua/uk', 'https://uaccusa.org', 'https://coffeegroup.com.ua']"
64.9,1,0,0,0,117,1,22.0,0.0,0.0,0.0,0,0,0,0,0.16,12,0.0,0,0,0,0,0,0,0,0,1,0,0,2,1,-1,0,0,0,booksukraine.com,com,https://www.booksukraine.com,200,0,False,200,False,False,False,False,True,False,61,0,0,1,1,2022-05-21,['http://hit.ua/?x=24424']
127.72,1,0,0,0,12,4,45.25,4.32,0.0,0.5,0,0,0,0,0.16,16,0.0,0,0,0,0,0,1,0,0,1,0,0,0,0,0,0,0,0,borninukrainewar.com,com,https://www.borninukrainewar.com,404,0,False,200,False,False,False,False,True,False,55,0,0,1,0,2022-03-29,"['https://www.instagram.com/manukovskaskyart', 'https://www.facebook.com/manukovskaskyart', 'https://www.patreon.com/newbornsofukrainianwar', 'https://www.skyart.gallery/manukovska-sky-art-artist']"
48.91,1,1,0,0,7,1,39.0,0.0,0.0,0.0,0,0,0,0,0.16,10,0.091,0,0,0,0,0,0,0,1,1,0,0,2,2,0,2,2,0,box4ukraine.com,com,https://www.box4ukraine.com,200,0,False,200,False,False,False,False,False,False,0,0,0,1,0,2022-03-25,['https://www.meestpost.com/en/food-boxes']
495.18,1,0,0,0,7,5,31.4,8.26,0.0,0.6,0,0,0,0,0.16,12,0.0,1,0,0,0,0,0,0,0,1,0,0,0,0,0,0,0,0,bplus-ukraine.com,com,https://www.bplus-ukraine.com,-1,0,False,200,False,False,False,False,True,False,55,0,0,1,1,2022-05-26,"['https://ja-jp.facebook.com/WixJapan', 'http://instagram.com/wix', 'http://pinterest.com/wixcom', 'https://twitter.com/WixJp', 'https://wix.com/?utm_campaign=vir_created_with']"
16.51,1,0,0,0,1,6,40.17,14.24,0.0,0.5,0,0,0,0,0.01,16,0.0,1,0,0,0,0,0,0,0,0,0,2,2,2,0,0,2,0,bracelets-ukraine.ch,ch,https://www.bracelets-ukraine.ch,-1,0,False,200,False,False,False,False,False,False,0,0,0,1,1,2022-05-04,"['http://aide.lws.fr/base/generalites/Espace-Client/Decouvrir-LWS-Panel', 'https://www.facebook.com/lws.fr', 'https://twitter.com/Lwshosting', 'https://plus.google.com/102974673929670806972', 'https://www.youtube.com/user/lwshosting', 'http://blog.lws-hosting.com']"
77.97,1,0,0,0,4,10,41.8,19.54,0.0,0.4,0,0,1,1,2.63,12,0.0,0,0,0,0,0,0,0,0,0,0,0,0,0,0,2,0,1,bravaukraine.pp.ua,pp.ua,https://www.bravaukraine.pp.ua,-1,0,False,200,False,True,False,False,True,False,91,0,0,1,1,2022-07-25,"['https://github.com/CROSP', 'http://www.linkedin.com/in/crosp', 'https://www.instagram.com/cr0sp', 'https://www.facebook.com/CR0SP', 'https://twitter.com/CR0SP', 'https://profiles.wordpress.org/crosp#content-plugins', 'https://android-arsenal.com/user/CROSP', 'https://play.google.com/store/apps/developer?id=CR0SP', 'https://itunes.apple.com/developer/crosp', 'https://crosp.net/blog/software-architecture/clean-architecture-part-2-the-clean-architecture']"
287.85,1,0,0,0,29,6,33.83,1.95,0.0,0.83,0,0,0,0,0.16,16,0.0,0,0,0,0,0,0,0,0,1,0,0,0,0,0,0,0,1,bravelikeukraine.com,com,https://www.bravelikeukraine.com,-1,0,False,200,False,False,False,False,True,False,75,0,0,1,1,2022-04-20,"['https://odys.global/managed-hosting', 'https://www.facebook.com/odysglobal', 'https://linkedin.com/company/odys', 'https://www.youtube.com/odysglobal', 'https://www.instagram.com/odysglobal', 'https://twitter.com/odysglobal']"
150.27,1,1,1,0,2,1,28.0,0.0,0.0,0.0,0,0,0,0,0.05,12,0.0,0,0,0,0,0,0,0,0,1,0,0,0,0,0,0,0,0,braveukraine.org,org,https://www.braveukraine.org,200,0,False,200,False,False,False,False,False,False,0,0,0,1,1,2022-03-22,['https://braveukraine.eth.xyz']
330.4,1,0,0,0,33,4,53.25,20.39,0.0,0.5,0,0,0,0,0.16,14,0.0,0,0,0,0,0,0,0,0,1,0,0,0,0,0,0,0,0,braveukrainian.com,com,https://www.braveukrainian.com,200,0,False,200,False,False,False,False,False,False,0,1,0,0,1,2022-04-22,"['https://www.facebook.com/stopwarukraine.com.ua', 'https://www.pinterest.com/ivkseo4448', 'https://www.instagram.com/braveukrainiancom', 'https://www.shopify.com?utm_campaign=poweredby&utm_medium=shopify&utm_source=onlinestore']"
43.21,1,0,0,0,6,1,24.0,0.0,0.0,0.0,0,0,0,0,0.16,17,0.0,0,0,0,0,0,0,0,0,1,0,0,0,0,0,0,0,0,bremenwithukraine.com,com,https://www.bremenwithukraine.com,-1,0,False,200,False,False,False,False,False,False,0,0,0,1,1,2022-03-02,['https://uk.wordpress.org']
74.03,1,0,0,0,14,3,26.67,3.68,0.0,0.33,0,0,0,0,0.03,14,0.0,0,0,0,0,0,0,1,0,1,0,0,0,0,0,0,0,1,brewforukraine.uk,uk,https://www.brewforukraine.uk,200,0,False,200,False,False,False,False,True,False,82,0,0,1,1,2022-03-18,"['https://www.redcross.org.uk', 'https://www.dec.org.uk', 'https://twitter.com/BrewUkraine']"
256.87,1,0,0,0,31,2,93.0,25.0,0.0,0.0,1,0,0,0,0.16,19,0.0,0,0,0,0,1,0,0,0,1,0,0,0,0,0,0,0,0,bridgeofhopeukraine.com,com,https://www.bridgeofhopeukraine.com,200,0,False,200,False,False,False,False,False,False,0,1,0,0,0,2022-03-17,"['https://docs.google.com/forms/d/e/1FAIpQLSeen4Op-xyUQs_uxG9Gy3CV_IZpJwMvmNmC0kZEkvSpw7FEPw/viewform?vc=0&c=0&w=1&flr=0', 'https://portal.clubrunner.ca/1000/donate/special-fundraising-project']"
2.88,1,0,0,0,1,1,30.0,0.0,0.0,0.0,0,0,0,0,0.16,19,0.0,0,0,0,0,0,0,0,0,1,0,2,2,2,0,0,2,0,bridgeofloveukraine.com,com,https://www.bridgeofloveukraine.com,-1,0,False,200,False,False,False,False,True,False,55,0,0,1,1,2022-03-11,['https://my.elementor.com/login']
0.78,1,0,0,0,1,1,54.0,0.0,0.0,0.0,0,0,0,0,0.16,20,0.0,0,0,0,0,0,0,0,0,1,0,2,2,2,0,0,2,1,bringthemhomeukraine.com,com,https://www.bringthemhomeukraine.com,200,0,False,200,False,False,False,False,True,False,75,0,0,1,0,2022-03-19,['https://help.dreamhost.com/hc/en-us/articles/215613657']
44.59,0,1,1,1,2,2,28.0,13.0,0.0,0.0,0,0,0,0,0.16,16,0.0,0,0,0,0,0,0,0,0,1,0,0,2,2,0,2,2,1,britishukrainian.com,com,https://www.britishukrainian.com,200,1,False,200,True,False,False,False,True,False,99,0,0,1,1,2022-07-24,"['https://dan.com', 'https://www.trustpilot.com/review/dan.com']"
101.5,1,0,0,0,4,3,31.0,7.79,0.33,0.0,0,0,0,0,0.16,19,0.0,0,0,0,0,0,0,1,0,1,0,0,0,0,0,0,0,0,brokerforukrainians.com,com,https://www.brokerforukrainians.com,-1,0,False,200,False,False,False,False,False,False,0,0,0,1,1,2022-06-17,"['https://brokerforukrainians.wordpress.com', 'https://automattic.com/cookies', 'https://wp.me/Pe4ZG2-o']"
1.01,1,0,0,0,1,0,0.0,0.0,0.0,0.0,0,0,1,0,0.06,18,0.0,1,0,0,0,0,0,0,0,1,0,1,1,1,1,1,1,1,brotbruecke-ukraine.eu,eu,https://www.brotbruecke-ukraine.eu,200,0,False,200,False,False,False,False,True,False,75,1,0,0,1,2022-03-22,[]
217.4,1,0,0,0,9,7,62.86,56.34,0.0,0.43,0,0,0,0,0.01,12,0.0,1,0,0,0,0,0,0,0,0,0,0,0,0,0,0,0,0,broye-ukraine.ch,ch,https://www.broye-ukraine.ch,200,0,False,301,False,False,False,False,False,False,0,0,0,1,1,2022-04-04,"['https://www.facebook.com/100691355927079_402471672538426', 'https://twitter.com/intent/tweet?text=https%3A%2F%2Fwww.facebook.com%2F100691355927079_402471672538426', 'https://www.linkedin.com/shareArticle?mini=true&url=https%3A%2F%2Fwww.facebook.com%2F100691355927079_402471672538426&title=%09Bon%20dimanche%20de%20P%C3%A2ques%20%C3%A0%20tous%20%09%09', 'https://toutensoi.ch', 'http://+38%20050%20352%2020%2058', 'https://fr.wordpress.org', 'https://www.wpzoom.com']"
9.22,1,0,0,0,6,1,30.0,0.0,0.0,0.0,0,0,1,0,0.01,23,0.0,3,0,0,0,0,0,0,0,0,0,2,2,2,0,2,2,0,brucker-helfen-der-ukraine.de,de,https://www.brucker-helfen-der-ukraine.de,200,0,False,200,False,False,False,False,False,False,0,0,0,1,1,2022-03-02,['https://www.kurz-mal-helfen.de']
895.22,1,0,0,0,3,2,65.0,20.0,0.0,0.0,0,0,0,0,0.16,19,0.0,1,0,0,0,0,0,0,0,1,0,0,0,0,0,0,0,0,bruecke-ukrainehilfe.com,com,https://www.bruecke-ukrainehilfe.com,200,0,False,200,False,False,False,False,False,False,0,0,0,1,0,2022-03-15,"['https://drive.google.com/file/d/1Y4KQcMABlfC72VsT2ebLTRRlyHOCr1wA/view?usp=drive_link', 'https://wix.com?utm_campaign=vir_created_with']"
100.16,1,0,0,0,17,2,34.5,2.5,0.0,1.0,0,0,0,0,0.16,10,0.0,1,0,0,0,0,0,0,0,1,0,0,0,0,0,0,0,0,bsi-ukraine.com,com,https://www.bsi-ukraine.com,-1,0,False,200,False,False,False,False,False,False,0,0,0,1,0,2022-07-10,"['https://www.facebook.com/ukr.bsi', 'https://www.instagram.com/bsi_ukraine']"
0.33,1,0,0,0,1,0,0.0,0.0,0.0,0.0,0,0,0,0,0.01,18,0.0,2,0,0,0,0,0,0,0,0,0,1,1,1,1,1,1,1,buchegg-fuer-ukraine.ch,ch,https://www.buchegg-fuer-ukraine.ch,200,1,False,200,False,False,False,False,True,False,75,0,0,1,1,2022-03-13,[]
114.98,1,0,0,0,8,4,60.25,45.47,0.0,0.0,0,0,0,0,0.16,20,0.0,0,0,0,0,0,0,0,0,1,0,0,0,0,0,0,0,0,bucketsofloveukraine.com,com,https://www.bucketsofloveukraine.com,200,0,False,200,False,False,False,False,False,False,0,0,0,1,0,2022-04-24,"['https://policies.google.com/privacy', 'http://www.farnhamvineyard.org.uk', 'http://www.churchontheheath.org.uk', 'https://www.godaddy.com/websites/website-builder?isc=pwugc&utm_source=wsb&utm_medium=applications&utm_campaign=en-gb_corp_applications_base']"
190.84,1,0,0,0,17,0,0.0,0.0,0.0,0.0,0,0,0,0,0.16,15,0.0,0,0,0,0,1,0,0,0,1,0,0,0,0,0,0,0,0,buildnewukraine.com,com,https://www.buildnewukraine.com,200,0,False,200,False,False,False,False,False,False,0,0,0,1,0,2022-07-21,[]
34.12,0,0,0,0,23,8,44.12,22.81,0.0,0.5,0,0,0,0,0.55,18,0.0,0,0,0,0,0,0,1,0,0,0,2,2,2,0,2,2,0,businessforukraine.info,info,https://www.businessforukraine.info,200,0,False,200,False,False,False,False,False,False,0,0,0,1,1,2022-07-15,"['https://twitter.com/b4ukraine', 'https://youtube.com/channel/UCRr5Im4qXUqP3-iKRGfDGMQ', 'https://www.linkedin.com/company/business-for-ukraine', 'https://www.facebook.com/sharer/sharer.php?u=https://b4ukraine.org/whats-new/march-2024-leavers', 'https://b4ukraine.org/whats-new/march-2024-leavers', 'https://www.weareukraine.info', 'https://leave-russia.org', 'https://nodeart.io/en']"
0.11,1,0,0,0,1,0,0.0,0.0,0.0,0.0,0,0,0,0,0.16,20,0.0,0,0,1,1,1,0,0,0,1,0,1,1,1,1,1,1,1,buyartsupportukraine.com,com,https://www.buyartsupportukraine.com,-1,0,False,200,False,False,False,False,True,False,75,0,0,1,1,2022-03-30,[]
1035.97,1,0,1,0,7,1,39.0,0.0,0.0,1.0,0,0,0,0,0.16,13,0.0,0,0,1,0,0,0,1,0,1,0,0,0,0,0,0,0,0,buyforukraine.com,com,https://www.buyforukraine.com,200,0,False,200,False,False,False,False,True,False,55,0,0,1,0,2022-04-06,['https://www.instagram.com/buyforukraine']
66.07,1,0,0,0,18,2,38.0,6.0,0.5,1.0,0,0,0,1,0.05,18,0.053,0,0,0,0,1,0,0,1,1,0,0,2,2,0,2,2,0,caldercares4ukraine.org.uk,org.uk,https://www.caldercares4ukraine.org.uk,-1,0,False,200,False,False,False,False,False,False,0,0,0,1,1,2022-02-28,"['https://www.facebook.com/CalderCares4Ukraine', 'https://t.me/caldercares4ukraine']"
191.41,1,0,0,0,17,3,41.0,6.68,0.0,1.0,0,0,0,0,0.16,24,0.0,0,0,0,0,0,0,0,0,1,0,0,0,0,0,0,0,0,calgaryukrainianfestival.com,com,https://www.calgaryukrainianfestival.com,200,0,False,200,False,False,False,False,False,False,40,0,0,1,1,2022-07-01,"['https://www.facebook.com/calgaryukefest', 'https://twitter.com/calgaryukefest', 'https://www.instagram.com/calgaryukrainianfestival']"
84.64,1,0,0,0,19,1,155.0,0.0,0.0,0.0,0,0,0,0,0.03,16,0.059,0,0,0,0,0,0,0,1,1,0,2,2,2,0,0,2,0,cambridge4ukraine.uk,uk,https://www.cambridge4ukraine.uk,200,0,False,200,False,False,False,False,False,False,0,1,0,0,1,2022-03-22,['https://www.google.com/url?q=https%3A%2F%2Fsites.google.com%2Fcambridge4ukraine.uk%2Fcambridge4ukraine%2Fabout&sa=D&sntz=1&usg=AOvVaw1R24oXk7qBYacHbcFasiiI']
8.54,1,0,0,0,13,0,0.0,0.0,0.0,0.0,0,0,0,0,0.02,18,0.0,0,0,0,1,0,0,0,0,1,0,1,1,1,1,1,1,0,canadahelpsukraine.ca,ca,https://www.canadahelpsukraine.ca,200,0,False,200,False,False,False,False,True,False,55,0,0,1,1,2022-03-19,[]
30.91,1,1,0,0,17,4,41.75,23.27,0.0,0.5,0,0,0,0,0.05,19,0.0,2,0,0,0,0,0,0,0,1,0,2,2,2,0,2,2,1,cancel-ukrainian-debt.org,org,https://www.cancel-ukrainian-debt.org,200,0,False,200,True,False,False,False,True,False,90,0,0,1,1,2022-04-01,"['https://www.facebook.com/social.ruh', 'https://twitter.com/DropUkraineDebt', 'https://feedly.com/i/subscription/feed/https://www.cancel-ukrainian-debt.org/rss', 'https://ghost.org']"
1.42,1,0,0,0,1,1,25.0,0.0,0.0,0.0,0,0,0,0,0.16,17,0.0,0,0,0,0,0,0,1,0,1,0,2,2,2,0,2,2,0,candlesforukraine.com,com,https://www.candlesforukraine.com,200,0,False,200,False,False,False,False,True,False,55,0,0,1,1,2022-03-08,['https://www.tigertech.net']
35.09,1,0,0,0,1,0,0.0,0.0,0.0,0.0,0,0,0,0,0.05,19,0.0,0,0,0,0,0,0,0,0,1,0,0,0,0,0,1,0,1,cannabiswithukraine.org,org,https://www.cannabiswithukraine.org,200,0,False,200,False,False,False,False,True,False,90,0,0,1,1,2022-03-18,[]
120.58,1,0,0,0,30,3,55.0,31.32,0.0,0.33,0,0,0,0,0.05,17,0.056,0,0,0,0,0,0,0,1,1,0,0,0,0,0,0,0,1,canterbury4ukraine.org,org,https://www.canterbury4ukraine.org,200,0,False,200,False,False,False,False,True,False,82,0,0,1,0,2022-06-14,"['https://www.pexels.com/photo/girls-with-signs-on-protest-against-russian-war-on-ukraine-11291271', 'https://abcreatio.uk', 'http://facebook.com/groups/canterbury.for.ukraine']"
69.77,1,0,0,0,6,16,88.81,47.96,0.06,0.31,0,0,0,0,0.16,10,0.091,0,0,0,0,0,0,0,1,1,0,2,2,2,0,0,2,0,car4ukraine.com,com,https://www.car4ukraine.com,200,0,False,200,False,False,False,False,False,False,0,0,0,1,0,2022-04-16,"['https://bit.ly/480MlzA', 'https://www.youtube.com/watch?v=m9fJW0Zh_mM', 'https://www.businessinsider.com/civilian-fords-and-toyotas-turned-into-battle-trucks-for-ukraines-forces-2022-6', 'https://www.telegraph.co.uk/cars/features/british-farming-vehicles-turned-ukrainian-rocket-launchers', 'https://www.newsweek.com/ukrainian-fighters-using-crowdsourced-ford-rangers-armored-battle-1724417', 'https://www.independent.co.uk/news/uk/ukraine-mitsubishi-b2245167.html', 'https://www.kyivpost.com/ukraine-politics/volunteers-present-100th-refitted-vehicle-for-war-effort.html', 'https://nyheder.tv2.dk/udland/2023-02-09-ukrainske-frivillige-forvandler-fredelige-firehjulstraekkere-til-doedbringende', 'https://www.thenationalnews.com/world/europe/2022/06/19/ukraine-crowdfunds-for-troops-with-appeals-for-drones-jets-and-off-road-jeeps', 'https://www.thetimes.co.uk/article/sadiq-khan-urged-to-give-4x4s-scrapped-for-ulez-to-ukraine-pw92w878g', 'https://tw.news.yahoo.com/%E8%B2%A8%E5%8D%A1%E8%AE%8A%E6%88%B0%E8%BB%8A-car4ukraine-%E4%BB%96%E5%80%91%E7%94%A8%E8%87%AA%E5%B7%B1%E7%9A%84%E6%96%B9%E5%BC%8F%E7%82%BA%E7%83%8F%E5%85%8B%E8%98%AD%E8%80%8C%E6%88%B0-111417739.html', 'https://twitter.com/MilDefInsider/status/1535993540051931138', 'https://tallmartin.substack.com/p/coda-my-truck-heads-to-the-russo?utm_source=profile&utm_medium=reader2', 'https://www.facebook.com/car4ukraine', 'https://www.instagram.com/car4ukraine.com_official', 'https://www.linkedin.com/company/car4ukraine']"
155.99,1,0,0,0,19,4,47.25,9.6,0.0,1.0,0,0,1,0,0.06,11,0.083,0,0,0,0,1,0,0,1,1,0,0,0,0,0,0,0,0,care4ukraine.eu,eu,https://www.care4ukraine.eu,200,0,False,200,False,False,False,False,False,False,40,1,0,0,0,2022-03-20,"['https://www.facebook.com/care4ukraine.eu', 'https://www.instagram.com/care4_ukraine', 'https://www.linkedin.com/company/care-4-ukraine', 'https://twitter.com/care4_ukraine?s=20&t=RaSjJZWIKdAnJ36ubVLKPw']"
200.73,1,0,0,0,1,1,28.0,0.0,0.0,0.0,0,0,0,0,0.05,11,0.083,0,0,0,0,1,0,0,1,0,0,0,0,0,0,0,0,0,care4ukraine.org,org,https://www.care4ukraine.org,200,0,False,200,False,False,False,False,False,False,0,1,0,0,1,2022-03-04,['https://hpanel.hostinger.com']
82.12,1,1,0,0,6,24,51.04,26.76,0.0,0.21,0,0,1,0,0.01,31,0.0,2,0,0,0,0,0,0,0,0,0,0,2,0,0,2,0,0,caritas-fluechtlingshilfe-ukraine.de,de,https://www.caritas-fluechtlingshilfe-ukraine.de,200,0,False,200,False,False,False,False,True,False,55,0,0,1,1,2022-03-04,"['https://www.caritas-nah-am-naechsten.de', 'https://willkommen-in-muenchen.de/ukraine-hilfe', 'http://www.akademiedernationen.de', 'http://www.muenchen.de/ukraine', 'https://muenchen.wohnraum.tuerantuer.org', 'http://www.caritas-landkreis-muenchen.de', 'https://www.landkreis-muenchen.de/themen/auslaenderrecht-und-integration/ukraine-krieg-informationen-hilfen-aktuelles', 'https://beratung.caritas.de/migration/registration?aid=1928', 'http://www.caritas-pfaffenhofen.de', 'https://www.kreis-freising.de/aktuelle-informationen-zur-ukraine-krise/aktuelle-informationen.html', 'http://www.caritas-erding.de', 'http://www.caritas-muehldorf.de', 'http://www.caritas-ebersberg.de', 'http://www.landkreis-rosenheim.de', 'https://formulare.lra-rosenheim.de/frontend-server/form/provide/705/;jsessionid=188D4CA142D2A16E7C40C22DD7C60911', 'https://www.stmi.bayern.de/mui/ukraine_hilfe/index.php', 'https://www.munich4ukraine.de', 'https://www.facebook.com/caritasmuc', 'https://www.instagram.com/caritasmuc', 'https://twitter.com/caritasmuc', 'https://www.youtube.com/channel/UCAmhI6d7iM21h16ueOarJxQ', 'https://www.xing.com/pages/caritasverbanddererzdiozesemunchenundfreisinge-v', 'https://de.linkedin.com/company/caritasverband-der-erzdi%C3%B6zese-m%C3%BCnchen-und-freising', 'https://caritasmuenchen.interne-meldestelle.de']"
0.11,1,0,0,0,1,0,0.0,0.0,0.0,0.0,0,0,0,0,0.16,16,0.059,0,0,0,0,0,0,0,1,1,1,1,1,1,1,1,1,1,carolinas4ukraine.com,com,https://www.carolinas4ukraine.com,200,1,False,200,True,False,False,False,True,False,90,0,0,1,1,2022-07-01,[]
112.81,1,0,0,0,3,2,40.5,4.5,0.0,1.0,0,0,0,0,0.05,19,0.0,0,0,0,0,0,0,1,0,1,0,0,0,0,0,0,0,0,carolinasforukraine.org,org,https://www.carolinasforukraine.org,200,0,False,200,False,False,False,False,True,False,55,0,0,1,1,2022-07-01,"['https://www.facebook.com/U4Usponsors', 'https://www.instagram.com/carolinasforukraine']"
2.63,1,0,0,0,1,1,25.0,0.0,0.0,0.0,0,0,0,0,0.16,18,0.0,0,0,0,0,0,0,0,0,0,1,2,2,2,0,2,2,0,carpathiansukraine.com,com,https://www.carpathiansukraine.com,-1,0,False,200,False,False,False,False,False,False,40,0,0,1,1,2022-03-11,['https://www.xserver.ne.jp']
216.5,1,0,0,0,22,1,22.0,0.0,0.0,0.0,0,0,0,0,0.05,22,0.0,1,0,0,0,1,0,1,0,1,0,0,0,0,0,0,0,0,cartooningsyria-ukraine.org,org,https://www.cartooningsyria-ukraine.org,200,0,False,200,False,False,False,False,False,False,0,0,0,1,1,2022-04-07,['http://syriandreams.nl']
1030.0,1,0,0,0,22,4,33.25,3.9,0.25,1.0,0,0,0,0,0.16,11,0.0,0,0,0,0,0,0,0,0,1,0,0,0,0,0,0,0,0,cfswukraine.com,com,https://www.cfswukraine.com,200,0,False,200,False,False,False,False,True,False,55,0,0,1,0,2022-05-18,"['https://www.instagram.com/cfswukraine', 'https://www.facebook.com/cfswukraine', 'https://www.twitter.com/wix', 'https://t.me/cf_stay_with_ukraine']"
28.42,1,0,0,0,13,3,31.0,4.97,0.0,0.67,0,0,0,1,0.05,9,0.0,0,0,0,0,0,0,0,0,1,0,2,2,2,0,2,2,0,cfukraine.org.uk,org.uk,https://www.cfukraine.org.uk,200,0,False,200,False,False,False,False,False,False,77,0,0,1,1,2022-03-01,"['https://www.facebook.com/conservatives', 'https://twitter.com/CFoU_UK', 'http://www.conservatives.com']"
24.3,1,1,1,0,1,0,0.0,0.0,0.0,0.0,0,0,0,0,0.16,19,0.0,0,0,0,1,0,0,1,0,1,0,0,1,1,0,2,1,0,cfworldaidtoukraine.com,com,https://www.cfworldaidtoukraine.com,200,0,False,200,False,False,False,False,True,False,55,0,0,1,1,2022-06-02,[]
177.88,1,0,0,0,2,3,36.33,14.64,0.0,0.0,0,0,0,0,0.05,17,0.0,0,0,0,1,0,0,0,0,1,0,0,0,0,0,0,0,0,chabadhelpukraine.org,org,https://www.chabadhelpukraine.org,200,0,False,200,False,False,False,False,False,False,0,0,0,1,1,2022-03-05,"['https://www.charidy.com/ttr', 'https://www.myofficeguy.com/p/xtuih/1af49e/1yo4rw/payment', 'https://zeze.on-line.page']"
0.11,1,0,0,0,1,0,0.0,0.0,0.0,0.0,0,0,0,0,0.16,13,0.0,0,0,0,0,0,0,0,0,1,1,1,1,1,1,1,1,1,chabadukraine.com,com,https://www.chabadukraine.com,200,1,False,200,True,False,False,False,True,False,90,0,0,1,0,2022-03-30,[]
1.19,1,0,0,0,1,0,0.0,0.0,0.0,0.0,0,0,0,0,0.16,14,0.0,0,0,0,0,0,0,0,0,1,0,1,1,1,1,1,1,1,channelukraine.com,com,https://www.channelukraine.com,-1,0,False,200,False,False,False,False,True,False,95,0,0,1,1,2022-07-18,[]
7.49,0,0,0,0,2,1,39.0,0.0,0.0,0.0,0,0,0,0,0.16,16,0.0,0,0,0,0,0,0,0,0,1,0,2,2,2,0,2,2,0,charlieinukraine.com,com,https://www.charlieinukraine.com,200,0,False,200,False,False,False,False,False,False,0,0,0,1,1,2022-03-05,['https://wordpress.com/?ref=private_site']
86.44,1,0,0,0,21,2,45.0,1.0,0.0,1.0,0,0,0,0,0.05,19,0.0,0,0,0,0,0,0,1,0,1,0,0,0,0,0,0,0,0,charlotteforukraine.org,org,https://www.charlotteforukraine.org,200,0,False,200,False,False,False,False,False,False,0,0,0,1,0,2022-03-30,"['https://www.facebook.com/charlotteforukraine', 'https://www.instagram.com/charlotteforukraine1']"
196.96,1,0,0,0,1,1,100.0,0.0,0.0,0.0,0,0,0,0,0.02,17,0.0,0,0,0,0,0,0,0,0,0,0,0,0,0,0,0,0,0,checkpointukraine.se,se,https://www.checkpointukraine.se,200,0,False,200,False,False,False,False,False,False,40,0,0,1,1,2022-06-22,['https://www.one.com/en/websitebuilder?utm_source=hosted_by&utm_medium=hosted_by&utm_campaign=default']
66.98,1,1,0,0,2,4,125.5,93.92,0.0,0.5,0,0,0,0,0.16,14,0.0,1,0,0,1,0,0,0,0,1,0,2,2,2,0,0,2,0,chf-helpukraine.com,com,https://www.chf-helpukraine.com,200,0,False,200,False,False,False,False,False,False,0,0,0,1,1,2022-04-14,"['https://instagram.com/helpukraine_freeukraine?igshid=ZDdkNTZiNTM =', 'https://m.facebook.com/helpukraine.and.freeukraine', 'https://next.privat24.ua/payments/form/%7B%22token%22%3A%22c7c52772-8314-4278-bafb-ca503577a071%22%7D', 'https://www.liqpay.ua/api/3/checkout?data=eyJ2ZXJzaW9uIjozLCJhY3Rpb24iOiJwYXlkb25hdGUiLCJhbW91bnQiOiIwIiwiY3VycmVuY3kiOiJVQUgiLCJkZXNjcmlwdGlvbiI6ItCf0L7QttC10YDRgtCy0YPQstCw0L3QvdGPIiwicHVibGljX2tleSI6ImkxNzExMzczMDUwMiIsImxhbmd1YWdlIjoicnUifQ==&signature=oOAIFjce7fNL8i6qaDt8MqaDcVI=']"
186.84,1,0,0,0,2,8,37.25,22.16,0.0,0.0,0,0,0,0,0.16,14,0.067,0,0,0,0,0,0,0,1,1,0,0,0,0,0,0,0,0,chicago4ukraine.com,com,https://www.chicago4ukraine.com,200,0,False,200,False,False,False,False,True,False,55,0,0,1,1,2022-05-10,"['https://www.eventbrite.com/e/chicago-4-ukraine-gala-event-concert-tickets-353900815867', 'http://educom.org.ua', 'https://ecentria.com', 'https://ukrainiansunited.org', 'https://lifewaykefir.com', 'https://resiliecegroup.live', 'https://worldbusinesschicago.com', 'http://www.chicagosistercities.com/sister-cities/kyiv-ukraine']"
886.97,1,0,0,0,9,1,79.0,0.0,0.0,1.0,0,0,0,0,0.13,17,0.0,0,0,0,0,0,0,0,0,1,0,0,0,0,0,0,0,0,childrenofukraine.net,net,https://www.childrenofukraine.net,200,0,False,200,False,False,False,False,True,False,55,0,0,1,1,2022-04-21,['https://www.facebook.com/Educational-center-Children-of-Ukraine-104239132276566']
23.93,1,0,0,0,37,2,39.5,0.5,0.0,1.0,0,0,0,0,0.16,10,0.0,0,0,0,0,0,0,0,0,1,0,2,2,2,0,0,2,0,chiukraine.com,com,https://www.chiukraine.com,403,0,False,200,False,False,False,False,True,False,55,0,0,1,1,2022-04-07,"['https://www.instagram.com/chi.biosilk.ua', 'https://www.facebook.com/chi.biosilk.ua']"
51.92,1,0,0,0,1,0,0.0,0.0,0.0,0.0,0,0,0,0,0.05,10,0.091,0,0,0,0,0,0,0,1,1,0,0,0,0,0,1,0,1,chs4ukraine.org,org,https://www.chs4ukraine.org,200,1,False,200,False,False,False,False,True,False,75,0,0,1,1,2022-03-21,[]
642.62,1,0,0,0,12,4,38.75,9.65,0.0,1.0,0,0,0,0,0.05,15,0.0,0,0,0,0,0,0,1,0,1,0,0,0,0,0,0,0,0,churtforukraine.org,org,https://www.churtforukraine.org,200,0,False,200,False,False,False,False,True,False,55,0,0,1,1,2022-04-20,"['https://www.facebook.com/profile.php?id=100080476412822', 'https://twitter.com/Churt_Homes', 'https://www.instagram.com/churt_homes', 'https://www.youtube.com/user/Wix']"
77.15,1,0,0,0,1,8,131.25,85.17,0.0,0.25,0,0,0,0,0.16,17,0.0,0,0,0,0,0,0,1,0,1,0,2,2,2,0,0,2,1,cinemasforukraine.com,com,https://www.cinemasforukraine.com,200,0,False,200,False,False,False,False,True,True,75,0,0,1,1,2022-03-24,"['https://twitter.com/intent/tweet?text=Donate%20here%20to%20%E2%80%98Cinemas%20For%20Ukraine%E2%80%99%3A%20A%20Fund-Raising%20Appeal&url=https%3A%2F%2Fwww.cinemasforukraine.com', 'https://www.facebook.com/sharer/sharer.php?u=https%3A%2F%2Fwww.cinemasforukraine.com', 'https://www.pinterest.co.uk/pin/create/button/?url=https%3A%2F%2Fwww.cinemasforukraine.com&media=https://dx35vtwkllhj9.cloudfront.net/powster/cinemas-for-ukraine/images/regions/gb/share.png&description=Donate%20here%20to%20%E2%80%98Cinemas%20For%20Ukraine%E2%80%99%3A%20A%20Fund-Raising%20Appeal', 'http://www.tumblr.com/share/link?url=https%3A%2F%2Fwww.cinemasforukraine.com/&description=Donate%20here%20to%20%E2%80%98Cinemas%20For%20Ukraine%E2%80%99%3A%20A%20Fund-Raising%20Appeal', 'https://telegram.me/share/url?url=https%3A%2F%2Fwww.cinemasforukraine.com&text=Donate%20here%20to%20%E2%80%98Cinemas%20For%20Ukraine%E2%80%99%3A%20A%20Fund-Raising%20Appeal', 'https://www.justgiving.com/crowdfunding/cinemasforukraine?utm_term=B9qengVzD', 'https://www.powster.com', 'https://www.cinemauk.org.uk/privacy-notice']"
341.06,1,0,0,0,2,1,45.0,0.0,0.0,0.0,0,0,0,0,0.16,9,0.1,0,0,0,0,0,0,0,1,1,0,0,0,0,0,0,0,0,ck4ukraine.com,com,https://www.ck4ukraine.com,-1,0,False,200,False,False,False,False,True,False,55,0,0,1,1,2022-07-12,['https://wix.com?utm_campaign=vir_created_with']
108.04,1,1,0,0,8,2,87.0,52.0,0.0,0.0,0,0,0,0,0.05,14,0.0,0,0,0,0,0,0,0,0,1,0,2,2,2,0,0,2,0,cleanupukraine.org,org,https://www.cleanupukraine.org,200,0,False,200,False,False,False,False,True,False,55,1,0,0,1,2022-04-09,"['https://policies.google.com/privacy', 'https://www.godaddy.com/websites/website-builder?isc=pwugc&utm_source=wsb&utm_medium=applications&utm_campaign=en-us_corp_applications_base']"
60.28,1,0,0,0,6,0,0.0,0.0,0.0,0.0,0,0,0,0,0.05,15,0.0,0,0,0,0,0,0,0,0,1,0,0,0,0,0,0,0,0,clearskyukraine.org,org,https://www.clearskyukraine.org,200,0,False,200,False,False,False,False,True,False,55,0,0,1,0,2022-05-07,[]
103.07,1,0,0,0,8,2,65.0,16.0,0.0,0.0,0,0,1,0,0.01,31,0.0,0,0,0,0,0,0,0,0,0,0,0,0,0,0,0,0,1,cloppenburglaeuftfuerdieukraine.de,de,https://www.cloppenburglaeuftfuerdieukraine.de,200,0,False,200,False,False,False,False,True,False,82,0,0,1,1,2022-05-03,"['https://www.laufmanager.net/Anmeldung/Start20.php?ID=Jahr2022/Cloppenburg_Ukraine', 'https://devowl.io/de/wordpress-real-cookie-banner']"
350.58,1,0,0,0,33,6,46.67,13.91,0.17,0.83,0,0,0,0,0.16,22,0.0,0,0,0,0,0,0,0,0,1,0,0,0,0,0,0,0,0,closetheskyoverukraine.com,com,https://www.closetheskyoverukraine.com,200,1,False,200,False,False,False,False,False,False,40,0,0,1,1,2022-03-10,"['https://twitter.com/CloseUkraineSky', 'https://www.facebook.com/Close-The-Sky-Over-Ukraine-101051235880413', 'https://www.instagram.com/close.the.sky.over.ukraine', 'https://www.reddit.com/r/CloseUkraineSky', 'https://t.me/skyoverukraine', 'https://www.linkedin.com/company/close-the-sky-over-ukraine']"
79.28,1,0,0,0,1,0,0.0,0.0,0.0,0.0,0,0,1,0,0.17,9,0.0,1,0,0,0,0,0,0,0,1,0,0,0,0,0,0,0,0,cm-ukraine.space,space,https://www.cm-ukraine.space,200,0,False,200,False,False,False,False,False,False,40,1,0,0,0,2022-03-10,[]
97.25,1,1,0,0,2,23,55.61,41.03,0.0,0.04,0,0,0,0,0.16,17,0.0,0,0,0,0,0,0,1,0,1,0,0,2,0,0,0,0,0,coachesforukraine.com,com,https://www.coachesforukraine.com,200,1,False,200,False,False,False,False,True,False,55,0,0,1,1,2022-04-06,"['https://lift99.typeform.com/coaches-vol3', 'https://www.ted.com/talks/atul_gawande_want_to_get_great_at_something_get_a_coach?utm_source=linkedin.com&utm_medium=social&utm_campaign=social&utm_content=2022-03-30-cutdown', 'https://techcrunch.com/2021/03/25/investors-and-business-leaders-its-time-to-take-coaching-mainstream/?guccounter=1', 'https://www.entrepreneur.com/en-gb/business-news/coaches-for-ukraine-offers-free-life-and-business-support/436056', 'https://happymonday.ua/en/event/proyekt-coaches-for-ukraine', 'https://dou.ua/calendar/44770', 'https://techukraine.org/2022/04/26/lift99-kyiv-hub-launched-the-coaches-for-ukraine-project', 'https://ain.ua/2022/05/30/kouchibezkoshtovno-navchayut-ukrayincziv', 'https://mc.today/spetsialisty-netflix-i-y-combinator-budut-besplatno-obuchat-ukraintsev-kak-zapisatsya', 'https://150sec.com/coaches-for-ukraine-offers-free-life-and-business-support-for-founders-in-times-of-conflict/18003', 'https://www.linkedin.com/in/arianed1', 'https://www.arianedebonvoisin.com', 'https://www.josephmcclendon.com', 'https://www.rosariolondono.com', 'https://mike-robbins.com', 'https://www.ginakloes.com', 'https://spaceinbetweenconsulting.com', 'https://cheriehealey.com', 'https://www.cameronhughes.tv', 'https://atomico.com/team/laura-connell', 'https://www.paulgreene.com', 'https://neomoreton.com', 'https://www.help99.co']"
24.95,1,0,0,0,7,6,80.33,99.24,0.17,0.67,0,0,0,0,0.16,18,0.0,0,0,0,0,0,0,1,0,1,0,2,2,2,0,0,2,0,coachingforukraine.com,com,https://www.coachingforukraine.com,200,0,False,200,False,False,False,False,False,False,0,0,0,1,1,2022-07-14,"['https://t.me/+muj_zl1qujhhMWIy', 'https://inweb.ua/ua/?utm_source=google&utm_medium=cpc&utm_campaign=SER_/_Brand_Inweb&&utm_source=google&utm_medium=cpc&utm_campaign=%7bcampaign_name%7d&utm_term=%D1%96%D0%BD%D0%B2%D0%B5%D0%B1&gclid=CjwKCAjwkeqkBhAnEiwA5U-uM2_KRxVhfqX7iPbwU6l-YGbGxT1_DmUn_z6aZV4VRj9PY8W2ns_E3xoCQh4QAvD_BwE&gclsrc=aw.ds', 'https://app.academyocean.com/privacy', 'https://www.facebook.com/academyocean', 'https://twitter.com/AcademyOcean', 'https://www.linkedin.com/company/academyocean']"
1390.97,1,0,0,1,24,64,88.44,35.65,0.0,0.08,0,0,0,0,0.16,19,0.0,0,0,0,0,0,0,1,0,1,0,0,0,0,0,0,0,1,coalitionforukraine.com,com,https://www.coalitionforukraine.com,200,0,False,200,False,False,False,False,True,True,75,0,0,1,1,2022-03-13,"['https://twitter.com/algard', 'https://www.instagram.com/coalitionukraine', 'https://www.facebook.com/Coalition-For-Ukraine-103786128951586', 'https://www.youtube.com/channel/UCjX08p8Oai4mxySXnSt8Mww', 'https://blog.1password.com/responding-to-the-conflict-in-ukraine', 'https://apnews.com/article/russia-ukraine-moscow-europe-0a46d4cebf288c468bc41e775dcd5db3', 'https://news.3m.com/3M-suspends-Russia-business-operations', 'https://www.theguardian.com/australia-news/2022/mar/29/melbourne-radio-station-3zzz-suspends-russian-language-broadcaster-over-ukraine-war-reports', 'https://radioinfo.com.au/news/3zzz-breaches-community-radio-broadcast-rules-in-its-coverage-on-ukraine-acma', 'https://www.aak.com/news-and-media/press-releases/2022/aak-to-leave-russia', 'https://aalberts.com/progress/trading-update-first-four-months-2022', 'https://new.abb.com/news/detail/93368/abb-to-exit-russian-market', 'https://www.reuters.com/technology/abb-pauses-intake-orders-russia-ukraine-belarus-2022-03-02', 'https://www.abbott.com/corpnewsroom/sustainability/abbott-condems-the-war-and-violence-in-Ukraine.html', 'https://news.abbvie.com/news/media-statements/abbvie-will-donate-profits-from-russia-to-humanitarian-relief-efforts.htm', 'https://www.fnlondon.com/articles/how-schroders-fidelity-and-more-overhauled-their-funds-after-russias-invasion-20230224', 'https://www.abrdn.com/corporate/media-centre/media-centre-news-article/our-position-on-the-conflict-in-ukraine', 'https://www.accaglobal.com/gb/en/member/member/accounting-business/in-focus/ukraine-message.html', 'https://www.accountancytoday.co.uk/2022/03/21/acca-suspends-operations-in-russia', 'https://newsroom.accenture.com/news/accenture-completes-transfer-of-its-business-in-russia.htm#:~:text=We%20have%20completed%20a%20transaction,and%20100%25%20independent%20from%20Accenture.', 'https://www.adweek.com/agencies/accenture-discontinues-business-in-russia-following-invasion-of-ukraine', 'https://skift.com/2022/03/24/accor-ceo-explains-why-he-wont-close-hotels-in-russia', 'https://www.bloomberg.com/news/articles/2022-03-09/accor-halts-future-russia-projects-while-keeping-hotels-open', 'https://www.accountor.com/en/global/accountor-russia-new-ownership', 'https://www.accumalux.com/about-us', 'https://www.crn.com/news/mobility/taiwan-pc-maker-acer-suspends-russia-business', 'https://www.acronis.com/en-gb/blog/posts/acronis-suspends-all-operations-in-russia', 'https://activisionblizzard.com/content/atvi/activisionblizzard/ab-touchui/ab/web/en/newsroom/2022/03/supporting-the-ukrainian-people.html', 'https://www.rynekzdrowia.pl/Farmacja/Adamed-mamy-zapasy-API-i-surowcow-Pracujemy-zeby-nie-zabraklo-lekow,230148,6.html', 'https://www.calypso.com/Insights/press-releases/adenza-discontinues-all-operations-in-russia', 'https://www.wsj.com/livecoverage/russia-ukraine-latest-news-2022-03-08/card/adidas-closes-its-stores-in-russia-RdpeOsI4W0n7Q72skdQf', 'https://www.adm.com/news/news-releases/adm-expands-support-of-ukrainian-people-scales-down-russia-operations', 'https://www.spglobal.com/commodityinsights/en/market-insights/blogs/agriculture/041922-russia-ukraine-war-food-adm-bunge-cargill-louis-dreyfus', 'https://tass.ru/ekonomika/17874445', 'https://blog.adobe.com/en/publish/2022/03/04/adobe-stops-all-new-sales-in-russia', 'https://www.adp.com/about-adp/statement-on-ukraine.aspx', 'https://aecom.com/press-releases/aecom-to-exit-its-russia-operations', 'https://www.enr.com/articles/53724-aecom-will-exit-russia-immediately-over-ukraine-invasion', 'https://www.aegon.com/newsroom/news/2022/aegon-reduces-investment-exposure', 'https://news.agcocorp.com/news/agco-suspends-shipments-to-russia', 'https://globalhappenings.com/entertainment/122620.html', 'https://www.agrana.com/en/pr/war-in-ukraine', 'https://www.archyworldys.com/karbauskis-agrokoncernas-and-other-companies-will-not-work-with-russia', 'https://www.delfi.lt/verslas/verslas/is-rusijos-pasitraukianciu-verslu-sarasas-pildosi-lietuvos-ir-pasaulio-imones-kurios-emesi-sprendimu.d?id=89623073', 'https://www.ahlstrom-munksjo.com/Media/releases/other-releases-and-news/Ahlstrom-Munksjos-statement-on-business-related-to-Russia', 'https://aimbridgeemea.com/2022/07/07/business-update', 'https://airastana.com/kaz/en-us/About-Us/Overview/Air-Astana-News/air-astana-suspends-all-flights-to-russia', 'https://simpleflying.com/emirates-no-plans-suspend-flights-russia', 'https://www.airliquide.com/group/press-releases-news/2022-09-02/air-liquide-announces-its-plan-disengage-russia', 'https://www.independent.com.mt/articles/2022-02-27/local-news/Malta-closes-its-airspace-to-Russian-airlines-6736241011', 'https://www.airproducts.com/news', 'https://www.schengenvisainfo.com/news/air-serbia-doubles-flights-to-moscow-as-russians-use-serbia-as-getaway-to-reach-eu', 'https://www.airserbia.com/en/destinations/flights-to-moscow', 'https://www.airbaltic.com/en/airbaltic-leaves-russian-market', 'https://news.airbnb.com/airbnbs-actions-in-response-to-the-ukraine-crisis', 'https://www.akamai.com/blog/news/ukraine-statement', 'https://www.lawgazette.co.uk/news/dentons-decides-to-leave-russia/5111849.article', 'https://www.dolenjskilist.si/2022/03/10/258911/novice/dolenjska/Gospodarstvo_in_vojna_v_Ukrajini_Z_zaskrbljenostjo_spremljajo_dogajanje', 'https://www.linkedin.com/feed/update/urn:li:activity:6904187513087389696/?updateEntityUrn=urn%3Ali%3Afs_feedUpdate%3A%28V2%2Curn%3Ali%3Aactivity%3A6904187513087389696%29', 'https://www.akzonobel.com/en/statement-on-the-business-in-russia', 'https://www.alaskapublic.org/2022/03/02/alaska-airlines-suspends-partnership-with-russian-airline', 'https://www.alcoa.com/global/en/stories/releases?id=2022/03/alcoa-statement-on-russia_ukraine-conflict-', 'https://fortune.com/2022/03/07/great-business-retreat-matters-russia-sanctions-1986-south-africa-putin-ukraine-world-politics-jeffrey-sonnenfeld', 'https://www.imaginarycloud.com']"
42.96,1,0,0,0,6,0,0.0,0.0,0.0,0.0,0,0,0,0,0.01,17,0.0,2,0,0,0,0,0,0,0,1,0,0,0,0,0,1,0,0,collab-with-ukraine.ch,ch,https://www.collab-with-ukraine.ch,-1,0,False,200,False,False,False,False,False,False,0,0,0,1,0,2022-05-08,[]
94.4,1,0,0,0,75,14,105.86,77.66,0.0,0.21,0,0,0,0,0.01,13,0.0,1,0,0,0,0,0,0,0,0,0,2,2,2,0,0,2,0,comite-ukraine.ch,ch,https://www.comite-ukraine.ch,200,0,False,200,False,False,False,False,False,False,0,0,0,1,0,2022-03-03,"['https://www.amnesty.ch/fr/sur-amnesty/agenda/2024/manifestation-de-solidarite-ukraine-berne', 'https://sozialismus.ch/veranstaltung/zuerich-schweizweite-demo-in-solidaritaet-mit-der-ukrainischen-bevoelkerung', 'https://wemakeit.com/projects/centre-d-accueil-en-ukraine', 'https://www.youtube.com/watch?v=geZkkcnf7fY', 'https://www.publiceye.ch/fr/coin-medias/communiques-de-presse/detail/le-conseil-national-veut-une-loi-sur-le-negoce-de-matieres-premieres-et-lapplication-des-sanctions-contre-la-russie', 'https://lecourrier.ch/2023/09/22/matieres-premieres-controle-des-sanctions-reclame', 'https://www.24heures.ch/nouvelle-fuite-de-donnees-un-russe-sponsorise-la-guerre-sa-famille-a-des-millions-en-suisse-554628345989', 'https://www.rts.ch/audio-podcast/2023/audio/la-mutinerie-russe-est-elle-de-bon-augure-pour-les-ukrainiens-interview-d-hanna-perekhoda-26150802.html', 'https://www.facebook.com/ironangelskr?__cft__[0]=AZU0cVXQnU3JdOaNSiCy2WryfF3DrqGTOm7KQ9jmJviFp1DpRKcMn_wqcygYNpCov7CtTn8TT43r3cUxjvr7CuGFiAeNI_4Kd0pKnw0R1OlqGDty8vhcLPnrqVGEq5THuXpJVWnWmwNbThnOxkfd4MzM&__tn__=-]K-R', 'https://www.asso-unil.ch/grc', 'https://comiteukraine.statslive.info/c/6094695951/eyJpdiI6IjA1WkxUb1l4b2VDamxiWU8wTEZyNzdQeGxZUG1cL21Ed2duSys1UXJVUHUwPSIsInZhbHVlIjoib0J5U2I1TUtPM1crdHBKM3lDZjExa0lKSGIzMnYwVmRNbmZ3clR2cnpHVT0iLCJtYWMiOiIwZDFkYmQyNDNhMTU5ZGYyM2IyZWYxMWE0MDAxNjg2ZDM4MmQxMmVlNmZlNjk0MWEzZjJiMjUwMWY2NWM0YzU0In0=', 'https://www.instagram.com/comite_ukraine_suisse', 'https://wordpress.org', 'https://themezhut.com/themes/apace']"
50.0,1,0,0,0,19,3,125.67,94.51,0.0,0.33,0,1,0,1,0.12,19,0.0,2,0,0,1,0,0,0,0,1,0,2,2,2,0,0,2,0,community-aid-ukraine.co.uk,co.uk,https://www.community-aid-ukraine.co.uk,-1,0,False,200,False,False,False,False,False,False,0,0,0,1,0,2022-04-10,"['https://www.paypal.com/paypalme/communityaidUkraine', 'https://www.amazon.co.uk/hz/wishlist/ls/1GUSF7QVWZIZU?ref_=wl_share', 'https://www.facebook.com/hashtag/sturminsternewton?__eep__=6&__cft__[0]=AZWTeUJiWUzXdwszWbIIW3OcXm-iGSeSj7yXYKY7yBpYebJGIrePbV_YmtxQBhVGpNacAx3lCHQ6BCl0gSHFmF3xoN4_VmDTyfYvLm8C1hiTmxbdR0Ij1ooN5nDxe8vbiOHTTvz2fLlm8E2js_VCXi2VfW2ch_OQUzadHeJ5NWDSsQ&__tn__=*NK-R']"
1.19,1,0,0,0,1,0,0.0,0.0,0.0,0.0,0,0,0,0,0.55,14,0.0,0,0,0,0,0,0,0,0,1,1,1,1,1,1,1,1,1,connectukraine.info,info,https://www.connectukraine.info,-1,0,False,200,True,False,False,False,True,False,90,0,0,1,1,2022-04-08,[]
29.7,0,0,0,0,4,1,25.0,0.0,0.0,0.0,0,0,1,0,0.08,21,0.0,0,0,0,0,1,0,1,0,1,0,2,2,2,0,2,2,0,contactsforukrainians.art,art,https://www.contactsforukrainians.art,200,0,False,200,False,False,False,False,True,False,55,0,0,1,0,2022-03-01,['https://artkvartira.dp.ua']
76.12,1,0,0,0,9,3,29.0,13.44,0.0,0.0,0,0,1,0,0.06,19,0.0,0,0,0,0,0,0,0,0,1,0,0,0,0,0,0,0,0,convoispourlukraine.eu,eu,https://www.convoispourlukraine.eu,200,0,False,200,False,False,False,False,True,False,40,0,0,1,1,2022-03-18,"['https://www.cotizup.com/ukrainelibre-sudvienne86', 'https://html5up.net', 'https://www.spip.net']"
72.41,0,0,0,0,1,3,29.0,0.0,0.0,0.0,0,0,0,1,0.16,15,0.0,1,0,0,0,0,0,0,0,1,0,0,0,0,0,2,0,0,cosmolot-ukraine.com.ua,com.ua,https://www.cosmolot-ukraine.com.ua,200,0,False,200,False,False,False,False,True,False,72,0,0,1,1,2022-07-23,"['https://sweetbonanza-game.org', 'https://www.begambleaware.org', 'https://www.pragmaticplay.com']"
0.11,1,0,0,0,1,0,0.0,0.0,0.0,0.0,0,0,0,0,0.16,20,0.0,0,0,0,0,0,0,0,0,1,1,1,1,1,1,1,1,1,courageousukrainians.com,com,https://www.courageousukrainians.com,200,1,False,200,True,False,False,False,True,False,90,0,0,1,1,2022-03-06,[]
536.98,1,0,0,0,1,0,0.0,0.0,0.0,0.0,0,0,0,0,0.05,14,0.0,0,0,0,0,0,0,0,0,1,0,0,0,0,0,0,0,0,courageukraine.org,org,https://www.courageukraine.org,200,0,False,200,False,False,False,False,False,False,40,0,0,1,0,2022-06-10,[]
109.04,1,0,0,0,6,9,46.67,18.6,0.22,0.33,1,0,0,0,0.16,16,0.0,0,0,0,0,0,0,1,0,1,0,0,0,0,0,0,0,0,cratesforukraine.com,com,https://www.cratesforukraine.com,200,0,False,200,False,False,False,False,True,False,55,0,0,1,1,2022-05-23,"['https://www.mtw.org/projects/details/p-0698-crates-for-ukraine', 'https://youtu.be/9GzamiYguo8', 'https://us06web.zoom.us/j/88936272438', 'https://www.youtube.com/watch?v=2Y-pM-PMznA&ab_channel=leopolisgreen', 'https://drive.google.com/file/d/13jM8NRJ-pawDp3DAU8ME4wjU5MajM2pI/view?usp=sharing', 'https://forms.gle/PFoS7vvrw8A8hRJs9', 'https://maphub.net/CratesForUkraine/Aid-Map', 'http://www.teamlviv.org', 'https://www.instagram.com/teamlviv_updates']"
63.46,1,0,0,1,4,13,25.92,9.47,0.0,0.15,0,0,0,0,0.16,19,0.0,0,0,0,0,0,0,1,0,1,0,0,0,0,0,2,0,0,creativesforukraine.com,com,https://www.creativesforukraine.com,200,0,False,200,False,False,False,False,False,False,0,0,0,1,0,2022-02-28,"['https://www.blue-yellow.lt/en', 'https://www.facebook.com/CreativesForUkraine', 'https://www.instagram.com/creativesforukraine', 'https://www.adclietuva.lt', 'https://www.greatandgolden.studio', 'https://www.clinic212.lt', 'https://atomicgarden.lt', 'https://www.lda.lt', 'https://andstudio.lt', 'https://metida.com', 'https://folk.me', 'https://vsbl.lt', 'https://www.blueoceanspr.com']"
280.59,1,0,0,0,5,2,51.5,3.5,0.0,1.0,0,0,0,0,0.16,23,0.0,0,0,0,0,0,0,0,0,1,0,0,0,0,0,0,0,0,creativeukrainianpeople.com,com,https://www.creativeukrainianpeople.com,-1,0,False,200,False,False,False,False,True,False,55,0,0,1,1,2022-06-10,"['https://instagram.com/cup_for_peace?igshid=YmMyMTA2M2Y=', 'https://www.facebook.com/CreativeUkrainianPeople']"
52.58,1,0,0,0,3,1,24.0,0.0,0.0,0.0,0,0,0,0,0.16,15,0.062,0,0,0,0,0,0,1,1,1,0,0,0,0,0,2,0,0,creators4ukraine.com,com,https://www.creators4ukraine.com,200,0,False,200,False,False,False,False,True,False,55,0,0,1,1,2022-03-08,['https://salvationbus.com']
41.66,1,1,0,0,4,7,53.14,26.34,0.14,0.29,1,0,1,0,0.06,18,0.0,0,0,0,0,0,0,2,0,1,0,2,2,2,0,2,2,0,creatorsforukraine.eu,eu,https://www.creatorsforukraine.eu,200,0,False,200,False,False,False,False,False,False,0,0,0,1,1,2022-03-06,"['https://www.facebook.com/CreatorsForUkraine', 'https://twitter.com/CreatorsUkraine', 'https://forms.gle/YJLDGpandDGq6Dk5A', 'https://dalszerzo.hu/2022/03/07/songs-for-ukraine', 'https://open.spotify.com/playlist/6hdBHQNvPA6DNMYHRfZTyk?si=LDHFCuKNStK62hPSev144w&utm_source=copy-link&nd=1', 'https://www.cisac.org/Newsroom/news-releases/cisac-solidarity-fund-ukraine', 'https://zaiks.org.pl/ukraina']"
41.66,1,1,0,0,4,7,53.14,26.34,0.14,0.29,1,0,0,0,0.05,18,0.0,0,0,0,0,0,0,2,0,1,0,2,2,2,0,2,2,0,creatorsforukraine.org,org,https://www.creatorsforukraine.org,200,0,False,200,False,False,False,False,False,False,0,0,0,1,1,2022-03-06,"['https://www.facebook.com/CreatorsForUkraine', 'https://twitter.com/CreatorsUkraine', 'https://forms.gle/YJLDGpandDGq6Dk5A', 'https://dalszerzo.hu/2022/03/07/songs-for-ukraine', 'https://open.spotify.com/playlist/6hdBHQNvPA6DNMYHRfZTyk?si=LDHFCuKNStK62hPSev144w&utm_source=copy-link&nd=1', 'https://www.cisac.org/Newsroom/news-releases/cisac-solidarity-fund-ukraine', 'https://zaiks.org.pl/ukraina']"
3.31,1,0,0,0,1,1,19.0,0.0,0.0,0.0,0,0,1,0,0.06,14,0.0,0,0,0,0,0,0,0,0,0,0,2,2,2,0,2,2,0,cultureukraine.eu,eu,https://www.cultureukraine.eu,200,0,False,200,False,False,False,False,False,False,0,0,0,1,1,2022-04-21,['https://dhosting.pl']
1.07,1,0,0,0,1,0,0.0,0.0,0.0,0.0,0,0,0,0,0.55,14,0.0,1,0,0,0,0,0,0,0,1,0,1,1,1,1,1,1,1,culture-ukraine.info,info,https://www.culture-ukraine.info,200,1,False,200,False,False,False,False,True,False,75,1,0,0,1,2022-03-05,[]
97.86,1,0,0,0,22,2,24.0,2.0,0.0,0.0,0,0,0,0,0.16,11,0.0,0,0,0,0,0,0,0,0,1,0,0,0,0,0,0,0,0,curlukraine.com,com,https://www.curlukraine.com,200,0,False,200,False,False,False,False,True,False,61,0,0,1,0,2022-06-02,"['https://www.monobank.ua/qr', 'https://horoshop.ua/ua']"
0.39,1,0,0,0,1,0,0.0,0.0,0.0,0.0,0,0,0,0,0.16,12,0.0,0,0,0,0,0,0,0,0,1,0,1,1,1,1,1,1,0,cyberukraine.com,com,https://www.cyberukraine.com,-1,0,False,200,False,False,False,False,True,False,55,0,0,1,0,2022-03-08,[]
0.03,1,0,0,0,1,0,0.0,0.0,0.0,0.0,0,0,0,0,0.16,12,0.077,0,0,0,0,0,0,0,1,1,0,1,1,1,1,1,1,0,cycle2ukraine.com,com,https://www.cycle2ukraine.com,200,0,False,200,False,False,False,False,False,False,0,0,0,1,1,2022-06-25,[]
0.53,1,0,0,0,1,0,0.0,0.0,0.0,0.0,0,0,1,0,0.01,17,0.0,2,0,0,0,0,0,0,0,0,0,1,1,1,1,1,1,1,das-ukraine-dossier.de,de,https://www.das-ukraine-dossier.de,200,0,False,200,False,False,False,False,True,False,75,0,0,1,0,2022-05-03,[]
98.94,1,1,0,0,4,3,50.33,10.66,0.0,0.0,0,0,0,0,0.16,14,0.0,0,0,0,0,0,0,1,0,1,0,0,0,0,0,0,0,0,dataforukraine.com,com,https://www.dataforukraine.com,200,0,False,200,False,False,False,False,True,False,55,0,0,1,1,2022-05-29,"['https://web.sas.upenn.edu/mlp-devlab/ukraine-data/map-of-ukraine', 'https://mlp.trinity.duke.edu/dataforukraine.php#e', 'https://wordpress.com/?ref=footer_blog']"
22.85,1,0,0,1,1,0,0.0,0.0,0.0,0.0,0,0,0,0,0.13,10,0.0,1,0,0,0,0,0,0,0,0,1,0,2,1,0,2,2,0,daz-ukraine.net,net,https://www.daz-ukraine.net,200,0,False,200,False,False,False,False,True,False,55,0,0,1,1,2022-03-28,[]
106.19,1,0,0,0,8,11,69.09,35.4,0.0,0.0,0,0,0,0,0.16,15,0.0,0,0,0,0,0,0,0,0,1,0,0,0,0,0,0,0,0,dearukrainepoem.com,com,https://www.dearukrainepoem.com,200,0,False,200,False,False,False,False,False,False,0,0,0,1,1,2022-03-22,"['https://www.kentstateuniversitypress.com/2019/the-many-names-for-mother', 'https://www.losthorsepress.org', 'https://www.juliakolchinskydasbach.com', 'https://www.kent.edu/amlci/news/ukrainian-scholar-support-fund', 'https://unicefusa.donorsupport.co/-/NNQVHJXX', 'https://donate.wck.org/give/396273/#!/donation/checkout', 'https://spectrumnews1.com/oh/toledo/news/2022/05/12/dear-ukraine-global-community-poem-invites-induvials-to-express-their-feelings-', 'https://www.wksu.org/arts-culture/2022-06-24/ukrainian-bandurist-chorus-and-kent-state-poetry-project-express-support-for-ukraine', 'https://www.cleveland.com/community/2022/10/lakewood-public-library-hosting-dear-ukraine-programming.html', 'https://form.typeform.com/to/nO7QzFHu?typeform-medium=embed-snippet', 'https://Travelingstanzas.com']"
480.21,1,0,0,0,6,1,167.0,0.0,0.0,0.0,0,0,0,0,0.02,23,0.0,0,0,0,0,0,0,0,0,0,0,0,0,0,0,0,0,0,defendukrainefoundation.ca,ca,https://www.defendukrainefoundation.ca,200,0,False,200,False,False,False,False,False,False,0,0,0,1,0,2022-03-21,['https://globalnews.ca/video/8663120/volunteers-in-b-c-sending-much-needed-supplies-to-ukraine/amp/?fbclid=IwAR3Q3hn29Xr1GVJNLzolD_BRRSQkEOYw9htsEq1kcwpthO7mEEJmwyGoqqQ']
21.99,1,0,0,0,1,4,58.25,18.43,0.0,0.0,0,0,0,0,0.16,16,0.0,0,0,0,0,0,0,0,0,1,0,2,2,2,0,0,2,0,defendukrainenow.com,com,https://www.defendukrainenow.com,200,0,False,200,False,False,False,False,False,False,0,0,0,1,1,2022-04-14,"['https://www.ipetitions.com/petition/us-politicians-defend-ukraine-now', 'https://ecfr.eu/article/why-ukraine-needs-greater-military-support-from-the-west', 'https://bank.gov.ua/en/about/support-the-armed-forces', 'https://www.comebackalive.in.ua']"
231.57,1,0,0,0,15,50,26.86,9.4,0.0,0.04,0,0,1,0,0.01,17,0.0,2,0,0,0,0,0,0,0,0,0,0,0,0,0,0,0,1,deine-ukraine-hilfe.de,de,https://www.deine-ukraine-hilfe.de,200,0,False,200,False,False,False,False,True,False,82,0,0,1,0,2022-03-07,"['https://www.instagram.com/ostheimhilft_deineukrainehilfe', 'https://www.bmel.de/DE/themen/internationales/ukraine-hilfe.html', 'https://www.facebook.com/ostheimhilft.deineukrainehilfe', 'https://www.volvotrucks.de/de-de', 'https://www.unserland.info', 'https://naturland.de/de', 'https://www.holle.ch', 'https://www.demeter.de/aktuell', 'https://www.campo-verde.de', 'https://www.bodan.de', 'https://www.feneberg.de', 'https://www.boelw.de', 'https://www.bioland.de/verbraucher', 'https://www.victualium.com', 'https://n-bnn.de', 'https://www.pema.eu/tip', 'https://www.naturkost-nord.de', 'https://www.biohof-ritter.com', 'https://www.naturkost-erfurt.de', 'https://www.alnatura.de/de-de', 'https://ppura.bio', 'https://www.allos.de', 'https://www.weleda.de', 'https://www.naturata.de', 'https://www.byodo.de/index', 'https://erdmannhauser.de', 'https://huoberbrezel.de/de/home', 'https://basicbio.de', 'https://www.oekoring.com/home', 'https://www.boeselager-osteuropahilfe.de', 'https://www.laselva.bio', 'https://www.sodasan.com', 'https://www.bauckhof.de', 'https://www.biokreis.de', 'https://www.rebio.de', 'https://mani.bio', 'https://www.sonett.eu', 'https://www.feines-aus-dem-hegau.de', 'https://www.biomarkt.de', 'https://oekoland.de', 'https://www.gropper.de/de', 'https://dreher.bio', 'http://grossmann-agrar.de', 'https://www.lammsbraeu.de', 'https://www.antersdorfer.bio', 'https://www.dr-karg.de/de', 'https://www.zhg-online.com', 'https://loewenzahnorganics.com', 'https://www.innosnack-shop.de', 'https://www.hodermann.de']"
14.83,1,0,0,0,8,2,66.5,4.5,0.0,1.0,0,0,0,0,0.01,22,0.0,0,0,0,0,0,0,0,0,0,0,2,2,2,0,0,2,0,dendanskeukrainekomite.dk,dk,https://www.dendanskeukrainekomite.dk,200,0,False,200,False,False,False,False,False,False,0,0,0,1,1,2022-03-08,"['https://twitter.com/intent/tweet?text=https://dendanskeukrainekomite.dk', 'https://www.facebook.com/watch/?v=5365384506832055&ref=sharing']"
101.67,1,0,0,0,9,20,39.7,32.93,0.0,0.05,0,0,1,0,0.01,11,0.083,0,0,0,0,0,0,0,1,0,0,0,0,0,0,0,0,0,devs4ukraine.de,de,https://www.devs4ukraine.de,200,1,False,200,False,False,False,False,False,False,0,0,0,1,0,2022-02-28,"['https://www.betterplace.org/de/fundraising-events/40714-devs-4-ukraine', 'https://www.aktion-deutschland-hilft.de/en', 'https://www.drk.de/en', 'https://www.cadus.org/en', 'https://www.uno-fluechtlingshilfe.de', 'https://www.refugees-foundation.org', 'https://medizinischer-hilfsdienst-nordrhein.de', 'https://www.bruecke-nach-kiew.de', 'https://tinyroar.de', 'https://threaks.com', 'https://www.youtube.com/c/SambZockt?app=desktop', 'https://www.osmoticstudios.com', 'https://lostthegame.de', 'https://www.gamecity-hamburg.de/projects/wild-woods', 'https://www.dsfishlabs.com', 'https://www.daedalic.com', 'https://rockfishgames.com', 'https://www.steuertipps.de/steuererklaerung-finanzamt/steuererklaerung/steuererklaerung-spenden-von-der-steuer-absetzen#odocid_112e003a-cfb6-4863-a20e-3be8327e958e_frg_e937', 'https://themeisle.com/themes/neve', 'http://wordpress.org']"
216.28,1,1,1,0,24,4,25.0,7.35,0.0,0.0,0,0,0,0,0.02,14,0.0,0,0,0,0,0,0,1,0,1,0,0,0,0,0,0,0,0,devsforukraine.io,io,https://www.devsforukraine.io,200,0,False,200,False,False,False,False,True,False,55,0,0,1,1,2022-03-25,"['https://www.y2mate.biz/youtube-to-mp3', 'https://storiesig.info/en', 'https://ssstik.live', 'https://igram.world']"
47.27,1,0,0,0,3,1,42.0,0.0,0.0,0.0,0,0,0,0,0.05,15,0.0,1,0,0,0,0,0,0,0,1,0,2,0,2,0,0,0,0,diabetes-ukraine.org,org,https://www.diabetes-ukraine.org,-1,0,False,302,False,False,False,False,False,False,0,0,1,0,0,2022-06-24,['https://www.testifyingexpert.com/index.php']
91.71,1,1,0,0,1,1,54.0,0.0,0.0,0.0,0,0,0,0,0.05,13,0.071,0,0,0,0,0,0,0,1,0,0,0,0,0,0,0,0,0,direct4ukraine.org,org,https://www.direct4ukraine.org,200,0,False,200,False,False,False,False,False,False,35,0,0,1,0,2022-04-27,['https://www.justgiving.com/crowdfunding/direct4ukraine']
177.38,1,0,0,0,3,2,30.0,8.0,0.0,0.5,0,0,0,0,0.16,22,0.0,0,0,0,0,0,0,1,0,1,0,0,0,0,0,0,0,0,directactionforukraine.com,com,https://www.directactionforukraine.com,-1,0,False,200,False,False,False,False,True,False,55,0,0,1,0,2022-07-01,"['https://www.facebook.com/olga.tsepkalo', 'http://squarespace.com']"
177.91,0,1,0,0,3,1,69.0,0.0,0.0,0.0,0,0,0,0,0.05,19,0.0,0,0,0,0,0,0,0,0,1,0,0,0,0,0,0,0,0,directactionukraine.org,org,https://www.directactionukraine.org,200,0,False,200,False,False,False,False,False,False,0,0,0,1,0,2022-03-16,['https://support.google.com/accounts?p=signin_privatebrowsing&hl=en-US']
23.08,1,1,0,0,7,4,52.0,16.26,0.25,0.5,0,1,0,0,0.05,16,0.0,0,0,0,1,0,0,0,0,1,0,2,2,2,0,2,2,0,directaidukraine.org,org,https://www.directaidukraine.org,200,0,False,200,False,False,False,False,False,False,0,0,0,1,1,2022-03-06,"['https://www.instagram.com/directaidukraine/?utm_medium=copy_link', 'https://www.facebook.com/Direct-Aid-Ukraine-101684299133840', 'https://www.paypal.com/donate/?hosted_button_id=3P8CDJMXZFVS6', 'http://eepurl.com/hXw2Jr']"
134.93,1,0,0,0,9,14,61.5,38.71,0.21,0.14,1,1,0,0,0.55,20,0.0,0,0,0,1,0,0,1,0,0,0,0,2,0,0,0,0,0,directhelpforukraine.info,info,https://www.directhelpforukraine.info,200,0,False,200,False,False,False,False,True,False,55,0,0,1,1,2022-03-08,"['https://forms.gle/QyQRcPH6HJWgQUn19', 'https://uaabroad.org', 'https://www.amazon.com/hz/wishlist/ls/18GL3XCAS4ERL?ref_=wl_share', 'https://www.paypal.com/donate/?hosted_button_id=5NNSK8LC2WDT2', 'https://www.cashforrefugees.org', 'https://secure.givelively.org/donate/charitable-allies-inc/cash-for-refugees', 'https://piliavskyanastasia.wixsite.com/help-ukraine', 'https://youtu.be/kce7QL2i8TQ', 'http://www.wnyc.org/story/ukrainians-displaced-war-are-arriving-new-york', 'https://gothamist.com/news/ukrainians-fleeing-war-are-picking-up-the-pieces-in-new-york-city?fbclid=IwAR3kb-H5EtmWfI_2G35N9jo6Ecq9I-5UkzdrBSgTNUk-GnyVgJ3gKEnoWIQ', 'https://docs.google.com/forms/d/e/1FAIpQLScAIG1YRfshmTp2DbVdwtBk3L59KwMV1Y6LY6wwUXC_aISgyQ/viewform', 'https://t.me/NY_volunteers_info', 'http://squarespace.com', 'https://unsplash.com/s/photos/ukraine-flag?utm_source=unsplash&utm_medium=referral&utm_content=creditCopyText']"
8.87,1,0,0,0,8,1,24.0,0.0,1.0,0.0,0,0,0,0,0.16,23,0.0,0,0,0,1,0,0,1,0,1,0,2,1,2,0,2,2,0,directsupportforukraine.com,com,https://www.directsupportforukraine.com,200,0,False,200,False,False,False,False,False,False,0,0,0,1,1,2022-03-29,['http://eepurl.com/h4mrHj']
147.76,1,0,0,0,26,7,50.14,22.69,0.0,0.14,0,1,0,0,0.16,20,0.0,0,0,0,1,0,0,0,0,1,0,0,0,0,0,0,0,0,directsupportukraine.com,com,https://www.directsupportukraine.com,404,0,False,200,False,False,False,False,True,False,35,0,0,1,1,2022-03-02,"['https://www.instagram.com/jackrobertphotography', 'https://account.venmo.com/u/directsupportukraine', 'https://givesendgo.com/directsupportukraine#', 'https://paypal.me/jackrobertphoto', 'https://docs.google.com/spreadsheets/d/1fYMu9PX8b5b-3x0QPA05DIhhGlrsJg7aL3X6PwweKno/edit?usp=sharing', 'https://darverkelly.com', 'https://wise.com/community/support-for-people-in-ukraine']"
194.52,1,0,0,0,9,5,82.0,58.62,0.0,0.2,0,0,0,0,0.16,18,0.0,1,0,0,0,0,0,0,0,0,0,0,0,0,0,0,0,0,direkthilfe-ukraine.com,com,https://www.direkthilfe-ukraine.com,200,0,False,200,False,False,False,False,False,False,0,0,0,1,0,2022-04-22,"['https://www.ndr.de/fernsehen/sendungen/die_nordreportage/die-noredreportage-Fahrt-in-die-Truemmer-Hilfe-fuer-die-Ukraine,dienordreportage2594.html', 'https://www.ardmediathek.de/video/die-nordreportage/fahrt-in-die-truemmer-hilfe-fuer-die-ukraine/ndr/Y3JpZDovL25kci5kZS9wcm9wbGFuXzE5NjM0NjcxN19nYW56ZVNlbmR1bmc', 'https://www.facebook.com/michael.kroger.98', 'https://policies.google.com/privacy?hl=de', 'https://www.kepios.de']"
0.84,1,0,0,0,1,0,0.0,0.0,0.0,0.0,0,0,1,0,0.01,18,0.0,1,0,0,0,0,0,0,0,0,1,1,1,1,1,1,1,1,direkthilfe-ukraine.de,de,https://www.direkthilfe-ukraine.de,200,0,False,200,True,False,False,False,True,False,99,0,1,0,0,2022-03-10,[]
148.71,1,0,0,0,82,5,27.2,5.04,0.0,0.2,0,0,0,0,0.16,10,0.0,0,0,0,0,0,0,0,0,1,0,0,0,0,0,0,0,0,diyukraine.com,com,https://www.diyukraine.com,200,0,False,200,False,False,False,False,True,False,61,0,0,1,0,2022-03-14,"['https://www.instagram.com/diyukraine', 'https://www.lola-digital.com', 'https://tiemporda.com', 'http://severaladvice.com', 'https://www.soljonquera.net']"
411.9,0,0,0,0,1,0,0.0,0.0,0.0,0.0,0,0,0,0,0.05,10,0.0,0,0,0,0,0,0,0,0,1,0,0,0,0,0,0,0,0,diyukraine.org,org,https://www.diyukraine.org,200,1,False,200,False,False,False,False,False,False,0,0,0,1,1,2022-03-25,[]
5.38,1,0,0,0,1,0,0.0,0.0,0.0,0.0,0,0,0,0,0.16,13,0.071,0,0,0,0,0,0,0,1,1,0,1,1,1,1,1,1,0,dktech4ukraine.com,com,https://www.dktech4ukraine.com,200,0,False,200,False,False,False,False,False,False,0,0,0,1,1,2022-03-25,[]
1068.3,1,0,0,0,15,14,131.21,38.02,0.0,0.0,0,0,0,0,0.05,10,0.091,0,0,0,0,0,0,0,1,1,0,0,0,0,0,0,0,0,doc4ukraine.org,org,https://www.doc4ukraine.org,200,0,False,200,False,False,False,False,True,False,35,0,0,1,1,2022-03-08,"['https://www.helloasso.com/associations/doc4ukraine#donation', 'https://files.sbcdnsb.com/images/s-KUx0PRcP-trk7SUFrp6g/content/1683038366/3064418/2000/4bf7b464-1_3.jpeg', 'https://reservation.aixenprovencetourism.com/marc-jolivet-spectacle-en-soutien-a-l-ukraine.html', 'https://www.rireetchansons.fr/podcasts/le-journal-du-rire/une-soiree-au-profit-de-l-ukraine-dimanche-au-casino-de-paris-interview-de-marc-jolivet', 'https://amp-lefigaro-fr.cdn.ampproject.org/c/s/amp.lefigaro.fr/societes/matelas-lait-les-mille-facons-des-entreprises-d-aider-l-ukraine-20221121', 'https://www.lamontagne.fr/gueret-23000/actualites/comment-la-creuse-veut-collecter-des-groupes-electrogenes-pour-aider-l-ukraine-a-passer-l-hiver_14242557', 'https://www.lepopulaire.fr/limoges-87000/actualites/l-ong-doc4ukraine-invite-les-maires-du-limousin-a-offrir-des-groupes-electrogenes-a-l-ukraine_14233936', 'https://www.francebleu.fr/infos/societe/limousin-une-collecte-de-generateurs-electriques-pour-l-ukraine-a-nantiat-5805864', 'https://www.20minutes.fr/sante/3320615-20220706-guerre-ukraine-appris-damage-control-infirmieres-ukrainiennes-raconte-angeline-retour-mission-humanitaire', 'https://war-segodnya-ua.translate.goog/ua/war/zhizn/shokiruet-kolichestvo-grazhdanskih-s-ognestrelnymi-raneniyami-hirurg-iz-francii-1626237.html?_x_tr_sl=uk&_x_tr_tl=fr&_x_tr_hl=uk&_x_tr_pto=wapp', 'https://acrobat.adobe.com/link/track?uri=urn:aaid:scds:US:5201ddc1-7649-4c06-a468-0f0140154c72#pageNum=1', 'https://www.ouest-france.fr/pays-de-la-loire/vigneux-de-bretagne-44360/solidaires-des-ukrainiens-f2027316-91b5-492e-b1b1-2d1d23f6f7c4', 'https://dl.dropboxusercontent.com/s/4tvkx2b00s4svw4/PRESENTATION%20D4U_FR.pdf?dl=0', 'https://www.simplebo.fr/devis-gratuit?sbmcn=SB_SITES_CLIENTS&sbmcc=FOOTER_V2&utm_campaign=SB+Sites+clients&utm_source=Simpl%C3%A9bo&utm_medium=Site+internet+public&utm_content=Mention+Footer+V2']"
0.11,1,0,0,0,1,0,0.0,0.0,0.0,0.0,0,0,1,0,0.29,13,0.071,0,0,1,0,0,0,0,1,0,0,1,1,1,1,1,1,0,donate2ukraine.us,us,https://www.donate2ukraine.us,-1,0,False,200,False,False,False,False,True,False,55,0,0,1,1,2022-03-20,[]
496.89,1,0,0,0,1,1,40.0,0.0,0.0,0.0,0,0,0,0,0.05,21,0.045,0,0,1,0,0,0,0,1,0,0,0,0,0,0,0,0,0,donate2ukrainechildren.org,org,https://www.donate2ukrainechildren.org,-1,0,False,200,False,False,False,False,True,False,55,1,0,0,1,2022-05-04,['https://www.donate2ukrainianchildren.org']
6.49,1,0,0,0,12,0,0.0,0.0,0.0,0.0,0,0,0,0,0.16,16,0.0,0,0,1,0,0,0,1,0,0,1,1,1,1,1,1,1,0,donateforukraine.com,com,https://www.donateforukraine.com,-1,0,False,200,False,False,False,False,False,False,0,0,0,1,0,2022-02-27,[]
0.11,1,0,0,0,1,0,0.0,0.0,0.0,0.0,0,0,0,0,0.05,16,0.0,0,0,1,0,0,0,1,0,0,0,1,1,1,1,1,1,1,donateforukraine.org,org,https://www.donateforukraine.org,200,1,False,200,True,False,False,False,True,False,90,0,0,1,0,2022-02-28,[]
1084.49,1,0,0,0,3,3,37.0,14.85,0.33,0.67,0,0,0,0,0.05,15,0.0,0,0,1,0,0,0,0,0,0,0,0,0,0,0,0,0,0,donateinukraine.org,org,https://www.donateinukraine.org,-1,0,False,200,False,False,False,False,False,False,0,0,0,1,0,2022-06-15,"['https://t.me/aggresorr_stop', 'https://www.facebook.com/groups/703862834010829/?ref=share', 'https://www.zhilstroj-2.ua']"
24.53,1,1,0,0,1,1,46.0,0.0,0.0,0.0,0,0,1,0,0.06,13,0.0,0,0,1,0,0,0,0,0,1,0,2,2,2,0,2,2,0,donateukraine.eu,eu,https://www.donateukraine.eu,200,1,False,200,False,False,False,False,False,False,0,0,0,1,1,2022-02-26,['https://www.bbc.com/news/world-europe-60516704']
12.04,1,0,0,0,1,2,37.5,15.5,0.0,0.0,0,0,1,0,2.63,13,0.0,1,0,1,0,0,0,0,0,0,1,2,2,2,0,2,2,1,donate-ukraine.live,live,https://www.donate-ukraine.live,200,0,False,200,False,False,False,False,True,False,75,0,0,1,0,2022-03-01,"['https://bank.gov.ua/en/about/support-the-armed-forces', 'https://help.gov.ua/en']"
95.06,1,0,0,0,1,2,54.0,8.0,0.0,0.0,0,0,0,0,0.16,21,0.0,0,0,1,0,0,0,0,0,0,1,0,0,0,0,2,0,1,donateukrainianpeople.com,com,https://www.donateukrainianpeople.com,403,0,False,403,False,False,False,False,True,False,75,0,0,1,1,2022-03-13,"['https://clickfunnels.com/?aff_sub=paused_modal', 'https://internationalmessengers.onlinegiving.org/donate/login?']"
115.49,1,0,0,0,8,8,68.25,52.94,0.12,0.62,0,1,0,0,0.16,18,0.0,0,0,0,0,0,0,1,0,1,0,0,2,0,0,0,0,0,donationforukraine.com,com,https://www.donationforukraine.com,200,0,False,200,False,False,False,False,True,False,55,0,0,1,1,2022-03-05,"['https://www.paypal.com/donate/?hosted_button_id=YHJV9RGK2F8NY', 'https://www.amazon.com/registries/custom/15GVQR2NJ0C8L/guest-view', 'https://www.google.com/search?q=525+East+Seventh+Street%2C+Brooklyn%2C+New+York%2C+11218&oq=525+East+Seventh+Street%2C+Brooklyn%2C+New+York%2C+11218&aqs=chrome..69i57j0i546.744j0j7&sourceid=chrome&ie=UTF-8', 'https://www.youtube.com/watch?v=TVbrk-e2l9A', 'https://twitter.com/donation4ukrain', 'https://instagram.com/donation.for_ukraine', 'https://t.me/donation_west_ukraine', 'https://www.facebook.com/Donation-for-Ukraine-110314478261203']"
0.11,1,0,0,0,1,0,0.0,0.0,0.0,0.0,0,0,0,0,0.16,14,0.0,0,0,0,0,0,0,0,0,0,1,1,1,1,1,1,1,1,donetskukraine.com,com,https://www.donetskukraine.com,200,1,False,200,True,False,False,False,True,False,90,0,0,1,1,2022-04-02,[]
0.11,1,0,0,0,1,0,0.0,0.0,0.0,0.0,0,0,0,0,0.16,9,0.0,0,0,0,0,0,0,0,0,1,0,1,1,1,1,1,1,1,doukraine.com,com,https://www.doukraine.com,200,1,False,200,True,False,False,False,True,False,90,0,0,1,0,2022-03-03,[]
115.97,1,0,0,0,35,0,0.0,0.0,0.0,0.0,0,0,1,0,0.01,24,0.0,0,0,0,1,0,0,0,0,0,0,0,0,0,0,0,0,0,dresdenstandswithukraine.de,de,https://www.dresdenstandswithukraine.de,200,0,False,200,False,False,False,False,False,False,0,0,0,1,0,2022-02-27,[]
357.48,1,0,0,0,6,3,54.33,29.68,0.33,0.67,0,0,0,0,0.05,17,0.0,0,0,0,0,0,0,1,0,1,0,0,0,0,0,0,0,0,dressesforukraine.org,org,https://www.dressesforukraine.org,404,0,False,200,False,False,False,False,False,False,0,0,0,1,0,2022-07-16,"['https://www.eventbrite.com/e/dressesforukraine-hochzeitskleider-die-helfen-tickets-420327519927', 'https://www.instagram.com/dressesforukraine', 'https://fb.me/e/2FGgSXwt4']"
120.82,1,1,0,0,24,0,0.0,0.0,0.0,0.0,0,0,0,0,0.16,18,0.0,0,0,0,0,0,0,1,0,1,0,0,0,0,0,0,0,0,drinkersforukraine.com,com,https://www.drinkersforukraine.com,200,0,False,200,False,False,False,False,True,False,55,0,0,1,1,2022-03-02,[]
553.17,1,0,0,0,10,2,58.5,3.5,0.0,0.5,0,0,0,0,0.05,19,0.0,0,0,0,1,0,0,1,0,1,0,0,0,0,0,0,0,0,drivingaidtoukraine.org,org,https://www.drivingaidtoukraine.org,200,0,False,200,False,False,False,False,True,False,55,0,0,1,1,2022-06-17,"['https://www.facebook.com/profile.php?id=100087435826019', 'https://www.crowdfunder.co.uk/p/ukraine-aid-2022/backers#start']"
13.86,1,0,0,0,7,7,75.57,24.97,0.0,0.0,0,0,1,0,0.06,13,0.071,0,0,0,0,0,1,0,1,1,0,2,2,2,0,2,2,0,drones2ukraine.eu,eu,https://www.drones2ukraine.eu,200,0,False,200,False,False,False,False,False,False,0,0,0,1,1,2022-03-14,"['https://www.mad.group', 'https://www.sydsvenskan.se/2022-05-07/ukrainas-krigare-lar-sig-spaning-och-attack-med-dronare-fran-skane', 'https://www.atl.nu/kriget-i-ukraina-far-svenskt-foretag-att-samla-in-dronare', 'https://www.smp.se/lessebo/anton-driver-insamling-av-dronare-till-ukrainas-civilforsvar-da29a94b', 'https://www.svt.se/nyheter/lokalt/skane/malmoforetagen-skickar-ner-dronare-till-ukraina', 'https://www.di.se/digital/svenska-dronare-skanks-till-ukrainas-civilforsvar', 'https://www.fotosidan.se/cldoc/news/skank-din-dronare-till-ukraina.htm']"
103.29,1,0,0,0,6,1,19.0,0.0,0.0,0.0,0,0,0,0,0.05,13,0.071,0,0,0,0,0,1,0,1,1,0,0,0,0,0,2,0,0,drones2ukraine.org,org,https://www.drones2ukraine.org,404,0,False,200,False,False,False,False,False,False,0,0,0,1,0,2022-07-06,['https://uahouse.org']
19.59,1,0,0,0,8,9,74.44,22.99,0.0,0.0,0,0,0,0,0.02,13,0.071,0,0,0,0,0,1,0,1,0,0,2,2,2,0,2,2,0,drones2ukraine.se,se,https://www.drones2ukraine.se,200,0,False,200,False,False,False,False,False,False,0,0,0,1,1,2022-03-13,"['https://www.skogen.se/nyheter/dronarpiloter-fran-ukraina-sommarjobbar-i-svensk-skog', 'https://cornucopia.se/2023/02/gastartikel-drones2ukraine-behov-av-snabbt-stod', 'https://www.atl.nu/ukrainare-lar-sig-dronarteknik-i-skane', 'https://www.sydsvenskan.se/2022-05-07/ukrainas-krigare-lar-sig-spaning-och-attack-med-dronare-fran-skane', 'https://www.smp.se/lessebo/anton-driver-insamling-av-dronare-till-ukrainas-civilforsvar-da29a94b', 'https://www.svt.se/nyheter/lokalt/skane/malmoforetagen-skickar-ner-dronare-till-ukraina', 'https://www.di.se/digital/svenska-dronare-skanks-till-ukrainas-civilforsvar', 'https://www.fotosidan.se/cldoc/news/skank-din-dronare-till-ukraina.htm', 'https://www.mad.group']"
32.02,1,1,1,0,9,4,49.75,20.75,0.25,0.25,0,1,0,0,0.01,16,0.0,0,0,1,0,0,1,1,0,1,0,2,2,2,0,2,2,0,dronesforukraine.fund,fund,https://www.dronesforukraine.fund,200,0,False,200,False,False,False,False,False,False,0,0,0,1,1,2022-04-21,"['https://www.paypal.com/donate/?hosted_button_id=E8CTSGNGBTSZ6', 'https://send.monobank.ua/jar/WvmHMoVvs', 'https://t.co/1gHivob9oz', 'https://twitter.com/Drones4Ukr/status/1524008548233101314?ref_src=twsrc%5Etfw']"
72.76,1,0,0,0,9,0,0.0,0.0,0.0,0.0,0,0,1,0,0.01,17,0.0,2,0,0,0,0,0,0,0,0,0,0,0,0,0,0,0,0,ds-buendnis-ukraine.de,de,https://www.ds-buendnis-ukraine.de,200,0,False,200,False,False,False,False,False,False,0,0,1,0,1,2022-03-08,[]
122.04,1,1,0,0,18,4,37.0,14.37,0.0,0.75,0,0,0,0,0.0,25,0.0,0,0,0,0,0,0,0,0,1,0,0,0,0,0,0,0,1,dublincityukraineresponse.ie,ie,https://www.dublincityukraineresponse.ie,200,0,False,301,False,True,False,False,True,False,85,0,0,1,1,2022-07-03,"['https://www.facebook.com/volunteerdublincity', 'https://twitter.com/DublinVolunteer', 'https://www.instagram.com/dublin_city_volunteer_centre', 'https://zala.ie']"
427.75,0,0,0,0,1,64,51.36,35.11,0.0,0.05,0,0,0,0,0.16,8,0.0,0,0,0,0,0,0,0,0,1,0,0,0,0,0,0,0,0,dukraine.com,com,https://www.dukraine.com,200,1,False,200,False,False,False,False,False,False,0,0,1,0,1,2022-03-17,"['http://phpadsnew.wn.com/www/delivery/ck.php?n=af9a85ca&cb=INSERT_RANDOM_NUMBER_HERE', 'http://twitter.com/home?status=https://wn.com/D_Ukraine', 'http://www.facebook.com/sharer.php?u=https://wn.com/D_Ukraine', 'http://maps.google.com/?q=Ukraine', 'http://.wikipedia.org', 'http://www.vechirka.uafor.net/sport/summer/0604204006.php', 'http://zakon4.rada.gov.ua/laws/show/30-2006-%D0%BF', 'http://myradio.com.ua/alias/RnB128.m3u', 'http://radio-world.elektrowave.org:8128', 'http://195.248.234.146:8000/radio1.m3u', 'http://pop.ct.fm/pop_ct_fm_mac.pls', 'http://live.galaradio.com:8000/kiev.m3u', 'http://radio.rivne.net:8000/listen.pls', 'http://91.194.250.169:8000/ur4-mp3-m', 'http://radio.tstu.edu.ua:8000/heavy.m3u', 'http://server.gik-team.net.ua:8000/live128', 'http://stream.ck.ua:8000/101FM.m3u', 'http://yaltafm.dyndns.tv:8000/online.m3u', 'http://213.85.130.203:8080/stream.mp3.m3u', 'http://radio.crimusic.info:8000/estetika128.m3u', 'http://195.66.65.146:8080/ekvator.m3u', 'http://online.1043.com.ua:8000/1043fm.m3u', 'http://rad.radio-n.com:8000', 'http://212.66.57.18:8000/listen.pls', 'http://www.radiobengel.com.ua/download/32kbps.m3u', 'http://rmix.dp.ua/listen_high.m3u', 'http://91.194.251.74:8000/superfm128.mp3.m3u', 'http://nashe.ua/nashe.m3u', 'http://xhost.feosky.net:8000/57358.m3u', 'http://www.prosto.fm/files/ProstoRadio128-Odessa.m3u', 'http://narodnoe.fm/files/NaRadiO128.m3u', 'http://online-rusradio.tavrmedia.ua/RusRadio.m3u', 'http://cast.loungefm.com.ua/loungefm.m3u', 'http://80.245.113.11:8076', 'http://mfile.akamai.com/10619/live/reflector:31070.asx', 'http://fm.odtrk.km.ua:8000/listen.pls', 'http://psyradio.com.ua/PsyRadio_256kbps.m3u', 'https://youtube.com', 'https://i.ytimg.com/vi/OwMJR7rnCUU/0.jpg', 'https://sputnikglobe.com/20240411/west-not-condemning-ukraine-looks-like-indirect-support-of-attacks-on-zaporozhye-power-plant-1117878311.html', 'https://www.publicnow.com/view/14771D21BFEB77B5B361E616C96DBFD95C249D03?1712875592\n', 'https://scnow.com/ap/international/ukraines-parliament-passes-a-controversial-law-to-boost-much-needed-conscripts-as-war-drags-on/article_65553d1a-c16c-5c07-a7a2-42954eb4130c.html', 'https://www.independent.co.uk/news/world/europe/ukraine-russia-war-news-latest-putin-drones-b2526946.html', 'https://edition.cnn.com/2024/04/11/climate/bogota-water-rationing-drought-climate-intl/index.html', 'https://www.livemint.com/news/world/on-pm-modi-s-border-row-comments-china-says-noted-the-remarks-11712842841959.html', 'https://www.aljazeera.com/news/2024/4/11/turning-a-blind-eye-zelenskyy-slams-allies-as-russia-intensifies-attacks', 'https://www.beijingnews.net/news/274251548/israel-accused-of-using-ai-to-target-thousands-in-gaza-as-killer-algorithms-outpace-international-law', 'https://www.startribune.com/wife-of-julian-assange-says-bidens-comments-mean-case-could-be-moving-in-the-right-direction/600358068', 'https://www.sfgate.com/news/world/article/mali-s-junta-suspends-all-political-activities-19397053.php', 'https://www.rte.ie/news/middle-east/2024/0411/1442892-biden-iran-israel', 'https://www.newstatesman.com/politics/uk-politics/2024/04/rishi-sunaks-shelf-life-is-over', 'https://koreatimes.co.kr/www/opinion/2024/04/197_372291.html?utm_source=fl', 'https://www.dubai.com', 'https://travelagents.com', 'https://globalweather.com', 'https://worldphotos.com', 'https://cheese.com', 'https://broadcasts.com', 'https://metas.com', 'https://students.com', 'https://emissions.com', 'https://population.com', 'https://domaines.com', 'https://wages.com']"
32.21,1,0,0,0,19,3,45.67,11.12,0.0,1.0,0,0,0,0,0.01,20,0.0,0,0,0,0,0,1,0,0,1,0,2,2,2,0,2,2,0,dutchfarmerinukraine.nl,nl,https://www.dutchfarmerinukraine.nl,200,0,False,200,False,False,False,False,False,False,0,0,0,1,1,2022-02-27,"['https://www.facebook.com/people/Kees-Huizinga/100078152417672', 'https://twitter.com/DutchFarmerInUA', 'https://www.instagram.com/DutchfarmerinUA']"
349.3,1,0,0,0,1,8,32.5,17.18,0.0,0.12,0,0,0,0,0.05,15,0.0,0,0,0,0,0,0,0,0,1,0,0,0,0,0,0,0,0,dynamicsukraine.org,org,https://www.dynamicsukraine.org,404,0,False,200,False,False,False,False,True,False,55,0,0,1,1,2022-03-08,"['https://www.gofundme.com/f/dynamics-professionals-in-ukraine-need-your-help', 'https://www.linkedin.com/in/svyrydenko', 'https://www.arbelatech.com', 'https://clarity.crumbsler.com/en', 'https://www.enavate.com', 'https://global-mediator.com', 'https://ontargit.com/en', 'https://sisn.com']"
1.19,1,0,0,0,1,0,0.0,0.0,0.0,0.0,0,0,0,0,0.16,13,0.0,0,0,0,0,0,0,0,0,0,1,1,1,1,1,1,1,1,easyukrainian.com,com,https://www.easyukrainian.com,-1,0,False,200,False,False,False,False,True,False,95,0,0,1,1,2022-03-10,[]
0.16,1,0,0,0,1,0,0.0,0.0,0.0,0.0,0,0,1,0,0.06,10,0.0,1,0,0,0,0,0,0,0,1,0,1,1,1,1,1,1,1,eco-ukraine.eu,eu,https://www.eco-ukraine.eu,-1,0,False,200,False,False,False,False,True,False,75,0,0,1,0,2022-04-17,[]
26.81,1,0,0,0,4,1,21.0,0.0,0.0,0.0,0,0,0,0,0.05,10,0.0,1,0,0,0,0,0,0,0,1,0,2,2,2,0,0,2,0,eco-ukraine.org,org,https://www.eco-ukraine.org,-1,0,False,200,False,False,False,False,True,False,55,0,0,1,1,2022-04-12,['https://wordpress.org']
160.19,1,0,0,0,7,0,0.0,0.0,0.0,0.0,0,0,0,0,0.05,10,0.0,1,0,0,0,0,0,0,0,1,0,0,0,0,0,0,0,0,ehe-ukraine.org,org,https://www.ehe-ukraine.org,-1,0,False,200,False,False,False,False,False,False,0,0,0,1,1,2022-03-24,[]
143.46,1,0,0,0,5,4,36.5,10.52,0.0,0.5,0,0,0,0,0.03,18,0.0,0,0,0,0,0,0,0,0,1,0,0,0,0,0,0,0,0,ekynoxpourlukraine.fr,fr,https://www.ekynoxpourlukraine.fr,200,0,False,200,False,False,False,False,True,False,55,0,0,1,1,2022-03-16,"['https://loicmonde.bigcartel.com', 'https://www.instagram.com/ekynoxpourlukraine/?hl=fr', 'https://www.linkedin.com/company/85922019', 'https://agence-pure.com']"
36.06,1,0,0,0,11,10,43.0,18.86,0.0,0.2,0,0,0,0,0.01,14,0.0,0,0,0,0,0,0,0,0,1,0,2,2,2,0,0,2,0,embraceukraine.nl,nl,https://www.embraceukraine.nl,200,0,False,200,False,False,False,False,False,False,0,1,0,0,1,2022-03-24,"['https://www.linkedin.com/in/vasyl-makarovskiy-469109117', 'https://www.instagram.com/embraceukraine', 'https://betaalverzoek.rabobank.nl/betaalverzoek/?id=OREPb3yISk2y0Vf93VduYw&qsl_reqcnt=1', 'https://internationalatwork.nl', 'https://www.danielvincent.nl', 'https://www.familysupporters.nl/contact/amsterdam', 'https://www.haarkliniekistanbul.com/nl', 'https://www.snypp.nl', 'https://www.antum.nl/bericht/antum-steunt-embrace-ukraine', 'http://mkbmarketingteam.nl']"
215.58,1,1,0,1,1,2,27.0,2.0,0.0,0.0,0,0,0,0,0.16,16,0.0,0,0,0,0,0,0,0,0,1,0,0,0,0,0,0,0,0,emergencyukraine.com,com,https://www.emergencyukraine.com,200,0,False,200,False,False,False,False,True,False,55,0,0,1,1,2022-02-28,"['https://www.elegantthemes.com', 'https://www.wordpress.org']"
75.86,1,1,0,0,8,0,0.0,0.0,0.0,0.0,0,0,1,0,0.01,20,0.0,2,0,1,0,0,0,0,0,1,0,0,0,0,0,2,0,1,emergency-ukraine-fund.de,de,https://www.emergency-ukraine-fund.de,200,0,False,200,False,False,False,False,True,False,82,0,0,1,0,2022-03-16,[]
925.87,1,0,0,0,2,2,48.0,8.0,0.0,1.0,0,0,0,0,0.16,13,0.0,0,0,0,0,0,0,0,0,0,0,0,0,0,0,0,0,0,emergeukraine.com,com,https://www.emergeukraine.com,200,1,False,200,False,False,False,False,True,False,55,0,0,1,1,2022-05-21,"['https://www.instagram.com/whatisemerging', 'https://www.youtube.com/channel/UCtEINk-Y-JjcwH4dl6z2EKg']"
83.86,1,0,0,1,17,10,87.0,37.81,0.0,0.0,0,0,0,0,0.05,13,0.0,0,0,0,0,0,0,0,0,1,0,2,2,2,0,0,2,0,employukraine.org,org,https://www.employukraine.org,200,0,False,200,False,False,False,False,True,False,61,0,0,1,0,2022-03-28,"['https://news.un.org/en/story/2022/03/1114342', 'https://www.forbes.com/sites/jonyounger/2022/03/22/freelance-voices-how-global-freelance-platforms-are-supporting-ukrainian-freelancers/?sh=3ba7cc0057bf', 'https://techcrunch.com/2022/03/15/how-european-startups-are-aiding-ukrainian-refugees', 'https://edition.cnn.com/2022/03/28/success/ukrainian-refugee-jobs/index.html', 'https://www.ft.com/content/732a2cb2-3160-4f4a-b736-dc282ccbdd83', 'https://www.cnbc.com/2022/03/11/companies-are-lining-up-to-hire-ukraines-world-renowned-coders.html', 'https://www.businessinsider.com/21-year-old-ukrainian-law-student-describes-fleeing-ukraine-2022-4', 'https://www.consilium.europa.eu/en/press/press-releases/2022/03/04/ukraine-council-introduces-temporary-protection-for-persons-fleeing-the-war', 'https://www.gov.uk/government/news/further-support-for-ukrainians-fleeing-russia-invasion', 'https://talentpools.io']"
103.01,0,0,0,0,1,3,32.67,9.98,0.33,0.0,0,0,0,0,0.16,9,0.0,0,0,0,0,0,0,0,0,1,0,0,0,0,0,0,0,0,emukraine.com,com,https://www.emukraine.com,200,0,False,200,False,False,False,False,False,False,0,0,0,1,0,2022-03-16,"['https://emergencymedicineukraine.wordpress.com', 'https://automattic.com/cookies', 'https://wp.me/PdLmYU-7']"
173.79,0,0,0,0,16,7,38.71,13.07,0.14,0.29,0,0,1,0,0.01,23,0.0,1,0,0,0,0,0,0,0,0,0,0,0,0,0,0,0,0,engagementboerse-ukraine.de,de,https://www.engagementboerse-ukraine.de,200,0,False,200,False,False,False,False,False,False,0,0,0,1,0,2022-03-11,"['https://www.diakonie-sieg-rhein.de/allgemeine-hilfen', 'https://goo.gl/maps/UJN9E14SicYHgwcLA', 'https://www.instagram.com/gutdrauftanke', 'https://www.ekasur.de', 'https://www.evangelische-erwachsenenbildung.de', 'https://www.evaju.de', 'https://www.youtube.com/channel/UCSoeUSxacdS56XDBqlmQQvQ']"
6.65,1,0,0,0,1,0,0.0,0.0,0.0,0.0,0,0,0,0,0.16,14,0.067,0,0,0,0,0,0,0,1,0,0,1,1,1,1,1,1,1,england4ukraine.com,com,https://www.england4ukraine.com,-1,0,False,200,False,False,False,False,True,False,75,0,0,1,1,2022-07-07,[]
5.53,1,0,0,0,1,0,0.0,0.0,0.0,0.0,0,0,0,0,0.03,15,0.0,0,0,0,0,0,0,0,0,1,1,1,1,1,1,1,1,0,ensembleukraine.fr,fr,https://www.ensembleukraine.fr,200,0,False,200,False,False,False,False,False,False,0,0,0,1,1,2022-03-04,[]
99.35,1,0,0,0,7,6,34.33,11.41,0.0,0.83,0,0,0,0,0.16,17,0.0,0,0,0,1,0,0,0,0,0,0,0,0,0,0,0,0,0,escukrainesupport.com,com,https://www.escukrainesupport.com,-1,0,False,200,False,False,False,False,True,False,55,0,0,1,1,2022-05-28,"['https://www.facebook.com/WeAreESCG', 'https://twitter.com/WeAreESCG', 'https://www.instagram.com/WeAreESCG', 'http://youtube.com/WeAreESCG', 'https://www.linkedin.com/company/east-sussex-college-group', 'https://www.escg.ac.uk']"
89.84,1,0,0,0,8,3,50.33,4.03,0.0,1.0,0,0,0,0,0.05,22,0.0,0,0,0,0,0,0,2,0,0,0,0,0,0,0,0,0,0,estoniasingsforukraine.org,org,https://www.estoniasingsforukraine.org,200,0,False,200,False,False,False,False,False,False,0,0,0,1,1,2022-04-30,"['https://www.facebook.com/estoniasingsforukraine', 'https://www.instagram.com/estoniasingsforukraine', 'https://www.youtube.com/channel/UCj7C9r0d0fSiYlvymelBV6Q']"
3.63,1,0,0,0,1,1,52.0,0.0,0.0,0.0,0,0,1,0,0.08,8,0.0,1,0,0,0,0,0,0,0,1,1,2,2,2,0,2,2,1,e-ukraine.pl,pl,https://www.e-ukraine.pl,200,0,False,200,False,False,False,False,True,False,75,0,0,1,1,2022-03-08,['https://www.aftermarket.pl/?utm_source=parking_click']
68.75,1,0,0,0,66,1,24.0,0.0,0.0,1.0,0,0,0,0,0.55,11,0.0,1,0,0,0,0,0,0,0,1,0,0,0,2,0,0,0,0,euro-ukraine.info,info,https://www.euro-ukraine.info,200,0,False,200,False,False,False,False,False,False,40,0,0,1,1,2022-07-17,['https://www.facebook.com']
433.83,1,0,0,0,1,8,44.75,21.69,0.0,0.38,1,0,0,0,0.05,15,0.0,1,0,0,1,0,0,0,0,1,0,0,0,0,0,0,0,0,evacuaid-ukraine.org,org,https://www.evacuaid-ukraine.org,-1,0,False,200,False,False,False,False,True,False,55,0,0,1,1,2022-04-15,"['https://www.evacuaid-kyiv.org', 'https://docs.google.com/forms/d/e/1FAIpQLScWrbsxJ6KEQ4INeoTGIZorsHKA5_HsIw35Q4vQnJnUbzxBDw/viewform', 'https://www.boeselager-osteuropahilfe.de', 'https://www.janine-von-wolfersdorff.de', 'https://www.linkedin.com/in/adrian-rauko-39336472', 'https://thenew.institute', 'https://twitter.com/wolfersdorff?lang=de', 'https://www.instagram.com/evacuaid_kyiv']"
175.8,1,0,0,0,30,25,54.0,26.65,0.08,0.24,0,0,0,0,0.16,23,0.0,0,0,0,0,0,0,0,0,0,0,0,0,0,0,0,0,0,everythingwillbeukraine.com,com,https://www.everythingwillbeukraine.com,200,0,False,301,False,False,False,False,False,False,0,0,0,1,1,2022-03-10,"['https://www.youtube.com/channel/UC1HB44Xj4XLQHBqnYv7qkAA', 'https://www.facebook.com/raihan.islam.fb/videos/478609567302126', 'https://www.instagram.com/p/Ca0i3tQlr0b', 'https://www.linkedin.com/feed/update/urn:li:activity:6906678684909215744', 'https://twitter.com/Raihan_Islam/status/1501341077160091652', 'https://youtu.be/S9_tp1aecCw', 'https://raihanislam.com', 'https://americanukrainian.com', 'https://www.sunflowerofpeace.com', 'https://fb.watch/bW24KQ3iFz', 'https://razomforukraine.org', 'https://savelife.in.ua/en', 'https://www.ukrainenow.org', 'https://unitedhelpukraine.org', 'https://vostok-sos.org/en/ukraine-under-fire-support-vostok-sos-aid-operation', 'https://voices.org.ua/en', 'https://bank.gov.ua/en/news/all/natsionalniy-bank-vidkriv-spetsrahunok-dlya-zboru-koshtiv-na-potrebi-armiyi', 'https://my.care.org/site/Donation2?df_id=31067&mfc_pref=T&31067.donation=form1', 'https://help.rescue.org/donate/ukraine-acq', 'https://give.internationalmedicalcorps.org/page/99837/donate/1', 'https://medium.com/international-medical-corps-snapshots/snapshots-may-2022-a4d537884b2d', 'https://www.cbsnews.com/news/ukraine-health-care-workers-russia-60-minutes-2022-04-03', 'https://www.malteser-international.org/en/our-work/europe/ukraine.html', 'https://www.projecthope.org/crisis-in-ukraine-could-spiral-into-widespread-humanitarian-catastrophe/02/2022', 'https://www.barnardos.org.uk/what-we-do/helping-families/ukrainian-helpline']"
175.8,1,0,0,0,30,25,54.0,26.65,0.08,0.24,0,0,0,0,0.13,23,0.0,0,0,0,0,0,0,0,0,1,0,0,0,0,0,0,0,0,everythingwillbeukraine.net,net,https://www.everythingwillbeukraine.net,200,0,False,301,False,False,False,False,False,False,0,0,0,1,1,2022-03-10,"['https://www.youtube.com/channel/UC1HB44Xj4XLQHBqnYv7qkAA', 'https://www.facebook.com/raihan.islam.fb/videos/478609567302126', 'https://www.instagram.com/p/Ca0i3tQlr0b', 'https://www.linkedin.com/feed/update/urn:li:activity:6906678684909215744', 'https://twitter.com/Raihan_Islam/status/1501341077160091652', 'https://youtu.be/S9_tp1aecCw', 'https://raihanislam.com', 'https://americanukrainian.com', 'https://www.sunflowerofpeace.com', 'https://fb.watch/bW24KQ3iFz', 'https://razomforukraine.org', 'https://savelife.in.ua/en', 'https://www.ukrainenow.org', 'https://unitedhelpukraine.org', 'https://vostok-sos.org/en/ukraine-under-fire-support-vostok-sos-aid-operation', 'https://voices.org.ua/en', 'https://bank.gov.ua/en/news/all/natsionalniy-bank-vidkriv-spetsrahunok-dlya-zboru-koshtiv-na-potrebi-armiyi', 'https://my.care.org/site/Donation2?df_id=31067&mfc_pref=T&31067.donation=form1', 'https://help.rescue.org/donate/ukraine-acq', 'https://give.internationalmedicalcorps.org/page/99837/donate/1', 'https://medium.com/international-medical-corps-snapshots/snapshots-may-2022-a4d537884b2d', 'https://www.cbsnews.com/news/ukraine-health-care-workers-russia-60-minutes-2022-04-03', 'https://www.malteser-international.org/en/our-work/europe/ukraine.html', 'https://www.projecthope.org/crisis-in-ukraine-could-spiral-into-widespread-humanitarian-catastrophe/02/2022', 'https://www.barnardos.org.uk/what-we-do/helping-families/ukrainian-helpline']"
175.8,1,0,0,0,30,25,54.0,26.65,0.08,0.24,0,0,0,0,0.05,23,0.0,0,0,0,0,0,0,0,0,1,0,0,0,0,0,0,0,0,everythingwillbeukraine.org,org,https://www.everythingwillbeukraine.org,200,0,False,301,False,False,False,False,False,False,0,0,0,1,1,2022-03-10,"['https://www.youtube.com/channel/UC1HB44Xj4XLQHBqnYv7qkAA', 'https://www.facebook.com/raihan.islam.fb/videos/478609567302126', 'https://www.instagram.com/p/Ca0i3tQlr0b', 'https://www.linkedin.com/feed/update/urn:li:activity:6906678684909215744', 'https://twitter.com/Raihan_Islam/status/1501341077160091652', 'https://youtu.be/S9_tp1aecCw', 'https://raihanislam.com', 'https://americanukrainian.com', 'https://www.sunflowerofpeace.com', 'https://fb.watch/bW24KQ3iFz', 'https://razomforukraine.org', 'https://savelife.in.ua/en', 'https://www.ukrainenow.org', 'https://unitedhelpukraine.org', 'https://vostok-sos.org/en/ukraine-under-fire-support-vostok-sos-aid-operation', 'https://voices.org.ua/en', 'https://bank.gov.ua/en/news/all/natsionalniy-bank-vidkriv-spetsrahunok-dlya-zboru-koshtiv-na-potrebi-armiyi', 'https://my.care.org/site/Donation2?df_id=31067&mfc_pref=T&31067.donation=form1', 'https://help.rescue.org/donate/ukraine-acq', 'https://give.internationalmedicalcorps.org/page/99837/donate/1', 'https://medium.com/international-medical-corps-snapshots/snapshots-may-2022-a4d537884b2d', 'https://www.cbsnews.com/news/ukraine-health-care-workers-russia-60-minutes-2022-04-03', 'https://www.malteser-international.org/en/our-work/europe/ukraine.html', 'https://www.projecthope.org/crisis-in-ukraine-could-spiral-into-widespread-humanitarian-catastrophe/02/2022', 'https://www.barnardos.org.uk/what-we-do/helping-families/ukrainian-helpline']"
126.0,1,0,0,0,12,2,44.0,4.0,0.0,1.0,0,0,0,0,0.05,17,0.0,0,0,0,1,0,0,0,0,1,0,0,0,0,0,0,0,0,evolvehelpukraine.org,org,https://www.evolvehelpukraine.org,200,0,False,200,False,False,False,False,True,False,55,0,0,1,1,2022-04-21,"['https://www.instagram.com/evolvechurch.au/?hl=en', 'https://www.facebook.com/evolvechurch.au']"
220.6,1,0,0,0,15,18,31.06,9.31,0.0,0.28,0,0,1,0,0.06,13,0.0,0,0,0,0,0,0,0,0,1,0,0,0,0,0,0,0,0,eyesonukraine.eu,eu,https://www.eyesonukraine.eu,200,0,False,200,False,False,False,False,False,False,0,0,0,1,1,2022-03-02,"['https://twitter.com/Eyes_On_Ukraine', 'https://www.linkedin.com/company/eyesonukraine', 'https://www.facebook.com/EyesonUkraine', 'https://www.instagram.com/Eyes_On_Ukraine', 'https://www.youtube.com/channel/UCnFFHpBPQWx614VkDhjNV4Q', 'https://PayPal.me/EyesOnUA', 'https://bunq.me/eyesonukraine', 'https://www.kolo-fund.org/en', 'https://help4ukraine.nl', 'https://www.protectukraine.nl', 'https://deleeuwkyiv.nl', 'https://www.fightbackforukraine.com', 'https://ukrainians.nl', 'https://freedomforukraine.nl', 'https://www.nl4ua.org', 'https://www.dudesndrones.com', 'https://ukrainedefensesupport.org', 'http://www.Lettow.nl']"
754.3,1,0,0,1,3,6,87.67,79.73,0.0,0.5,0,0,0,0,0.05,13,0.0,0,0,0,0,0,0,0,0,1,0,0,0,0,0,0,0,0,eyesonukraine.org,org,https://www.eyesonukraine.org,200,1,False,301,False,False,False,False,False,False,0,0,0,1,1,2022-03-03,"['https://www.jbs.cam.ac.uk/insight/2022/cambridge-judge-led-initiative-to-use-drones-to-help-document-ukraine-atrocities/?utm_medium=social_organic&utm_source=linkedin&utm_campaign=social_organic_linkedin&utm_content=mba-faculty-ukraine&utm_term=mba-ukraine-tech', 'https://oxbridgesingapore.org/news/4961', 'https://www.mbanews.com.au/cambridge-mbas-helping-ukrainian-civilians-to-document-war-crimes', 'https://www.facebook.com/EyesonUkraine', 'https://www.instagram.com/Eyes_On_Ukraine', 'https://twitter.com/Eyes_On_Ukraine?ref_src=twsrc%5Etfw']"
66.83,1,0,0,0,25,5,25.0,6.54,0.2,0.2,0,0,0,0,0.16,13,0.0,0,0,0,0,0,0,0,0,1,0,0,0,0,0,0,0,0,faceofukraine.com,com,https://www.faceofukraine.com,200,0,False,200,False,False,False,False,False,False,40,0,0,1,1,2022-03-08,"['https://warua.net', 'https://faceofshame.com', 'https://graystone.com.ua', 'https://t.me/graystoneua', 'https://www.patreon.com/faceofukraine']"
8.15,1,0,0,0,2,1,38.0,0.0,0.0,0.0,0,1,0,0,0.16,14,0.0,0,0,0,0,0,0,0,0,1,0,2,2,2,0,2,2,0,facesofukraine.com,com,https://www.facesofukraine.com,200,0,False,200,False,False,False,False,False,False,0,0,0,1,0,2022-03-02,['http://www.paypal.me/Wirhelfenfamilien']
8.15,0,0,0,0,2,1,38.0,0.0,0.0,0.0,0,1,0,0,0.55,14,0.0,0,0,0,0,0,0,0,0,1,0,2,2,2,0,2,2,0,facesofukraine.info,info,https://www.facesofukraine.info,200,0,False,200,False,False,False,False,False,False,0,0,0,1,1,2022-03-03,['http://www.paypal.me/Wirhelfenfamilien']
119.43,1,0,0,0,23,13,57.92,21.32,0.0,0.08,0,0,0,0,0.16,14,0.0,0,0,0,0,0,0,0,0,1,0,0,0,0,0,0,0,0,faithinukraine.com,com,https://www.faithinukraine.com,200,0,False,200,False,False,False,False,True,False,35,0,0,1,1,2022-03-22,"['https://secure.givelively.org/donate/the-giving-back-fund-inc/the-peace-department', 'https://elijah-interfaith.org/addressing-the-world/make-friends', 'https://en.wikipedia.org/wiki/Rowan_Williams', 'https://www.thyateira.org.uk/archbishopnikitas/archbishop-nikitas', 'http://jonathanwittenberg.org', 'http://www.teerthtravels.com/friend/swami-rameshwarananda', 'https://www.facebook.com/ravdanielk', 'https://plumvillage.org/people/dharma-teachers/sister-chan-giac-nghiem-2', 'https://ofm.org/blog/br-massimo-fusarelli-new-ofm-minister-general', 'https://themuslim500.com/profiles/imam-yahya-sergio-yahe-pallavicini', 'https://www.sohforum.org/speaker/maureen-goodman', 'https://elijah-interfaith.us9.list-manage.com/subscribe/post?u=e2d43a292921752bec594668c&id=f42ef8dd0d', 'http://kleo-design.com']"
70.25,1,0,0,0,35,6,20.0,3.65,0.0,0.0,0,0,0,0,0.16,20,0.0,0,0,0,0,0,0,1,0,1,0,0,0,0,0,0,0,0,fastflowerstoukraine.com,com,https://www.fastflowerstoukraine.com,200,0,False,301,False,False,False,False,False,False,0,0,0,1,1,2022-04-01,"['https://fbcabq.com', 'https://hubsmovie.com', 'http://ufslbd.com', 'https://retail-spectrum.com', 'https://wordpress.org', 'http://alx.media']"
292.19,1,0,0,0,13,6,42.83,33.09,0.0,0.33,0,0,0,0,0.16,15,0.0,0,0,0,0,0,0,0,0,1,0,0,0,0,0,0,0,0,fastlaneukraine.com,com,https://www.fastlaneukraine.com,200,0,False,200,False,False,False,False,False,False,0,0,0,1,1,2022-03-09,"['https://www.facebook.com/FastLaneUkraine', 'https://www.instagram.com/fastlane_ukraine', 'https://www.rtlnieuws.nl/nieuws/video/video/5347126/oekraine-warschau-vluchtelingen-oorlog-cherson-vlucht-rusland', 'https://avy.eu', 'https://nl4ua.org', 'https://bunq.me/FastlaneUkraine']"
292.19,1,0,0,0,13,6,42.83,33.09,0.0,0.33,0,0,1,0,0.06,15,0.0,0,0,0,0,0,0,0,0,1,0,0,0,0,0,0,0,0,fastlaneukraine.eu,eu,https://www.fastlaneukraine.eu,200,0,False,200,False,False,False,False,False,False,0,0,0,1,0,2022-03-08,"['https://www.facebook.com/FastLaneUkraine', 'https://www.instagram.com/fastlane_ukraine', 'https://www.rtlnieuws.nl/nieuws/video/video/5347126/oekraine-warschau-vluchtelingen-oorlog-cherson-vlucht-rusland', 'https://avy.eu', 'https://nl4ua.org', 'https://bunq.me/FastlaneUkraine']"
292.19,1,0,0,0,13,6,42.83,33.09,0.0,0.33,0,0,0,0,0.01,15,0.0,0,0,0,0,0,0,0,0,1,0,0,0,0,0,0,0,0,fastlaneukraine.nl,nl,https://www.fastlaneukraine.nl,200,0,False,200,False,False,False,False,False,False,0,0,0,1,1,2022-03-09,"['https://www.facebook.com/FastLaneUkraine', 'https://www.instagram.com/fastlane_ukraine', 'https://www.rtlnieuws.nl/nieuws/video/video/5347126/oekraine-warschau-vluchtelingen-oorlog-cherson-vlucht-rusland', 'https://avy.eu', 'https://nl4ua.org', 'https://bunq.me/FastlaneUkraine']"
11.73,1,0,0,0,7,2,46.0,15.0,0.0,0.5,0,0,0,0,0.05,11,0.0,0,0,0,0,0,0,0,0,1,0,2,2,2,0,0,2,0,febcukraine.org,org,https://www.febcukraine.org,-1,0,False,200,False,False,False,False,False,False,0,0,0,1,1,2022-03-14,"['https://www.febc.org/febc-eurasia/?designation=FEBC%20Ukraine', 'https://www.facebook.com/FEBCRM']"
0.1,1,0,0,0,1,0,0.0,0.0,0.0,0.0,0,0,0,0,0.05,11,0.0,1,0,0,0,0,0,0,0,1,0,1,1,1,1,1,1,1,feed-ukraine.org,org,https://www.feed-ukraine.org,200,0,False,200,False,False,False,False,True,False,75,0,0,1,1,2022-03-31,[]
113.41,1,0,0,0,12,8,45.38,17.65,0.0,0.25,0,0,1,0,0.01,17,0.0,0,0,0,0,0,0,1,0,0,0,0,0,0,0,0,0,1,fencersforukraine.de,de,https://www.fencersforukraine.de,-1,0,False,0,False,False,False,False,True,False,82,0,0,1,0,2022-03-05,"['https://www.tixcom.de/?module=event&id=929', 'https://comedy-union.de/blog/events/pforzheim', 'https://www.arbeitsagentur.de/unternehmen/arbeitskraefte/aufenthaltsstatus', 'http://www.fechtclub-pforzheim.de', 'https://kivin.eu/projekte/ues', 'https://echolot.de', 'https://www.facebook.com/Fencers-for-Ukraine-102601432381465', 'https://www.instagram.com/fencers_for_ukraine_pforzheim/?hl=de']"
75.99,1,0,0,0,1,3,28.33,8.99,0.0,0.33,0,0,0,0,0.16,9,0.0,0,0,0,0,0,0,0,0,1,0,0,0,0,0,0,0,0,ffukraine.com,com,https://www.ffukraine.com,200,0,False,200,False,False,False,False,False,False,0,0,0,1,1,2022-04-30,"['http://ffu.deeev2022.club/ffu_template/en', 'https://codercredit.com', 'https://instagram.com']"
70.72,1,0,0,0,13,2,69.0,22.0,0.0,0.5,0,0,0,0,0.05,10,0.0,0,0,0,0,0,0,0,0,1,0,2,2,2,0,0,2,1,ffukrainep.org,org,https://www.ffukrainep.org,200,0,False,200,False,False,False,False,True,False,82,0,0,1,0,2022-04-28,"['https://www.facebook.com/groups/535277117979473', 'https://www.helloasso.com/associations/fraternite-franco-ukrainienne-provence/formulaires/2']"
255.67,1,0,0,1,17,7,51.57,26.46,0.0,0.71,0,0,0,0,0.05,12,0.077,0,0,0,0,0,1,0,1,0,0,0,0,0,0,0,0,0,fight4ukraine.org,org,https://www.fight4ukraine.org,200,0,False,200,False,False,False,False,True,False,55,0,0,1,0,2022-03-01,"['https://rdi.org', 'https://zoom.us/rec/share/8FTci9laA0Bj4Lq5RGzxjViaT7i5m2mZk5snnDFHVVXYYnhYYrdKyNa8Yb0-0AW7.zb_ewFFQqMvx78Gr', 'https://twitter.com/Renew_Democracy', 'https://www.instagram.com/renewdemocracy', 'https://www.linkedin.com/company/renew-democracy-initiative', 'https://www.facebook.com/RenewDemocracyInitiative', 'https://www.youtube.com/channel/UC50XfwMD05I0ey_rp5teDOw']"
818.37,1,0,0,0,20,6,44.67,8.44,0.0,0.67,0,0,0,0,0.16,19,0.0,0,0,0,0,0,1,1,0,0,0,0,0,0,0,0,0,0,fightbackforukraine.com,com,https://www.fightbackforukraine.com,200,1,False,200,False,False,False,False,True,False,55,0,0,1,0,2022-04-12,"['https://www.craft.do/s/5AYohT8Qnv2WTQ', 'https://www.linkedin.com/company/fightbackforukraine', 'https://twitter.com/FightBack4UA', 'https://www.facebook.com/bill.daniels.9655', 'https://www.youtube.com/channel/UC5sX6mU8g1rGYJU7zWfD3rg', 'http://www.wix.com/?utm_campaign=vir_created_with']"
48.46,1,0,0,0,2,2,71.0,30.0,0.0,0.0,0,0,0,0,0.16,15,0.0,0,0,0,0,0,1,1,0,1,0,2,2,2,0,2,2,1,fightforukraine.com,com,https://www.fightforukraine.com,200,0,False,200,True,False,False,False,True,False,99,0,0,1,0,2022-02-27,"['https://dan.com/?utm_campaign=Parking&utm_medium=parking&utm_source=.com&utm_term=fightforukraine.com', 'https://www.trustpilot.com/review/dan.com']"
54.78,1,0,0,0,11,3,26.67,2.62,0.67,0.67,0,0,1,0,0.1,15,0.0,0,0,0,0,0,1,1,0,0,0,0,2,2,0,2,2,0,fightforukraine.today,today,https://www.fightforukraine.today,200,0,False,200,False,False,False,False,False,False,0,0,0,1,1,2022-03-26,"['https://youtu.be/9ICZ_LCkKDY', 'https://t.me/evorog_bot', 'https://savelife.in.ua/donate']"
152.74,1,0,0,0,4,4,111.5,98.11,0.0,1.0,0,0,1,0,0.29,15,0.0,0,0,0,0,0,1,1,0,1,0,2,2,0,0,0,0,0,fightforukraine.us,us,https://www.fightforukraine.us,200,0,False,301,False,False,False,False,False,False,0,0,0,1,0,2022-04-04,"['https://www.facebook.com/sharer.php?u=https%3A%2F%2Ffightforukraine.us%2F', 'https://twitter.com/intent/tweet?text=FIGHT%20FOR%20UKRAINE%20is%20your%20American%20Subject-Matter%20Experts%20on%20Ukraine.%20Get%20ahead%20of%20the%20competition%20and%20help%20Ukraine%20win%20with%20our%20unparalleled%20expertise%20and%20access.&url=https://fightforukraine.us', 'https://www.youtube.com/channel/UCIHYB6d9vrJb7LvsZ2XvxDw', 'https://www.instagram.com/fightforukr']"
36.2,1,0,0,0,2,2,71.0,30.0,0.0,0.0,0,0,1,0,0.18,15,0.0,0,0,0,0,0,1,1,0,1,0,2,2,2,0,2,2,1,fightforukraine.xyz,xyz,https://www.fightforukraine.xyz,-1,0,False,200,False,False,False,False,True,False,88,0,0,1,1,2022-03-01,"['https://dan.com/?utm_campaign=Parking&utm_medium=parking&utm_source=.xyz&utm_term=fightforukraine.xyz', 'https://www.trustpilot.com/review/dan.com']"
267.37,1,1,0,0,3,8,44.5,36.65,0.0,0.38,0,0,0,0,0.05,21,0.0,0,0,0,0,0,1,0,0,1,0,0,0,0,0,0,0,0,fightingchanceukraine.org,org,https://www.fightingchanceukraine.org,200,0,False,200,False,False,False,False,False,False,0,0,0,1,0,2022-05-07,"['https://www.facebook.com/FightingChanceUkraine', 'https://twitter.com/FCU_Ukraine', 'https://www.instagram.com/fighting_chance_ukraine', 'https://www.defenseone.com/ideas/2023/02/exclusive-seven-former-nato-commanders-say-us-must-do-everything-we-can-ukrainian-victory/383291', 'https://www.ucca.org', 'https://UCCA.org', 'https://ukrainianworldcongress.org', 'https://ceecoalition.us']"
42.58,1,0,0,0,5,1,35.0,0.0,0.0,0.0,0,0,0,0,0.05,20,0.0,0,0,0,0,0,0,1,0,1,1,2,2,2,0,2,2,0,fillaplaneforukraine.org,org,https://www.fillaplaneforukraine.org,200,0,False,200,False,False,False,False,False,False,0,0,0,1,1,2022-03-09,['http://donorhelp.canadahelps.org/en']
95.84,1,1,0,0,65,13,51.92,30.03,0.08,0.38,1,1,0,0,0.16,20,0.0,2,0,0,0,0,0,1,0,1,0,0,2,2,0,2,2,0,filmmakers-for-ukraine.com,com,https://www.filmmakers-for-ukraine.com,200,0,False,200,False,False,False,False,True,False,35,0,0,1,1,2022-03-01,"['https://www.paypal.com/donate/?hosted_button_id=EWT6PVQLXHJGW', 'https://pantaflixtechnologies.com', 'https://forms.gle/eBvGN8CDsdobwHgj8', 'https://www.crew-united.com/en', 'https://www.facebook.com/profile.php?id=100081828218888', 'https://helpingtoleave.org/#donate', 'https://ukrainian-house.org/en/filmamakers-ua', 'https://cineuropa.org/en/newsdetail/329120', 'https://www.idfa.nl/en/film/71603286-2d25-4156-9b88-750b5da8bffe/mr-pilipenko-and-his-submarine/docs-for-sale?filters%5Bforumtype%5D=rough+cut+project', 'https://www.instagram.com/filmmakersforukraine', 'https://www.youtube.com/channel/UCMGYneQ484Nsn_6KGy-6szw', 'https://twitter.com/FilmmakersFor', 'https://www.linkedin.com/company/filmmakers-for-ukraine']"
606.62,1,0,0,0,4,8,41.5,26.26,0.0,0.5,0,0,0,0,0.16,15,0.0,0,0,0,0,0,0,1,0,0,1,0,0,0,0,0,0,0,filmsforukraine.com,com,https://www.filmsforukraine.com,200,0,False,200,False,False,False,False,True,False,55,0,0,1,1,2022-03-03,"['https://www.eventbrite.co.uk/e/films-for-ukraine-luxembourg-luxembourg-tickets-837461388557?aff=oddtdtcreator', 'https://www.nostars.com.ua', 'https://allisjoysoho.com', 'https://www.instagram.com/mosaika.project', 'https://www.wix.com/templateslp/links', 'https://www.facebook.com/wix', 'https://www.linkedin.com/company/wix-com', 'https://www.twitter.com/wix']"
78.71,1,0,0,0,15,1,41.0,0.0,0.0,1.0,0,0,0,0,0.16,17,0.0,0,0,0,0,0,0,1,0,1,0,0,0,0,0,0,0,0,financeforukraine.com,com,https://www.financeforukraine.com,200,0,False,200,False,False,False,False,False,False,0,0,0,1,1,2022-03-16,['https://www.instagram.com/finance4ukraine']
1.2,1,0,0,0,34,1,25.0,0.0,0.0,0.0,0,0,0,0,0.16,16,0.0,0,0,0,0,0,0,0,0,1,0,2,2,2,-1,0,2,0,fizzslotsukraine.com,com,https://www.fizzslotsukraine.com,200,1,False,200,False,False,False,False,True,False,55,0,0,1,1,2022-05-13,['http://onlinecasinoua.com']
5.16,1,0,0,0,11,0,0.0,0.0,0.0,0.0,0,0,0,0,0.05,13,0.0,0,0,0,0,0,0,0,0,0,0,1,1,1,-1,1,1,1,flagofukraine.org,org,https://www.flagofukraine.org,200,1,False,200,False,False,False,False,True,False,75,0,0,1,1,2022-04-25,[]
50.93,0,0,0,0,2,1,38.0,0.0,0.0,0.0,0,0,0,0,0.16,20,0.0,0,0,0,0,0,0,1,0,1,0,0,0,2,0,0,0,0,floridiansforukraine.com,com,https://www.floridiansforukraine.com,200,0,False,200,False,False,False,False,False,False,0,0,0,1,1,2022-04-05,['https://wordpress.com/?ref=coming_soon']
102.02,1,0,0,0,6,1,37.0,0.0,0.0,0.0,0,0,0,0,0.05,20,0.0,0,0,0,0,0,0,1,0,1,0,0,0,0,0,0,0,0,floridiansforukraine.org,org,https://www.floridiansforukraine.org,200,0,False,200,False,False,False,False,True,False,55,0,0,1,1,2022-03-15,['https://pledgeit.org/adriana-nazarko.']
9.64,1,1,0,0,1,1,61.0,0.0,0.0,1.0,0,0,0,0,0.16,17,0.0,0,0,0,0,0,0,1,0,1,0,2,2,2,0,2,2,0,flowersforukraine.com,com,https://www.flowersforukraine.com,200,0,False,200,False,False,False,False,True,False,55,1,0,0,1,2022-03-05,['https://instagram.com/arrowstone_flowers?utm_medium=copy_link']
25.62,1,0,0,0,1,0,0.0,0.0,0.0,0.0,0,0,1,0,0.18,17,0.0,0,0,0,0,0,0,1,0,1,0,0,2,1,0,1,1,0,flowersforukraine.xyz,xyz,https://www.flowersforukraine.xyz,200,1,False,200,False,False,False,False,True,False,55,0,0,1,1,2022-03-17,[]
86.28,1,0,0,0,19,1,21.0,0.0,0.0,0.0,0,0,0,0,0.16,18,0.0,0,0,0,0,0,0,1,0,1,0,0,0,0,0,0,0,0,flyakiteforukraine.com,com,https://www.flyakiteforukraine.com,-1,0,False,200,False,False,False,False,False,False,0,0,0,1,0,2022-04-23,['https://www.timlx.com']
151.55,1,0,0,0,1,30,30.73,11.44,0.03,0.0,0,0,0,0,0.16,9,0.1,0,0,0,0,0,0,0,1,0,0,0,0,0,0,0,0,0,fm4ukraine.com,com,https://www.fm4ukraine.com,-1,0,False,301,False,False,False,False,False,False,0,0,0,1,1,2022-04-02,"['https://huy.wufoo.com/forms/rhknewg0q312zn', 'https://twomann.com', 'https://www.fabiomirulla.com/home', 'https://lindabouritius.com', 'https://www.smoyphotography.com', 'https://www.koncsoltunde.com', 'https://www.filleroelants.be', 'https://matterswedding.com', 'https://stevenrooneyphotography.com', 'http://www.erintrieb.com', 'http://www.nseabasiphoto.com', 'https://www.floricolor.pt/en', 'https://www.pic-time.com', 'https://dutchinkalbums.com/en', 'https://www.imagen-ai.com', 'https://alphauniverse.com', 'https://colorwood.nl', 'https://www.theleatherrebel.com', 'https://imagesalon.com', 'https://www.octoa.com', 'https://kinepolis.nl/?main_section=films', 'https://fonds.pictoright.nl', 'https://www.jumbo.com/winkels', 'https://degoudengaai.nl', 'https://goo.gl/maps/iGGg92n8rCHUvoqF8', 'https://www.google.com/maps/d/edit?mid=19mFL5CQkQKaJMXlj8QNOSkksxyonIPo&usp=sharing', 'https://www.inntelhotelsutrechtcentre.nl', 'https://bunkhotels.com/utrecht/sleep', 'https://www.fearlessphotographers.com', 'https://www.de-masters.nl']"
40.88,1,1,0,0,4,2,80.5,0.5,0.0,1.0,0,0,0,0,0.55,14,0.0,0,0,0,0,0,0,0,0,1,0,2,2,2,0,0,2,0,focusonukraine.info,info,https://www.focusonukraine.info,200,0,False,200,False,False,False,False,True,False,55,0,0,1,0,2022-02-26,"['https://twitter.com/DDAlliance_org/lists/1498308539399479304?ref_src=twsrc%5Etfw', 'https://www.linkedin.com/company/digital-democracy-alliance/?originalSubdomain=de']"
49.53,1,0,0,1,7,3,43.33,2.62,0.0,1.0,0,0,0,0,0.16,13,0.0,0,0,0,0,0,0,0,0,1,0,2,2,2,0,2,2,0,followukraine.com,com,https://www.followukraine.com,200,0,False,200,False,False,False,False,False,False,0,0,0,1,0,2022-04-01,"['https://www.instagram.com/followukraine.en', 'https://www.facebook.com/followukraine.en', 'https://www.linkedin.com/company/follow-ukraine']"
96.82,1,0,0,0,1,5,41.6,10.44,0.0,0.4,0,1,0,0,0.16,14,0.0,0,0,0,0,1,0,1,0,1,0,0,0,0,0,2,0,1,foodforukraine.com,com,https://www.foodforukraine.com,200,0,False,200,False,False,False,False,True,False,82,0,0,1,1,2022-03-03,"['https://www.facebook.com/NCHungry', 'https://www.instagram.com/nochildhungry_', 'https://www.signupgenius.com/go/10C0E4CA9AB2DA0F8CE9-food1', 'https://www.paypal.com/biz/fund?id=GE32DT8FS44GW', 'https://www.nochildhungry.net']"
54.23,1,0,0,0,20,2,35.0,9.0,0.0,0.0,0,0,1,0,0.06,14,0.0,0,0,0,0,1,0,1,0,1,0,0,2,2,0,2,2,0,foodforukraine.eu,eu,https://www.foodforukraine.eu,200,0,False,200,False,False,False,False,False,False,0,0,0,1,1,2022-03-11,"['https://apps.opay.lt/donation/foodforukraine', 'http://deklaravimas.vmi.lt']"
80.64,1,1,0,0,1,2,56.0,6.0,0.0,0.5,0,1,0,0,0.16,14,0.067,0,0,0,0,1,0,0,1,1,0,0,2,2,0,2,2,0,foodrun2ukraine.com,com,https://www.foodrun2ukraine.com,200,0,False,200,False,False,False,False,False,False,0,1,0,0,1,2022-03-25,"['https://www.facebook.com/Emergencyfoodruntoukraine', 'https://paypal.me/foodruntoukraine?country.x=NO&locale.x=no_NO']"
19.47,1,0,0,0,46,1,21.0,0.0,0.0,0.0,0,0,0,0,0.05,15,0.062,0,0,0,0,0,0,0,1,1,0,2,2,2,-1,2,2,0,football4ukraine.org,org,https://www.football4ukraine.org,404,0,False,200,False,False,False,False,True,False,55,0,0,1,0,2022-03-10,['https://www.unhcr.org']
19.47,1,0,0,0,46,1,21.0,0.0,0.0,0.0,0,0,0,0,0.05,18,0.0,0,0,0,0,0,0,1,0,1,0,2,2,2,-1,0,2,0,footballforukraine.org,org,https://www.footballforukraine.org,404,0,False,200,False,False,False,False,True,False,55,0,0,1,1,2022-03-10,['https://www.unhcr.org']
54.18,1,0,0,0,4,6,35.17,12.17,0.0,0.17,0,0,0,0,0.05,18,0.0,0,0,0,0,0,0,0,0,0,0,0,0,0,0,0,0,0,foreverwithukraine.org,org,https://www.foreverwithukraine.org,-1,0,False,200,False,False,False,False,False,False,0,0,0,1,1,2022-03-07,"['http://Foreverwithukraine.org', 'https://twitter.com/mriyareport', 'https://www.mriyaaid.org', 'https://savelife.in.ua/en/donate-en/#donate-army-card-monthly', 'https://war.ukraine.ua/donate', 'https://hostorphansworldwide.org/give']"
59.67,1,0,0,0,3,1,109.0,0.0,0.0,0.0,0,0,0,0,0.16,13,0.0,0,0,0,0,0,0,0,0,1,1,2,2,2,0,0,2,0,fortheukraine.com,com,https://www.fortheukraine.com,-1,0,False,200,False,False,False,False,False,False,0,0,0,1,1,2022-04-24,['https://www.google.com/url?q=https%3A%2F%2Ft.me%2Fs%2Fnexta_live&sa=D&sntz=1&usg=AOvVaw2xEvSxrCC6HM0Oy279RUGD']
118.3,1,0,0,0,12,3,55.67,23.04,0.0,0.67,0,0,1,0,0.08,10,0.0,0,0,0,0,1,0,0,0,1,0,0,0,0,0,0,0,0,forukraine.art,art,https://www.forukraine.art,-1,0,False,200,False,False,False,False,False,False,0,0,0,1,1,2022-04-12,"['https://instagram.com/forukraine.art', 'https://www.youtube.com/watch?v=_9VUPq3SxOc', 'https://www.shopify.com?utm_campaign=poweredby&utm_medium=shopify&utm_source=onlinestore']"
135.79,1,0,0,0,1,53,44.58,24.76,0.0,0.04,0,0,1,0,0.06,10,0.0,0,0,0,0,0,0,0,0,1,0,0,0,0,0,2,0,0,forukraine.eu,eu,https://www.forukraine.eu,200,0,False,200,False,False,False,False,True,False,61,0,0,1,1,2022-02-26,"['https://redcross.org.ua/en/donate', 'https://razomforukraine.org/donate', 'https://ukraine.ua/news/stand-with-ukraine', 'https://voices.org.ua/en/donat', 'https://crisisrelief.un.org/t/ukraine', 'http://monstrov.org/rekvizity/?fbclid=IwAR1q-79-6QutFKwCPvyj97Hj5k0JcZu7d2sexTaWJzzrPh0-r7lkTpyTsFs', 'https://www.gofundme.com/f/kyivindependent-launch', 'https://savelife.in.ua/en/donate', 'https://eng.ffr.org.ua/support-in-crisis/eng?fbclid=IwAR3RaGfXD9pcsh4rfEG36apwLpoOApdteBJqEQqxRJ4bzbU_RAv4ZmFoDEI', 'https://everybodycan.com.ua/dopomogti-zaraz?fbclid=IwAR3Y6YnaoSIoCEECFKVSsvxiIsOohsOBgfM4N5tbTtk9vVm5YCIPVvi5pQ0', 'https://clovekvohrozeni.sk/pomoc-ukrajina', 'https://redcross.darujme.sk/pomahame-ukrajine', 'https://donate.magna.org/sk/ukrajina', 'https://www.unicef.sk/ukrajina', 'https://ktopomozeukrajine.sk', 'https://pomocpreukrajinu.sk', 'https://www.donio.sk/kto-pomoze-ukrajine', 'https://integra.sk/kampane/kriza-na-ukrajine', 'https://caritas.pl', 'https://pck.pl/na-pomoc-ukrainie', 'https://pmm.org.pl/en/donate', 'https://www.pah.org.pl', 'https://mikolaj.org.pl/zbiorki/ukraina', 'https://pomagam3.wioskisos.org', 'https://pcpm.org.pl/ukraina', 'https://pomagam.pl/firmydlaukrainy', 'https://www.fdi.org.pl/pomoc-dla-ukrainy', 'https://www.maltai.hu/cikk/hir/4342', 'https://voroskereszt.hu/hirek/a-magyar-voroskereszt-orszagos-adomanygyujtest-hirdet-a-humanitarius-valsag-erintettjeinek-megsegitesere', 'https://golgotabudapest.hu/ukrajna', 'https://adomany.jobbadni.hu/kampanyok/38', 'https://eteltazeletert.hu/en', 'https://karitasz.hu', 'https://segelyszervezet.hu/kampanyok/haboru-ukrajnaban', 'https://www.clovekvtisni.cz/darujte/jednorazove?amount=1000&accountId=7', 'https://svet.charita.cz/aktuality-svet-charita/vyhlasujeme-sbirku-charita-pro-ukrajinu', 'https://www.cervenykriz.eu/fond-humanity-cck', 'https://www.facebook.com/UkraineEmbassyinCzechia/posts/4938455702914371', 'https://www.jetzt-helfen.at/projekt/ukraine', 'https://www.aerzte-ohne-grenzen.at/ukraine', 'https://www.sos-kinderdorf.at/helfen-sie-mit/spenden/spendenformular', 'https://www.roteskreuz.at/spende-nachbar-in-not', 'https://www.kircheinnot.at/helfen/spenden', 'https://www.volkshilfe.at/index.php?id=5718', 'https://www.savethechildren.de/news/ukraine-das-kaempfen-muss-aufhoeren', 'https://www.malteser.de', 'https://www.drk.de', 'https://www.caritas-international.de', 'https://medeor.de/de', 'https://www.aktion-deutschland-hilft.de', 'https://www.asb.de', 'https://www.diakonie-katastrophenhilfe.de', 'https://instagram.com/forukraine.eu?utm_medium=copy_link']"
21.16,1,0,0,0,2,12,40.42,35.74,0.08,0.08,0,0,0,0,0.01,10,0.0,0,0,0,0,0,0,0,0,0,0,2,2,2,0,0,2,0,forukraine.ge,ge,https://www.forukraine.ge,200,0,False,200,False,False,False,False,True,False,55,0,0,1,0,2022-03-02,"['https://educaregeorgia.com', 'https://charte.ge', 'https://bit.ly/TransparencyForUkraine', 'https://drive.google.com/drive/folders/1qtONO1b2GRBKZj7sIOwwUbzl9DzNprYI?fbclid=IwAR1lf_hiHXB9STP0cD5hLu3FAeZp_37ZdxWNqSnDJ6gs8zXQHeku0KAwYAk', 'https://vostok-sos.org/en', 'https://pomogaem.com.ua', 'https://novaukraine.org', 'https://www.pah.org.pl/en/ukraine', 'https://www.ukrainenow.org', 'https://cashforrefugees.org', 'https://helix.ge', 'https://www.facebook.com/sharer/sharer.php?u=https%3A%2F%2Fforukraine.ge%2F&src=sdkpreparse']"
45.47,1,1,0,0,2,2,68.5,27.5,0.0,0.0,0,0,0,0,0.13,10,0.0,0,0,0,0,0,0,0,0,1,1,2,2,2,0,2,2,1,forukraine.net,net,https://www.forukraine.net,-1,0,False,200,True,False,False,False,True,False,99,0,0,1,0,2022-02-27,"['https://dan.com/?utm_campaign=Parking&utm_medium=parking&utm_source=.net&utm_term=forukraine.net', 'https://www.trustpilot.com/review/dan.com']"
854.7,1,0,0,0,9,2,39.5,0.5,0.0,1.0,0,0,0,0,0.05,10,0.0,1,0,0,0,0,0,0,0,0,0,0,0,0,0,0,0,0,for-ukraine.org,org,https://www.for-ukraine.org,404,0,False,200,False,False,False,False,False,False,77,0,0,1,1,2022-03-01,"['https://www.facebook.com/Help4UkraineNow', 'https://www.instagram.com/help_4ukraine']"
12.86,0,0,0,0,4,1,30.0,0.0,0.0,0.0,0,0,0,0,0.2,10,0.0,0,0,0,0,0,0,0,0,0,0,2,2,2,0,0,2,0,forukraine.world,world,https://www.forukraine.world,200,0,False,200,False,False,False,False,True,False,55,0,0,1,1,2022-03-29,['https://casinoslotoking.online']
104.32,1,0,0,0,16,2,50.5,5.5,0.0,1.0,0,0,0,0,0.16,16,0.0,0,0,0,0,0,0,0,0,0,0,0,0,0,0,0,0,0,forukrainepeople.com,com,https://www.forukrainepeople.com,-1,0,False,200,False,False,False,False,False,False,0,0,0,1,1,2022-04-11,"['https://www.instagram.com/sofochkaaasonia/%20', 'https://www.youtube.com/channel/UC7ZXd2CdISaTANQONBUUBIQ']"
114.97,1,0,0,0,1,1,27.0,0.0,0.0,0.0,0,0,0,0,0.01,13,0.0,0,0,0,0,0,0,0,0,1,0,0,0,0,0,0,0,0,forukrainians.nl,nl,https://www.forukrainians.nl,200,0,False,200,False,False,False,False,True,False,55,0,0,1,0,2022-06-01,['https://www.directadmin.com']
114.98,1,0,0,0,1,1,27.0,0.0,0.0,0.0,0,0,1,0,0.13,13,0.0,0,0,0,0,0,0,0,0,0,0,0,0,0,0,0,0,0,forukrainians.online,online,https://www.forukrainians.online,200,0,False,200,False,False,False,False,True,False,55,1,0,0,0,2022-06-01,['https://www.directadmin.com']
1.19,1,0,0,0,1,0,0.0,0.0,0.0,0.0,0,0,0,0,0.05,24,0.0,0,0,0,0,0,1,0,0,1,0,1,1,1,1,1,1,1,forwardukraineministries.org,org,https://www.forwardukraineministries.org,200,1,False,200,False,False,False,False,True,False,78,0,0,1,0,2022-03-04,[]
1102.48,1,0,0,0,6,4,33.75,13.72,0.0,0.0,0,0,0,0,0.05,17,0.0,1,0,0,0,0,0,0,0,1,0,0,0,0,0,0,0,0,foundation-ukraine.org,org,https://www.foundation-ukraine.org,-1,0,False,200,False,False,False,False,False,False,0,0,0,1,0,2022-06-17,"['https://secure.wayforpay.com/donate/foundationukraine', 'https://www.un.org', 'https://www.congress.gov', 'https://www.europarl.europa.eu/portal/en']"
116.65,1,0,0,0,7,6,117.83,54.75,0.0,0.0,0,0,0,0,0.05,21,0.0,0,0,0,0,0,0,0,0,1,0,2,2,2,0,0,2,0,foylefriendsofukraine.org,org,https://www.foylefriendsofukraine.org,-1,0,False,200,False,False,False,False,False,False,0,0,0,1,1,2022-05-13,"['https://sites.google.com/foylefriendsofukraine.org/foylefriendsofukraine/kids-club', 'https://www.belfasttelegraph.co.uk/sunday-life/news/leave-ukraine-now-belfast-rally-tells-vladimir-putin/1235198721.html', 'https://i-news.uk/trending/ukrainian-women-settling-into-new-lives-in-derry', 'https://www.derryjournal.com/news/people/foyle-friends-of-ukraine-helping-derry-host-refugees-3703074', 'https://www.derrynow.com/news/local-news/815739/foyle-friends-of-ukraine-initiative-helping-connect-with-ukrainian-families.html?utm_source=dlvr.it&utm_medium=facebook&fbclid=IwAR0unf0SrKrtdlQCTwZ_566PnOcYr4y5KWuw-SpYs6KS8W-e07WFm0ygOG8', 'https://www.derrystrabane.com/Council/News/Foyle-Friends-of-Ukraine-helping-local-residents-a']"
0.11,1,0,0,0,1,0,0.0,0.0,0.0,0.0,0,0,0,0,0.01,13,0.0,0,0,0,0,0,0,0,0,0,0,1,1,1,1,1,1,1,franceukraine.media,media,https://www.franceukraine.media,-1,0,False,200,False,False,False,False,True,False,79,0,0,1,1,2022-03-24,[]
47.84,0,1,0,0,2,2,28.0,13.0,0.0,0.0,0,0,0,0,0.05,16,0.0,0,0,0,0,0,1,1,0,0,0,0,2,0,0,2,0,1,freedomtoukraine.org,org,https://www.freedomtoukraine.org,-1,0,False,200,True,False,False,False,True,False,99,0,0,1,1,2022-02-26,"['https://dan.com', 'https://www.trustpilot.com/review/dan.com']"
99.31,1,0,0,0,11,2,35.0,13.0,0.0,0.5,0,0,0,0,0.05,14,0.0,1,0,0,0,0,1,0,0,0,0,0,0,0,0,0,0,0,freedom-ukraine.org,org,https://www.freedom-ukraine.org,200,0,False,200,False,False,False,False,False,False,35,0,0,1,1,2022-04-29,"['https://www.instagram.com/freedomukraine.charity', 'https://redstone.media']"
78.74,1,0,0,0,1,1,61.0,0.0,0.0,0.0,0,0,0,0,0.01,11,0.0,1,0,0,0,0,1,0,0,0,0,0,0,0,0,0,0,0,free-ukraine.dk,dk,https://www.free-ukraine.dk,-1,0,False,301,False,False,False,False,False,False,0,0,0,1,1,2022-03-24,['https://www.virtualmin.com/documentation/website-default-page']
282.56,1,0,0,0,2,5,48.0,10.6,0.0,0.8,0,1,0,0,0.02,11,0.0,0,0,0,0,0,1,0,0,0,0,0,0,0,0,0,0,0,freeukraine.foundation,foundation,https://www.freeukraine.foundation,200,0,False,200,False,False,False,False,True,False,55,0,0,1,0,2022-03-11,"['https://www.paypal.com/donate/?hosted_button_id=GL965NYRHDPQL', 'https://www.facebook.com/freeukrainefoundation', 'https://twitter.com/FreeUaFund', 'https://www.instagram.com/freeukrainefoundation', 'https://www.linkedin.com/company/free-ukraine-foundation']"
156.93,1,0,0,1,18,4,54.25,20.29,0.0,0.5,0,0,0,0,0.36,11,0.0,0,0,0,0,0,1,0,0,0,0,0,0,0,0,0,0,0,freeukraine.life,life,https://www.freeukraine.life,200,0,False,200,False,False,False,False,False,False,0,0,0,1,0,2022-03-15,"['https://twitter.com/freeukraine_lfe', 'https://https://www.instagram.com/free_ukraine_life', 'https://www.instagram.com/free_ukraine_life', 'https://www.shopify.com?utm_campaign=poweredby&utm_medium=shopify&utm_source=onlinestore']"
125.96,1,0,0,0,3,4,59.0,37.6,0.0,0.5,0,0,1,0,0.08,11,0.0,1,0,0,0,0,1,0,0,0,0,0,0,0,0,0,0,0,free-ukraine.pl,pl,https://www.free-ukraine.pl,200,0,False,200,False,False,False,False,True,False,61,0,0,1,1,2022-06-18,"['https://medisky.eu/ua/%d1%87%d0%be%d0%bc%d1%83-%d0%be%d0%b1%d0%b8%d1%80%d0%b0%d1%8e%d1%82%d1%8c-%d0%bd%d0%b0%d1%81/#cost', 'http://+48507004228', 'https://www.facebook.com/MediSky-Ukraine-100676029308920', 'https://www.instagram.com/medisky_ukraine']"
77.91,1,0,0,0,2,0,0.0,0.0,0.0,0.0,0,0,1,1,2.63,11,0.0,1,0,0,0,0,1,0,0,0,0,0,0,0,0,1,0,1,free-ukraine.pp.ua,pp.ua,https://www.free-ukraine.pp.ua,200,0,False,200,False,True,False,False,True,False,91,0,0,1,1,2022-04-21,[]
8.93,1,0,0,0,2,5,40.6,9.67,0.0,0.0,0,0,0,0,0.03,11,0.0,0,0,0,0,0,1,0,0,0,0,2,2,2,0,2,2,0,freeukraine.uk,uk,https://www.freeukraine.uk,200,0,False,200,False,False,False,False,False,False,0,0,0,1,1,2022-03-18,"['https://en.wikipedia.org/wiki/Russian_war_crimes', 'https://www.bbc.co.uk/news/world-europe-60904676', 'https://pravdamail.com', 'https://www.airbnb.co.uk/moscow-russia/stays', 'http://e-contact.us/?u=freeukraine&n=4005']"
88.53,1,0,0,0,10,3,23.0,0.82,0.0,1.0,0,0,0,0,0.05,18,0.0,0,0,0,0,0,1,0,0,0,0,0,0,0,0,2,0,0,freeukrainelibrary.org,org,https://www.freeukrainelibrary.org,200,0,False,200,False,False,False,False,True,False,55,0,0,1,0,2022-05-01,"['http://www.facebook.com', 'http://www.twitter.com', 'http://www.instagram.com']"
0.11,1,0,0,0,1,0,0.0,0.0,0.0,0.0,0,0,0,0,0.16,16,0.0,0,0,0,0,0,1,0,0,1,1,1,1,1,1,1,1,1,freeukrainetoday.com,com,https://www.freeukrainetoday.com,-1,0,False,200,True,False,False,False,True,False,90,0,0,1,0,2022-03-09,[]
4.42,1,0,0,0,1,0,0.0,0.0,0.0,0.0,0,0,0,0,0.01,15,0.0,1,0,0,0,0,0,0,0,0,0,1,1,1,1,1,1,1,freiraum-ukraine.at,at,https://www.freiraum-ukraine.at,200,0,False,200,False,False,False,False,True,False,82,0,0,1,1,2022-04-05,[]
262.07,1,1,0,1,7,9,38.11,20.1,0.11,0.22,0,0,0,0,0.16,17,0.0,0,0,0,0,0,0,1,0,1,0,0,0,0,0,0,0,0,friendsforukraine.com,com,https://www.friendsforukraine.com,200,0,False,200,False,False,False,False,False,False,0,0,0,1,0,2022-03-15,"['https://www.facebook.com/FriendsUkraine', 'https://instagram.com/friendsforukraine_com', 'https://kron-weine.de/shop/produkt/artikel-nr-22-1-09grapes-for-friends-friends-for-ukraine', 'https://goo.gl/maps/hc7tCFHudjoi3s1Y9', 'https://wise.com', 'https://linktr.ee/khlib.dopomoga', 'https://eng.goodbread.com.ua', 'https://patreon.com/goodbread', 'https://heylink.me/goodbread']"
262.07,1,1,0,1,7,9,38.11,20.1,0.11,0.22,0,0,1,0,0.01,17,0.0,0,0,0,0,0,0,1,0,0,0,0,0,0,0,0,0,0,friendsforukraine.de,de,https://www.friendsforukraine.de,200,0,False,200,False,False,False,False,False,False,0,0,0,1,1,2022-03-27,"['https://www.facebook.com/FriendsUkraine', 'https://instagram.com/friendsforukraine_com', 'https://kron-weine.de/shop/produkt/artikel-nr-22-1-09grapes-for-friends-friends-for-ukraine', 'https://goo.gl/maps/hc7tCFHudjoi3s1Y9', 'https://wise.com', 'https://linktr.ee/khlib.dopomoga', 'https://eng.goodbread.com.ua', 'https://patreon.com/goodbread', 'https://heylink.me/goodbread']"
262.07,1,1,0,1,7,9,38.11,20.1,0.11,0.22,0,0,0,0,0.05,17,0.0,0,0,0,0,0,0,1,0,1,0,0,0,0,0,0,0,0,friendsforukraine.org,org,https://www.friendsforukraine.org,200,0,False,200,False,False,False,False,False,False,0,0,0,1,1,2022-03-27,"['https://www.facebook.com/FriendsUkraine', 'https://instagram.com/friendsforukraine_com', 'https://kron-weine.de/shop/produkt/artikel-nr-22-1-09grapes-for-friends-friends-for-ukraine', 'https://goo.gl/maps/hc7tCFHudjoi3s1Y9', 'https://wise.com', 'https://linktr.ee/khlib.dopomoga', 'https://eng.goodbread.com.ua', 'https://patreon.com/goodbread', 'https://heylink.me/goodbread']"
98.87,1,1,1,1,36,3,24.33,4.03,0.0,0.0,0,0,0,1,0.12,26,0.0,1,0,0,0,0,0,0,0,1,0,0,0,0,0,2,0,0,friendsofukraine-northyorks.co.uk,co.uk,https://www.friendsofukraine-northyorks.co.uk,200,0,False,200,False,False,False,False,False,False,0,0,0,1,1,2022-06-28,"['https://chainlane.org', 'https://mindinharrogate.org.uk', 'https://kindred.agency']"
237.91,1,0,0,0,10,2,53.0,4.0,0.0,0.5,0,0,0,0,0.16,24,0.0,0,0,0,0,0,0,0,0,1,0,0,0,0,0,0,0,0,friendsofukrainerefugees.com,com,https://www.friendsofukrainerefugees.com,200,0,False,200,False,False,False,False,False,False,0,0,1,0,1,2022-05-27,"['https://www.facebook.com/friendsofukrainerefugees', 'https://friendsofukrainecentralwa.squarespace.com/contact']"
237.91,1,0,0,0,9,2,53.0,4.0,0.0,0.5,0,0,0,0,0.05,24,0.0,0,0,0,0,0,0,0,0,1,0,0,0,0,0,0,0,0,friendsofukrainerefugees.org,org,https://www.friendsofukrainerefugees.org,200,0,False,200,False,False,False,False,False,False,0,0,0,1,1,2022-05-27,"['https://www.facebook.com/friendsofukrainerefugees', 'https://friendsofukrainecentralwa.squarespace.com/contact']"
98.49,1,0,0,0,3,1,150.0,0.0,0.0,0.0,0,0,0,0,0.05,16,0.0,0,0,0,0,0,0,0,0,1,0,2,2,2,0,0,2,0,friendsukraineri.org,org,https://www.friendsukraineri.org,200,0,False,200,False,False,False,False,True,False,55,0,0,1,1,2022-03-02,['http://www.google.com/url?q=http%3A%2F%2Fwww.amazon.com%2Fregistries%2Fcustom%2FXORDE6241OQV%2Fguest-view&sa=D&sntz=1&usg=AOvVaw1lneAAnjFo5RxOBoo4Vb9D']
3.76,1,0,0,0,1,1,88.0,0.0,0.0,0.0,0,0,0,1,0.12,11,0.0,0,0,0,0,0,0,0,0,1,0,2,2,2,0,2,2,1,fromukraine.co.uk,co.uk,https://www.fromukraine.co.uk,-1,0,False,200,False,False,False,False,True,False,75,0,0,1,0,2022-05-13,['https://vigbo.com/?utm_source=fromukraine.co.uk&utm_medium=footer&utm_campaign=copyright']
45.51,1,1,0,0,2,2,69.0,28.0,0.0,0.0,0,0,0,0,0.13,11,0.0,0,0,0,0,0,0,0,0,0,0,2,2,2,0,0,2,1,fromukraine.net,net,https://www.fromukraine.net,-1,0,False,200,True,False,False,False,True,False,99,0,0,1,0,2022-02-27,"['https://dan.com/?utm_campaign=Parking&utm_medium=parking&utm_source=.net&utm_term=fromukraine.net', 'https://www.trustpilot.com/review/dan.com']"
655.02,1,0,0,0,4,7,30.14,10.53,0.0,0.43,0,0,0,0,0.05,11,0.0,1,0,0,0,0,0,0,0,0,0,0,0,0,0,0,0,0,from-ukraine.org,org,https://www.from-ukraine.org,200,0,False,200,False,False,False,False,True,False,55,0,0,1,1,2022-03-11,"['https://www.youtube.com/results?search_query=птушкин', 'https://www.instagram.com/ptuxerman', 'https://creativesich.com', 'https://banda.agency', 'http://papapover.com', 'https://www.facebook.com/refacians', 'https://www.dobrobat.in.ua']"
723.31,0,1,0,0,1,10,42.2,21.26,0.1,0.2,1,1,0,0,0.16,22,0.0,0,0,1,0,0,0,1,0,0,0,0,0,0,0,0,0,0,fundforhorsesofukraine.com,com,https://www.fundforhorsesofukraine.com,200,1,False,200,False,False,False,False,True,False,55,0,0,1,0,2022-03-13,"['https://www.paypal.com/pools/c/8HQd9XrViB', 'http://www.FleetOfAngels.org', 'http://www.WorldWideVets.com', 'http://www.gofundme.com/f/the-fund-for-ukraine-horses', 'https://gofund.me/03a17427', 'http://www.PayPal.com', 'https://docs.google.com/forms/d/e/1FAIpQLSeJTeRG3Tb7pWXe_YStcp4Pqsljv-HXdqZjrdCgZWpWnHYeyQ/viewform', 'https://www.youtube.com/watch?v=epCU2EiDXsc', 'https://www.facebook.com/elaine.nash', 'https://greatnonprofits.org/org/fleet-of-angels']"
1.19,1,0,0,0,1,0,0.0,0.0,0.0,0.0,0,0,0,0,0.16,14,0.0,0,0,1,0,0,0,1,0,1,0,1,1,1,1,1,1,1,fundforukraine.com,com,https://www.fundforukraine.com,-1,0,False,200,False,False,False,False,True,False,95,0,1,0,1,2022-03-02,[]
517.49,1,0,0,0,1,1,65.0,0.0,0.0,1.0,0,0,0,0,0.05,14,0.0,0,0,1,0,0,0,1,0,1,0,0,0,0,0,0,0,0,fundforukraine.org,org,https://www.fundforukraine.org,200,0,False,200,False,False,False,False,False,False,0,0,0,1,0,2022-03-01,['https://www.facebook.com/UZO.United.Ukrainian.OrganizationsofOhio']
37.83,1,0,0,0,9,3,59.33,34.5,0.0,0.0,0,0,0,0,0.02,16,0.0,0,0,1,0,0,0,0,0,0,0,2,2,2,0,2,2,0,fundraiseukraine.ca,ca,https://www.fundraiseukraine.ca,200,0,False,200,False,False,False,False,False,False,0,0,0,1,1,2022-03-31,"['https://www.mfno.org', 'https://www.waddingtons.ca/auction/beautiful-historic-ukraine-from-above-fundraising-auction-oct-15-2022', 'https://www.iatspayments.com/saaura/PA73779F8D0CE8BB58']"
23.73,1,0,0,0,1,1,158.0,0.0,0.0,0.0,0,0,0,0,0.16,14,0.0,0,0,1,0,0,0,0,0,1,0,2,2,2,0,0,2,1,fundukrainians.com,com,https://www.fundukrainians.com,-1,0,False,200,True,False,False,False,True,False,95,0,0,1,0,2022-04-11,['https://sedo.com/search/details/?partnerid=14460&language=us&domain=fundukrainians.com&origin=parking&utm_medium=Parking&utm_campaign=template&utm_source=3141']
2.12,1,0,0,0,1,0,0.0,0.0,0.0,0.0,0,0,0,0,0.16,22,0.0,0,0,0,0,0,0,0,0,1,0,1,1,1,1,1,1,0,furniturerentalukraine.com,com,https://www.furniturerentalukraine.com,200,1,False,200,False,False,False,False,False,False,0,0,0,1,1,2022-03-27,[]
159.73,1,0,0,0,12,7,87.43,76.35,0.0,0.43,0,0,1,0,0.06,16,0.0,0,0,0,0,0,0,1,0,0,0,0,0,0,0,0,0,0,futureforukraine.eu,eu,https://www.futureforukraine.eu,200,0,False,200,False,False,False,False,False,False,35,0,0,1,1,2022-06-08,"['https://x.com/kamilkrilov?s=11&t=Zw6VT95Kl4MvUPrM8sH1Jg', 'https://www.donio.cz/rehabilitacni-pobyty-pro-zranene-ukrajinske-dobrovolniky', 'https://www.irozhlas.cz/zpravy-svet/lazne-darkov-leceni-ukrajinskych-vojaku-reportaz_2309241626_hof?_ga=2.6706676.799008573.1702634228-1001616510.1702634228&_gl=1*1e1ckdy*_ga*MTAwMTYxNjUxMC4xNzAyNjM0MjI4*_ga_NHXTP7RWNV*MTcwMjYzNDIyNS4xLjEuMTcwMjYzNDIyNS4wLjAuMA', 'https://www.stream.cz/pohled-zblizka/future-for-ukraine-chce-pomoci-zranenym-vojakum-s-rehabilitaci-v-cr-64554041', 'https://www.facebook.com/profile.php?id=100089093207052', 'https://twitter.com/FutureFUkraine', 'https://mescon.cz']"
0.11,1,0,0,0,1,0,0.0,0.0,0.0,0.0,0,0,0,0,0.16,15,0.0,0,0,0,0,0,0,0,0,1,1,1,1,1,1,1,1,1,futureofukraine.com,com,https://www.futureofukraine.com,200,1,False,200,True,False,False,False,True,False,90,0,0,1,0,2022-03-19,[]
0.11,1,0,0,0,8,0,0.0,0.0,0.0,0.0,0,0,0,0,0.55,13,0.0,1,0,0,0,0,0,0,0,1,0,1,1,1,1,1,1,0,future-ukraine.info,info,https://www.future-ukraine.info,200,1,False,200,False,False,False,False,True,False,55,0,0,1,1,2022-05-13,[]
49.54,1,0,0,0,11,13,43.85,39.06,0.0,0.15,0,1,0,0,0.16,12,0.0,0,0,0,0,0,0,0,0,1,0,2,2,2,0,2,2,0,futurukraine.com,com,https://www.futurukraine.com,200,0,False,200,False,False,False,False,False,False,0,0,0,1,1,2022-06-15,"['https://www.facebook.com/FutureofUkraine2050', 'https://instagram.com/future_of_ukraine2050', 'https://www.privat24.ua/rd/transfer_to_card?hash=rd/transfer_to_card/%7B%22from%22:%22%22,%22to%22:%225169%203351%200049%208514%22,%22ccy%22:%22UAH%22,%22amt%22:%22100%22%7D', 'https://send.monobank.ua/4nq4nEoVp2', 'https://www.paypal.com/myaccount/money/cards/CC-TT53Q753FPP4G', 'https://www.liqpay.ua/checkout/i37693050397', 'https://svpmaster.com.ua', 'https://www.sorokinadesign.com.ua', 'https://smart-city.com.ua/ua', 'https://witex.ua/ua', 'https://modnashtora.com', 'https://glasso.ua/ua', 'https://adebus.education']"
1371.28,1,0,0,0,1,4,55.75,23.94,0.0,0.5,0,0,0,0,0.05,9,0.0,0,0,0,0,0,0,0,0,1,0,0,0,0,0,0,0,0,fwukraine.org,org,https://www.fwukraine.org,200,0,False,200,False,False,False,False,True,False,55,1,0,0,1,2022-03-24,"['https://givesendgo.com/G2WWK?fbclid=IwAR3Xck-A8QFjBxU91KaSZqAcDkEORTNvnhOFNvlfx7tPM5L6FeR60aI7mkM', 'https://account.venmo.com/u/Fightwithukraine', 'https://www.facebook.com/FightWUkraine', 'https://www.instagram.com/fight_with_ukraine']"
95.34,1,0,0,0,3,15,50.0,33.79,0.0,0.07,0,0,0,0,0.16,18,0.0,0,0,0,0,0,0,0,0,1,0,0,0,0,0,0,0,0,galapagosinukraine.com,com,https://www.galapagosinukraine.com,200,1,False,200,False,False,False,False,False,False,0,0,0,1,0,2022-03-15,"['https://static1.squarespace.com/static/54601c8ce4b0719cb5b0d605/t/5840d56cc534a57092202968/1480644245560/Galapagos+Art+Space+in+Detroit+Press.pdf', 'https://sites.amnistia.pt/saomiguel', 'http://sustainazores.com/en', 'https://paulbargetto.com', 'https://www.gettyimages.com/photos/ponta-delgada', 'https://www.quintadobomdespacho.com/en', 'https://www.galapagosdetroit.com', 'https://www.facebook.com/robert.elmes', 'http://www.teatrtransatlantyk.com', 'https://www.cresacor.pt/en', 'http://www.aipa-azores.com', 'https://sefforukraine.sef.pt/Default.aspx', 'https://www.wef.org.in/joana-borges-coutinho', 'https://jornalacores9.pt/rodrigo-de-oliveira-e-cabeca-de-lista-a-assembleia-municipal-da-lagoa-pelo-ps', 'https://www.azoresviagens.com/optitravel/online/www/layout11/home/azoresviagens.php?lang=ENG']"
44.53,0,0,0,0,1,0,0.0,0.0,0.0,0.0,0,0,0,0,0.16,11,0.083,0,0,0,0,0,0,0,1,1,1,0,0,0,0,1,0,0,game4ukraine.com,com,https://www.game4ukraine.com,200,0,False,200,False,False,False,False,False,False,0,0,0,1,1,2022-07-09,[]
1.19,1,0,0,0,1,0,0.0,0.0,0.0,0.0,0,0,0,0,0.16,13,0.071,0,0,0,0,0,0,0,1,1,0,1,1,1,1,1,1,0,gamers4ukraine.com,com,https://www.gamers4ukraine.com,200,1,False,301,False,False,False,False,False,False,0,0,0,1,0,2022-03-03,[]
43.02,1,0,0,0,10,3,39.33,7.72,0.0,1.0,0,0,0,0,0.16,10,0.0,1,0,0,0,0,0,0,0,1,0,2,2,2,0,0,2,0,gas-ukraine.com,com,https://www.gas-ukraine.com,200,0,False,200,False,False,False,False,False,False,40,0,0,1,0,2022-03-30,"['https://www.facebook.com/gasukraine2', 'https://www.linkedin.com/company/gas-ukraine/about', 'https://twitter.com/GasUkraine01']"
121.8,1,0,0,0,7,12,71.42,44.62,0.08,0.33,0,0,1,0,0.06,13,0.0,2,0,0,0,0,0,1,0,1,0,0,0,0,0,0,0,0,gate-to-ukraine.eu,eu,https://www.gate-to-ukraine.eu,200,1,False,200,False,False,False,False,False,False,40,0,0,1,0,2022-03-10,"['https://www.instagram.com/ar/836635950956298', 'https://www.facebook.com/fbcameraeffects/tryit/836635950956298', 'https://twitter.com/GateUkraine', 'https://play.google.com/store/apps/details?id=com.google.android.street', 'https://apps.apple.com/de/app/google-street-view/id904418768', 'https://www.unicef.de/informieren/projekte/europa-1442/ukraine-19470', 'https://www.aktion-deutschland-hilft.de', 'https://www.drk.de/hilfe-weltweit/wo-wir-helfen/europa/ukraine-krise-humanitaere-hilfe', 'https://www.aktionsbuendnis-katastrophenhilfe.de/jetzt-spenden', 'https://www.auswaertiges-amt.de/de/service/UKR?openAccordionId=item-2513242-4-panel & https://www.bbk.bund.de/DE/Das-BBK/Zivilschutz/Was-koennen-Sie-tun/Sie-wollen-helfen/sie-wollen-helfen_node.html', 'https://www.bbk.bund.de/DE/Das-BBK/Zivilschutz/Was-koennen-Sie-tun/Sie-wollen-helfen/sie-wollen-helfen_node.html', 'https://t.me/GateUkraine']"
86.61,1,0,0,0,9,1,24.0,0.0,0.0,0.0,0,0,1,0,0.01,20,0.0,2,0,0,0,0,0,0,0,0,0,0,0,0,0,0,0,1,gemeinsam-fuer-ukraine.de,de,https://www.gemeinsam-fuer-ukraine.de,200,0,False,301,False,False,False,False,True,False,82,0,0,1,1,2022-06-11,['https://de.wordpress.org']
184.97,1,0,0,0,6,6,32.83,8.71,0.0,0.33,0,1,1,0,0.01,16,0.0,1,0,0,0,0,0,0,0,0,0,0,0,0,0,0,0,1,gemeinsam-ukraine.de,de,https://www.gemeinsam-ukraine.de,200,0,False,200,False,False,False,False,True,False,82,0,0,1,0,2022-04-23,"['https://www.facebook.com/gemeinsam.ukraine', 'https://www.instagram.com/gemeinsam.ukraine', 'http://paypal.me/GemeinsamUkraine', 'https://gem-ukraine.de/#testimonials', 'https://wordpress.org', 'https://www.wpzoom.com']"
164.18,1,0,0,0,6,4,34.75,13.31,0.0,0.5,0,0,0,0,0.16,18,0.053,0,0,0,0,1,0,0,1,1,0,0,0,0,0,0,0,0,georgiasart4ukraine.com,com,https://www.georgiasart4ukraine.com,200,0,False,200,False,False,False,False,True,False,61,0,0,1,1,2022-04-11,"['https://www.alexjason.com/Georgias-Art-4-Ukraine/n-dV9njS', 'https://photographywebdesigns.com', 'https://www.facebook.com', 'https://www.instagram.com']"
57.93,1,0,0,0,25,2,47.0,4.0,0.0,1.0,0,0,0,0,0.05,17,0.0,0,0,0,0,0,0,0,0,1,0,2,2,2,0,0,2,0,geothermalukraine.org,org,https://www.geothermalukraine.org,200,0,False,200,False,False,False,False,False,False,0,0,0,1,0,2022-05-18,"['https://www.linkedin.com/company/geothermal-ukraine', 'https://www.facebook.com/geothermal.ukraine']"
2.16,1,0,0,0,1,0,0.0,0.0,0.0,0.0,0,0,0,0,0.16,17,0.0,2,0,0,0,0,0,1,0,1,0,1,1,1,1,1,1,0,germany-for-ukraine.com,com,https://www.germany-for-ukraine.com,200,1,False,200,False,False,False,False,False,False,0,0,0,1,1,2022-03-14,[]
141.96,1,0,0,0,13,1,39.0,0.0,0.0,0.0,0,0,0,0,0.16,19,0.0,2,0,0,0,0,0,0,0,1,0,0,0,0,0,0,0,0,gesichter-der-ukraine.com,com,https://www.gesichter-der-ukraine.com,200,0,False,200,False,False,False,False,False,False,0,0,0,1,1,2022-06-23,['https://cookiedatabase.org/tcf/purposes']
141.96,1,0,0,0,13,1,39.0,0.0,0.0,0.0,0,0,0,0,0.55,19,0.0,2,0,0,0,0,0,0,0,1,0,0,0,0,0,0,0,0,gesichter-der-ukraine.info,info,https://www.gesichter-der-ukraine.info,200,0,False,200,False,False,False,False,False,False,0,0,0,1,1,2022-06-23,['https://cookiedatabase.org/tcf/purposes']
141.96,1,0,0,0,13,1,39.0,0.0,0.0,0.0,0,0,0,0,0.05,19,0.0,2,0,0,0,0,0,0,0,1,0,0,0,0,0,0,0,0,gesichter-der-ukraine.org,org,https://www.gesichter-der-ukraine.org,200,0,False,200,False,False,False,False,False,False,0,0,0,1,0,2022-06-23,['https://cookiedatabase.org/tcf/purposes']
5.03,1,0,0,0,1,2,27.5,3.5,0.0,0.0,0,0,0,0,0.05,16,0.0,2,0,0,0,0,0,0,0,1,0,2,2,2,0,2,2,0,geste-pour-ukraine.org,org,https://www.geste-pour-ukraine.org,200,0,False,200,False,False,False,False,False,False,0,0,0,1,1,2022-03-17,"['https://www.ovhcloud.com', 'https://docs.ovh.com/fr/hosting']"
8.62,1,0,0,0,1,4,53.0,6.96,0.0,0.75,0,0,0,0,0.16,21,0.0,0,0,0,0,0,0,2,0,1,0,2,2,2,0,2,2,0,gettogetherforukraine.com,com,https://www.gettogetherforukraine.com,200,0,False,200,False,False,False,False,False,False,0,0,0,1,1,2022-07-18,"['https://tikkie.me/pay/Stichti1549/qpHpztbBByeBdcTExLSxo3', 'https://www.linkedin.com/company/get-together-for-ukraine/about', 'https://www.facebook.com/gettogetherforukraine', 'https://www.instagram.com/gettogetherforukraine']"
105.99,0,0,0,0,7,0,0.0,0.0,0.0,0.0,0,0,0,0,0.05,10,0.0,0,0,0,0,0,0,0,0,1,0,0,0,0,0,0,0,0,getukraine.org,org,https://www.getukraine.org,200,0,False,200,False,False,False,False,True,False,55,0,0,1,0,2022-03-14,[]
281.38,1,1,0,1,68,1,88.0,0.0,0.0,0.0,0,0,0,0,0.16,16,0.0,0,0,0,0,0,0,0,0,1,0,0,0,0,0,0,0,0,giftsfromukraine.com,com,https://www.giftsfromukraine.com,200,0,False,200,False,False,False,False,False,False,0,0,0,1,1,2022-04-07,['https://www.shopify.com?utm_campaign=poweredby&utm_medium=shopify&utm_source=onlinestore']
40.75,1,1,0,1,12,0,0.0,0.0,0.0,0.0,0,0,0,0,0.16,18,0.0,0,0,0,0,0,0,1,0,1,0,0,2,1,0,2,2,0,givetoukrainetoday.com,com,https://www.givetoukrainetoday.com,200,0,False,200,False,False,False,False,True,False,55,0,0,1,1,2022-03-18,[]
105.99,0,0,0,0,7,0,0.0,0.0,0.0,0.0,0,0,0,0,0.13,11,0.0,0,0,0,0,0,0,0,0,1,0,0,0,0,0,0,0,0,giveukraine.net,net,https://www.giveukraine.net,200,0,False,200,False,False,False,False,True,False,55,0,0,1,1,2022-03-14,[]
623.01,1,0,0,0,9,4,40.0,9.92,0.0,0.75,0,0,0,0,0.16,16,0.0,0,0,0,0,0,0,0,0,1,0,0,0,0,0,0,0,1,givingjoyukraine.com,com,https://www.givingjoyukraine.com,-1,0,False,200,False,False,False,False,True,False,75,0,0,1,1,2022-04-28,"['https://www.youtube.com/channel/UC-rcn-tpPuvpGzmJj0ZwGng', 'https://instagram.com/bf.darimradost', 'https://www.facebook.com/BF.DarimRadost', 'http://www.darimradost.com.ua']"
57.17,1,0,0,0,16,4,39.25,9.98,0.0,0.5,0,0,0,0,0.16,15,0.0,0,0,0,0,0,0,1,0,1,0,0,2,2,0,0,0,1,givingtoukraine.com,com,https://www.givingtoukraine.com,-1,0,False,401,False,True,False,False,True,False,85,0,0,1,1,2022-04-09,"['https://www.instagram.com/givingtoukraine', 'https://www.facebook.com/givingtoukraine', 'https://www.gofundme.com/f/ukraine-equestrian-relief', 'http://ampersand.digital']"
2.55,1,0,0,0,1,0,0.0,0.0,0.0,0.0,0,0,0,0,0.16,18,0.0,0,0,0,0,0,0,0,0,1,0,1,1,1,1,1,1,0,globallogicukraine.com,com,https://www.globallogicukraine.com,200,0,False,200,False,False,False,False,True,False,55,0,0,1,1,2022-03-05,[]
813.2,1,0,0,0,2,4,40.0,3.24,0.0,1.0,0,0,0,0,0.16,26,0.0,0,0,0,0,0,0,0,0,1,0,0,0,0,0,0,0,0,globalmedicukraineresponse.com,com,https://www.globalmedicukraineresponse.com,-1,0,False,200,False,False,False,False,True,False,55,0,0,1,1,2022-05-23,"['https://twitter.com/globalmedicdmgf', 'https://www.facebook.com/globalmedicdmgf', 'https://www.instagram.com/globalmedicdmgf', 'https://www.youtube.com/user/GlobalMedicDMGF']"
45.98,1,0,0,0,2,2,73.5,32.5,0.0,0.0,0,0,0,0,0.16,20,0.0,0,0,0,0,0,0,1,0,1,0,2,2,2,0,0,2,1,globalpujaforukraine.com,com,https://www.globalpujaforukraine.com,-1,0,False,200,False,False,False,False,True,False,75,0,0,1,1,2022-03-17,"['https://dan.com/?utm_campaign=Parking&utm_medium=parking&utm_source=.com&utm_term=globalpujaforukraine.com', 'https://www.trustpilot.com/review/dan.com']"
1.07,1,0,0,0,1,0,0.0,0.0,0.0,0.0,0,0,0,0,0.16,12,0.077,0,0,0,0,0,0,0,1,1,0,1,1,1,1,1,1,0,globe4ukraine.com,com,https://www.globe4ukraine.com,-1,0,False,200,False,False,False,False,False,False,0,0,0,1,0,2022-03-14,[]
224.49,1,0,0,0,12,6,55.0,28.68,0.17,0.17,0,0,0,0,0.05,15,0.0,3,0,0,0,0,0,0,0,1,0,0,0,0,0,0,0,0,gloire-a-l-ukraine.org,org,https://www.gloire-a-l-ukraine.org,200,0,False,301,False,False,False,False,False,False,77,0,0,1,0,2022-04-07,"['https://www.pexels.com/fr-fr/photo/mains-porter-vue-de-haut-don-7345444', 'https://www.facebook.com/assainipieces.services', 'https://maps.google.com/maps?ll=50.440273,2.919914&z=13&t=m&hl=fr&gl=FR&mapclient=embed&cid=7258302685031990778', 'https://goo.gl/maps/tk9HGfjCLNvG6oeT9', 'https://www.diggit-all.fr', 'https://cookiedatabase.org/tcf/purposes']"
0.11,1,0,0,0,1,0,0.0,0.0,0.0,0.0,0,0,1,0,0.33,12,0.077,0,0,0,0,0,0,0,1,1,1,1,1,1,1,1,1,1,glory2ukraine.biz,biz,https://www.glory2ukraine.biz,200,1,False,200,True,False,False,False,True,False,90,0,0,1,1,2022-03-25,[]
0.11,1,0,0,0,1,0,0.0,0.0,0.0,0.0,0,0,0,0,0.12,12,0.077,0,0,0,0,0,0,0,1,1,1,1,1,1,1,1,1,1,glory2ukraine.co,co,https://www.glory2ukraine.co,200,1,False,200,True,False,False,False,True,False,90,0,0,1,0,2022-03-24,[]
0.11,1,0,0,0,1,0,0.0,0.0,0.0,0.0,0,0,0,0,0.55,12,0.077,0,0,0,0,0,0,0,1,0,1,1,1,1,1,1,1,1,glory2ukraine.info,info,https://www.glory2ukraine.info,200,1,False,200,True,False,False,False,True,False,90,1,0,0,1,2022-03-25,[]
0.11,1,0,0,0,1,0,0.0,0.0,0.0,0.0,0,0,0,0,0.04,12,0.077,0,0,0,0,0,0,0,1,0,1,1,1,1,1,1,1,1,glory2ukraine.mobi,mobi,https://www.glory2ukraine.mobi,200,1,False,200,True,False,False,False,True,False,90,0,1,0,1,2022-03-25,[]
0.11,1,0,0,0,1,0,0.0,0.0,0.0,0.0,0,0,0,0,0.13,12,0.077,0,0,0,0,0,0,0,1,1,1,1,1,1,1,1,1,1,glory2ukraine.net,net,https://www.glory2ukraine.net,200,1,False,200,True,False,False,False,True,False,90,0,0,1,1,2022-03-26,[]
0.11,1,0,0,0,1,0,0.0,0.0,0.0,0.0,0,0,1,0,0.29,12,0.077,0,0,0,0,0,0,0,1,1,1,1,1,1,1,1,1,1,glory2ukraine.us,us,https://www.glory2ukraine.us,200,1,False,200,True,False,False,False,True,False,90,0,0,1,1,2022-03-24,[]
0.11,1,0,0,0,1,0,0.0,0.0,0.0,0.0,0,0,0,0,0.2,12,0.077,0,0,0,0,0,0,0,1,1,1,1,1,1,1,1,1,1,glory2ukraine.world,world,https://www.glory2ukraine.world,200,1,False,200,True,False,False,False,True,False,90,0,0,1,0,2022-03-24,[]
0.11,1,0,0,0,1,0,0.0,0.0,0.0,0.0,0,0,1,0,0.33,12,0.077,0,0,0,0,0,0,0,1,1,1,1,1,1,1,1,1,1,glory4ukraine.biz,biz,https://www.glory4ukraine.biz,200,1,False,200,True,False,False,False,True,False,90,0,0,1,1,2022-03-25,[]
0.11,1,0,0,0,1,0,0.0,0.0,0.0,0.0,0,0,0,0,0.12,12,0.077,0,0,0,0,0,0,0,1,0,1,1,1,1,1,1,1,1,glory4ukraine.co,co,https://www.glory4ukraine.co,200,1,False,200,True,False,False,False,True,False,90,0,0,1,1,2022-03-24,[]
0.11,1,0,0,0,1,0,0.0,0.0,0.0,0.0,0,0,0,0,0.16,12,0.077,0,0,0,0,0,0,0,1,1,1,1,1,1,1,1,1,1,glory4ukraine.com,com,https://www.glory4ukraine.com,200,1,False,200,True,False,False,False,True,False,90,0,0,1,1,2022-03-25,[]
0.11,1,0,0,0,1,0,0.0,0.0,0.0,0.0,0,0,0,0,0.55,12,0.077,0,0,0,0,0,0,0,1,1,1,1,1,1,1,1,1,1,glory4ukraine.info,info,https://www.glory4ukraine.info,200,1,False,200,True,False,False,False,True,False,90,0,0,1,1,2022-03-25,[]
0.11,1,0,0,0,1,0,0.0,0.0,0.0,0.0,0,0,0,0,0.13,12,0.077,0,0,0,0,0,0,0,1,1,1,1,1,1,1,1,1,1,glory4ukraine.net,net,https://www.glory4ukraine.net,200,1,False,200,True,False,False,False,True,False,90,0,0,1,1,2022-03-26,[]
0.11,1,0,0,0,1,0,0.0,0.0,0.0,0.0,0,0,0,0,0.05,12,0.077,0,0,0,0,0,0,0,1,0,1,1,1,1,1,1,1,1,glory4ukraine.org,org,https://www.glory4ukraine.org,200,1,False,200,True,False,False,False,True,False,90,0,0,1,1,2022-03-25,[]
0.11,1,0,0,0,1,0,0.0,0.0,0.0,0.0,0,0,1,0,0.29,12,0.077,0,0,0,0,0,0,0,1,1,1,1,1,1,1,1,1,1,glory4ukraine.us,us,https://www.glory4ukraine.us,200,1,False,200,True,False,False,False,True,False,90,1,0,0,1,2022-03-24,[]
0.11,1,0,0,0,1,0,0.0,0.0,0.0,0.0,0,0,0,0,0.2,12,0.077,0,0,0,0,0,0,0,1,0,1,1,1,1,1,1,1,1,glory4ukraine.world,world,https://www.glory4ukraine.world,200,1,False,200,True,False,False,False,True,False,90,0,0,1,1,2022-03-24,[]
1.54,1,0,0,0,1,1,33.0,0.0,0.0,0.0,0,0,0,0,0.16,15,0.0,0,0,0,0,0,0,1,0,1,0,2,2,2,0,2,2,1,gloryforukraine.com,com,https://www.gloryforukraine.com,520,0,False,200,True,False,False,False,True,False,77,0,1,0,1,2022-03-04,['https://www.enable-javascript.com']
564.76,1,0,0,0,6,3,46.67,3.86,0.0,0.67,0,0,0,0,0.05,14,0.0,0,0,0,0,0,0,0,0,1,0,0,0,0,0,0,0,0,gloryofukraine.org,org,https://www.gloryofukraine.org,200,0,False,200,False,False,False,False,True,False,55,1,0,0,0,2022-04-20,"['https://www.instagram.com/gloryofukraine_charityhund', 'https://www.facebook.com/gloryofukraine.org', 'https://wix.com?utm_campaign=vir_created_with']"
0.11,1,0,0,0,1,0,0.0,0.0,0.0,0.0,0,0,1,0,0.33,14,0.0,0,0,0,0,0,0,1,0,1,1,1,1,1,1,1,1,1,glorytoukraine.biz,biz,https://www.glorytoukraine.biz,200,1,False,200,True,False,False,False,True,False,90,0,0,1,0,2022-03-25,[]
0.11,1,0,0,0,1,0,0.0,0.0,0.0,0.0,0,0,0,0,0.12,14,0.0,0,0,0,0,0,0,1,0,1,1,1,1,1,1,1,1,1,glorytoukraine.co,co,https://www.glorytoukraine.co,200,1,False,200,True,False,False,False,True,False,90,0,0,1,1,2022-03-25,[]
53.54,1,0,0,0,1,3,66.0,51.62,0.0,0.67,0,0,0,0,0.55,14,0.0,0,0,0,0,0,0,1,0,0,1,2,2,2,0,2,2,0,glorytoukraine.info,info,https://www.glorytoukraine.info,200,1,False,200,False,False,False,False,True,False,55,0,0,1,1,2022-03-03,"['https://www.facebook.com/page', 'https://www.instagram.com/page', 'https://www.godaddy.com/websites/website-builder?isc=pwugc&utm_source=wsb&utm_medium=applications&utm_campaign=en-us_corp_applications_base']"
174.47,1,1,1,1,1,14,65.71,77.78,0.0,0.29,0,0,0,0,0.11,14,0.0,0,0,0,0,0,0,1,0,0,0,0,0,0,0,0,0,0,glorytoukraine.me,me,https://www.glorytoukraine.me,200,0,False,200,False,False,False,False,True,False,55,0,0,1,1,2022-03-22,"['https://send.monobank.ua/jar/4ipd2M6ZQG', 'https://revolut.me/otelnov', 'https://www.linkedin.com/in/mikhailvol', 'https://www.facebook.com/glorytoukraine.me', 'https://www.instagram.com/glorytoukraine.me', 'https://twitter.com/intent/tweet?text=russian%20occupants%20bombing%20civilians%27%20objects%20and%20killing%20Ukrainians%20including%20children%20in%20Ukraine%20every%20day%21%0A%40NATO%20%40WhiteHouse%20%40JoeBiden%20%40EmmanuelMacron%20%40JustinTrudeau%20%40BorisJohnson%20%40Bundeskanzler%20%40OlafScholz%20%23ClosetheSkyoverUkraine', 'https://bank.gov.ua/en/news/all/natsionalniy-bank-vidkriv-spetsrahunok-dlya-zboru-koshtiv-na-potrebi-armiyi', 'https://ucu.edu.ua/en/news/foreign-international-legion-how-to-join', 'https://www.tell.health', 'https://webfolks.io', 'https://kyivindependent.com/tag/russias-war', 'https://www.bbc.com/news/world-60525350', 'https://www.washingtonpost.com/world/ukraine-russia', 'https://edition.cnn.com/specials/europe/ukraine']"
0.11,1,0,0,0,1,0,0.0,0.0,0.0,0.0,0,0,0,0,0.04,14,0.0,0,0,0,0,0,0,1,0,0,1,1,1,1,1,1,1,1,glorytoukraine.mobi,mobi,https://www.glorytoukraine.mobi,200,1,False,200,True,False,False,False,True,False,90,0,0,1,1,2022-03-25,[]
1.54,1,0,0,0,1,1,33.0,0.0,0.0,0.0,0,0,1,0,0.26,14,0.0,0,0,0,0,0,0,1,0,0,1,2,2,2,0,2,2,1,glorytoukraine.shop,shop,https://www.glorytoukraine.shop,520,0,False,200,True,False,False,False,True,False,77,0,0,1,1,2022-04-30,['https://www.enable-javascript.com']
0.11,1,0,0,0,1,0,0.0,0.0,0.0,0.0,0,0,1,0,0.29,14,0.0,0,0,0,0,0,0,1,0,0,1,1,1,1,1,1,1,1,glorytoukraine.us,us,https://www.glorytoukraine.us,200,1,False,200,True,False,False,False,True,False,90,0,0,1,1,2022-03-25,[]
152.02,1,1,1,0,3,1,53.0,0.0,0.0,0.0,0,0,0,0,0.16,15,0.0,0,0,0,0,0,0,0,0,1,0,0,0,0,0,0,0,0,gloryukrainians.com,com,https://www.gloryukrainians.com,200,0,False,200,False,False,False,False,True,False,55,0,0,1,0,2022-05-18,['http://donate/wp-admin/post.php?post=939&action=edit#']
52.34,1,0,0,0,2,0,0.0,0.0,0.0,0.0,0,0,0,0,0.16,27,0.0,0,0,0,0,0,0,1,0,0,0,0,0,0,0,1,0,0,godgaverockandrolltoukraine.com,com,https://www.godgaverockandrolltoukraine.com,200,0,False,200,False,False,False,False,True,False,55,0,0,1,0,2022-03-17,[]
25.48,1,0,0,0,1,1,22.0,0.0,1.0,0.0,0,0,0,0,0.16,17,0.0,0,0,0,0,0,0,1,0,1,0,2,2,2,0,2,2,0,golfersforukraine.com,com,https://www.golfersforukraine.com,200,0,False,200,False,False,False,False,False,False,0,0,0,1,0,2022-03-03,['https://bit.ly/42xrCl0']
1142.79,1,0,0,0,13,0,0.0,0.0,0.0,0.0,0,0,0,0,0.01,21,0.0,2,0,0,0,0,0,1,0,0,0,0,0,0,0,0,0,0,goodfriends-for-ukraine.ch,ch,https://www.goodfriends-for-ukraine.ch,200,0,False,200,False,False,False,False,False,False,0,0,0,1,0,2022-03-28,[]
1351.18,1,0,0,0,17,4,30.25,1.79,0.0,0.75,0,0,0,0,0.16,12,0.077,0,0,0,0,0,0,0,1,1,0,0,0,0,0,0,0,0,goods4ukraine.com,com,https://www.goods4ukraine.com,-1,0,False,200,False,False,False,False,True,False,55,0,0,1,0,2022-03-04,"['https://www.facebook.com/wix', 'https://www.instagram.com/wix', 'https://www.youtube.com/user/Wix', 'https://www.pinterest.com/wixcom']"
7.75,1,0,0,0,2,5,45.6,14.68,0.0,0.6,0,0,0,0,0.16,13,0.0,0,0,0,1,0,0,0,0,1,0,2,2,2,0,2,2,1,gosaveukraine.com,com,https://www.gosaveukraine.com,-1,0,False,200,False,False,False,False,True,False,88,0,0,1,1,2022-03-04,"['https://www.binance.charity/posts/Humanity_First_Update_on_Ukraine_Efforts', 'https://www.facebook.com/GoSaveUkraine2022', 'https://www.instagram.com/GoSaveUkraine2022', 'https://gettr.com/user/gosaveukraine', 'https://twitter.com/GoSaveUkraine']"
187.52,1,1,0,1,9,22,27.73,13.58,0.0,0.09,0,0,0,0,0.05,13,0.0,0,0,0,1,0,0,0,0,1,0,0,0,0,0,0,0,0,gosaveukraine.org,org,https://www.gosaveukraine.org,403,0,False,200,False,False,False,False,False,False,0,0,0,1,0,2022-03-08,"['https://www.facebook.com/gosaveukraine', 'https://www.instagram.com/gosaveukraine', 'https://olvent.ua', 'http://allvent.in.ua', 'https://bfond.com.ua', 'https://uman-rada.gov.ua', 'https://vchorayshenska-gromada.gov.ua', 'https://khm.gov.ua', 'https://www.zsu.gov.ua', 'https://malyn-rada.gov.ua', 'http://yu.mk.ua', 'https://korosten-rada.gov.ua', 'https://radmr.gov.ua', 'https://kiddo.ua/ua', 'https://mistoboyarka.gov.ua', 'https://kremen.gov.ua', 'https://www.lutskrada.gov.ua', 'https://lvivski.in.ua/enterprises/lvivska-oblasna-ditaca-klinicna-likarna-ohmatdit', 'https://www.mk.gov.ua', 'https://ukrainska-gromada.gov.ua', 'https://nemyriv-mrada.gov.ua', 'https://tilda.cc/?upm=1081201']"
36.35,1,0,0,0,1,2,42.0,9.0,0.0,0.5,0,0,0,0,0.05,13,0.0,0,0,0,0,0,0,0,0,1,0,2,2,2,0,0,2,0,goteamukraine.org,org,https://www.goteamukraine.org,200,1,False,200,False,False,False,False,False,False,0,0,0,1,0,2022-03-07,"['https://donorbox.org/team-ukraine', 'https://www.linkedin.com/in/sterling-lanier-0175072']"
0.11,1,0,0,0,1,0,0.0,0.0,0.0,0.0,0,0,0,0,0.05,9,0.0,0,0,0,0,0,0,0,0,1,0,1,1,1,1,1,1,0,goukraine.org,org,https://www.goukraine.org,200,1,False,200,False,False,False,False,True,False,55,0,0,1,0,2022-03-01,[]
36.93,1,0,0,0,26,4,45.75,10.38,0.0,0.75,0,0,0,0,0.16,10,0.0,1,0,0,0,0,0,0,0,1,0,2,2,2,0,0,2,0,gpc-ukraine.com,com,https://www.gpc-ukraine.com,200,0,False,200,False,False,False,False,False,False,0,0,0,1,0,2022-04-15,"['http://allpowerlifting.com/federations/GPC/GPCUkraine/results', 'https://www.youtube.com/watch?v=NyoXMVdtOWA', 'https://www.facebook.com/groups/385321058648015', 'https://www.instagram.com/gpc_ua']"
0.11,1,0,0,0,1,0,0.0,0.0,0.0,0.0,0,0,0,0,0.16,14,0.0,0,0,0,0,0,0,0,0,1,0,1,1,1,1,1,1,1,greatukrainian.com,com,https://www.greatukrainian.com,-1,0,False,200,True,False,False,False,True,False,77,0,0,1,1,2022-04-07,[]
56.78,0,0,0,0,83,5,96.6,41.6,0.0,0.0,0,0,0,0,0.01,19,0.05,0,0,0,0,0,0,0,1,0,0,2,2,2,0,0,2,0,guesthousing4ukraine.nl,nl,https://www.guesthousing4ukraine.nl,200,1,False,200,False,False,False,False,False,False,0,0,0,1,0,2022-03-08,"['https://findmycrushes.com/tds/ae?tdsId=s4729gor_r&tds_campaign=s4729gor&s1=ps&utm_source=int&utm_sub=opnfnl&affid=d6dc054c&subid=3.testes1&clickid=68-1486-20240412021906619d822e', 'https://olivier-bernard.fr/jesus-y-lorena-se-estrenan-en-el-pornos-con-su-primer-video-x', 'https://residenciahelmantica.es/zapotlán-el-grande-hembra-sitios-de-citas-para-adultos', 'https://stichtingnovis.nl/conejitas-putas-fotos-tias-putas', 'https://ediversity.es/pilla-a-su-tia-en-la-ducha-se-caliente-y-se-la-folla']"
1172.64,1,0,0,0,11,9,35.22,8.93,0.11,0.33,0,0,1,0,0.01,12,0.077,0,0,0,0,0,0,0,1,0,0,0,0,0,0,0,0,0,guide4ukraine.de,de,https://www.guide4ukraine.de,200,0,False,200,False,False,False,False,False,False,0,0,0,1,0,2022-03-21,"['https://goo.gl/maps/e2nqRG3vUH4PdM1i9', 'https://calendly.com/alissarent/guide4ukraine', 'https://www.linkedin.com/in/ferdinandmuehlhaeuser', 'https://www.unicorn.de', 'https://wunderflats.com', 'https://www.green-change.ch', 'https://www.facebook.com/WirFuereinander', 'https://twitter.com/Guide4UkraineDE', 'https://www.softr.io/?via=madewithbadge']"
19.68,1,1,1,0,1,17,40.47,28.65,0.0,0.12,0,0,0,0,0.16,8,0.111,0,0,0,0,0,0,0,1,1,0,2,2,2,0,2,2,0,h4ukraine.com,com,https://www.h4ukraine.com,200,0,False,200,False,False,False,False,False,False,0,0,0,1,0,2022-02-27,"['https://bank.gov.ua/en/news/all/natsionalniy-bank-vidkriv-spetsrahunok-dlya-zboru-koshtiv-na-potrebi-armiyi', 'https://twitter.com/Ukraine/status/1497594592438497282?s=20&t=aG5blzDGu1Pt14w9qZOIrw', 'https://www.ukrainedao.love', 'https://unchain.fund', 'https://savelife.in.ua/en/donate', 'https://www.donbasssos.org/en', 'https://krymsos.com', 'https://facebook.com/hospitallers', 'https://tabletochki.org', 'https://vstygnemo.org.ua/en', 'https://ruka-ob-ruku.com.ua/en/index.html', 'https://happyold.com.ua/en', 'https://letshelp.com.ua', 'https://starenki.com.ua/en/home', 'https://dogcat.com.ua/en/page/help', 'https://happypaw.ua/en', 'https://readymag.com/u1900443331/3464766/?fbclid=IwAR0zwK-z3s8vxrhBnOZlLzmUvHm4y4W4xohPJbIihpsEZIBpZ-JmGTV0Ej0']"
189.5,1,0,0,0,12,6,58.67,26.56,0.17,0.5,0,0,0,0,0.01,14,0.067,0,0,0,0,0,0,0,1,1,0,0,0,0,0,0,0,0,haarlem4ukraine.nl,nl,https://www.haarlem4ukraine.nl,200,0,False,200,False,False,False,False,False,False,0,0,0,1,1,2022-03-07,"['https://www.instagram.com/haarlem4ukraine', 'https://www.facebook.com/profile.php?id=100079879131307', 'https://t.me/+VGrWpSLA2WNjNzk6', 'https://qrcode.ideal.nl/qr1.ideal.nl/a2e5a4b6-4a39-407a-bf4b-25bc643c8ea7', 'https://nos.nl/artikel/2485697-aan-de-medische-frontlinie-in-oekraine-illia-en-alex-bevoorraden-veldhospitalen', 'https://medhelpdnipro.org#block-in-progress']"
34.51,1,0,0,0,7,0,0.0,0.0,0.0,0.0,0,0,0,0,0.16,14,0.067,0,0,0,0,0,0,0,1,1,0,0,0,0,0,1,0,0,hackers4ukraine.com,com,https://www.hackers4ukraine.com,200,0,False,200,False,False,False,False,False,False,0,1,0,0,1,2022-03-07,[]
824.79,1,0,0,0,8,1,48.0,0.0,0.0,1.0,0,0,0,0,0.02,21,0.0,2,0,0,0,0,0,0,0,1,0,0,0,0,0,0,0,1,halifax-ukrainian-store.ca,ca,https://www.halifax-ukrainian-store.ca,200,0,True,200,False,False,True,True,True,False,100,0,0,1,1,2022-06-19,['https://www.facebook.com/groups/1052491022296688']
15.93,1,0,0,0,1,1,42.0,0.0,0.0,0.0,0,0,0,0,0.16,21,0.0,0,0,0,0,0,0,1,0,1,0,2,2,2,0,2,2,1,hamantashenforukraine.com,com,https://www.hamantashenforukraine.com,200,0,False,200,True,False,False,False,True,False,95,0,0,1,1,2022-02-28,['https://www.sedo.com/services/parking.php3']
124.71,1,0,0,0,23,2,26.0,2.0,0.5,0.0,0,0,0,1,0.05,17,0.0,0,0,0,0,0,0,0,0,0,0,0,0,0,0,0,0,0,handinhandukraine.org.uk,org.uk,https://www.handinhandukraine.org.uk,200,0,False,301,False,False,False,False,True,False,55,1,0,0,0,2022-07-10,"['http://eepurl.com/h-4UUD', 'https://www.aubergine262.com']"
132.24,1,0,0,0,6,3,49.67,19.6,0.0,0.67,0,0,0,0,0.05,20,0.0,0,0,0,1,0,0,1,0,0,0,0,0,0,0,0,0,0,handtohandaidukraine.org,org,https://www.handtohandaidukraine.org,200,0,False,200,False,False,False,False,False,False,40,0,0,1,1,2022-03-20,"['https://www.facebook.com/Hand-to-Hand-Aid-Ukraine-106332472103625', 'https://instagram.com/handtohandaidukraine?igshid=YmMyMTA2M2Y=', 'https://www.tiktok.com']"
9.93,1,0,0,0,1,1,47.0,0.0,0.0,1.0,0,0,0,0,0.01,16,0.0,0,0,0,0,0,0,0,0,1,0,2,2,2,0,0,2,0,hanepeaceukraine.fi,fi,https://www.hanepeaceukraine.fi,200,0,False,200,False,False,False,False,False,False,0,0,0,1,1,2022-04-23,['https://www.facebook.com/groups/998841034069725']
51.68,1,0,0,0,4,14,95.0,141.11,0.0,0.0,0,0,0,0,0.01,14,0.0,1,0,0,0,1,0,1,0,1,0,2,2,2,0,0,2,0,h-artforukraine.nl,nl,https://www.h-artforukraine.nl,200,0,False,200,False,False,False,False,False,False,0,0,0,1,0,2022-03-02,"['https://www.refugeehelp.nl/get-help', 'https://architectenweb.nl/nieuws/artikel.aspx?ID=51694', 'https://dutchculture.nl/en/news/info-point-dutch-cultural-cooperation-ukraine-and-russia', 'https://www.goethe.de/ins/nl/nl/sta/rot.html', 'https://makersxchange.eu/open-call-for-ukrainian-artists-creatives-mobility-programme', 'https://www.oba.nl/actueel/Ukraine.html', 'https://www.letterenfonds.nl/nl/steunfonds-oekraiense-makers', 'https://eur02.safelinks.protection.outlook.com/?url=https%3A%2F%2Fwww.mailinglijst.nl%2Fredirect.aspx%3Fl%3D1505307%26a%3D13056184%26t%3DH%26ls%3D520%26ahash%3D82D71D1CC69C51EBE0FB679A1CF5A9E22F66E43CBADAF88BF9E8614E9957A59F%26lhash%3D51B72452B22C850804FF7BB3A10C435C2C25AB2358E33A742FC883A0FA19CD6C&data=04%7C01%7Cleanne%40kunsten92.nl%7C2e856402bbf5483ef18808da00fc5ea5%7Cee7ec1f5aef242bcaaa64a5d425a6ab3%7C0%7C0%7C637823381175112922%7CUnknown%7CTWFpbGZsb3d8eyJWIjoiMC4wLjAwMDAiLCJQIjoiV2luMzIiLCJBTiI6Ik1haWwiLCJXVCI6Mn0%3D%7C3000&sdata=1MK5xQSbpVG4D2yRrCr4mKaE%2F5qVaIxD2yZxA9fw9E8%3D&reserved=0', 'https://www.kunsten92.nl/steun-aan-de-culturele-sector-van-oekraine', 'https://drive.google.com/drive/folders/1qQ2OXFHx4wxqJr85UvlTW3yTSPQAma4p', 'https://qrcode.ideal.nl/qr7.ideal.nl/486883ea-b574-459c-a3e0-0fa65aba60b8', 'https://giro555.nl/giro555-start-samen-in-actie-voor-oekraine', 'https://www.vriendenloterij.nl', 'https://www.overhaus.nl']"
158.65,0,0,0,1,2,0,0.0,0.0,0.0,0.0,0,0,0,0,0.16,12,0.0,0,0,0,0,0,0,1,0,1,0,0,0,0,0,0,0,0,hdforukraine.com,com,https://www.hdforukraine.com,200,0,False,200,False,False,False,False,False,False,0,0,0,1,1,2022-04-12,[]
34.74,1,0,0,0,11,10,39.2,22.32,0.0,0.0,0,0,0,0,0.16,13,0.071,0,0,0,0,0,0,0,1,1,0,2,2,2,0,2,2,0,health4ukraine.com,com,https://www.health4ukraine.com,200,0,False,200,False,False,False,False,False,False,0,0,0,1,0,2022-04-14,"['https://www.directrelief.org', 'https://www.pck.pl', 'https://www.ingdzieciom.pl', 'https://www2.deloitte.com', 'https://eprufpartner.pl', 'https://dimedic.eu', 'https://www.dimedic-ukrayina.eu/?utm_source=mail&utm_medium=cta&utm_campaign=UA_Epruf', 'https://kaminskifoundation.life/lifeplan-app', 'https://play.google.com/store/apps/details?id=com.kaminski.lifeplanapp', 'https://apps.apple.com/us/app/lifeplan-app/id1635748736']"
55.62,1,0,0,0,9,1,121.0,0.0,0.0,1.0,0,0,0,0,0.16,17,0.056,0,0,0,0,1,0,0,1,1,0,2,2,2,0,0,2,0,healthcare4ukraine.com,com,https://www.healthcare4ukraine.com,200,0,False,200,False,False,False,False,False,False,40,0,0,1,1,2022-04-23,['https://www.linkedin.com/company/86364898/admin/?lipi=urn%3Ali%3Apage%3Ad_flagship3_feed%3B%2FiDIAcJlQ2mk8fPnKyTf3g%3D%3D']
55.62,1,0,0,0,8,1,121.0,0.0,0.0,1.0,0,0,0,0,0.01,17,0.056,0,0,0,0,1,0,0,1,1,0,2,2,2,0,0,2,0,healthcare4ukraine.nl,nl,https://www.healthcare4ukraine.nl,200,0,False,200,False,False,False,False,False,False,40,0,0,1,1,2022-04-23,['https://www.linkedin.com/company/86364898/admin/?lipi=urn%3Ali%3Apage%3Ad_flagship3_feed%3B%2FiDIAcJlQ2mk8fPnKyTf3g%3D%3D']
55.62,1,0,0,0,9,1,121.0,0.0,0.0,1.0,0,0,0,0,0.05,17,0.056,0,0,0,0,1,0,0,1,1,0,2,2,2,0,0,2,0,healthcare4ukraine.org,org,https://www.healthcare4ukraine.org,200,0,False,200,False,False,False,False,False,False,40,0,0,1,0,2022-04-23,['https://www.linkedin.com/company/86364898/admin/?lipi=urn%3Ali%3Apage%3Ad_flagship3_feed%3B%2FiDIAcJlQ2mk8fPnKyTf3g%3D%3D']
2760.33,1,0,0,0,7,6,43.17,34.55,0.0,0.67,0,0,0,0,0.16,13,0.0,0,0,0,0,0,0,0,0,1,0,0,0,0,0,0,0,0,healthukraine.com,com,https://www.healthukraine.com,200,0,False,200,False,False,False,False,True,False,55,1,0,0,0,2022-07-13,"['https://bank.gov.ua/en/news/all/natsionalniy-bank-vidkriv-spetsrahunok-dlya-zboru-koshtiv-na-potrebi-armiyi', 'https://facebook.com', 'https://instagram.com', 'https://youtube.com', 'https://twitter.com', 'https://weblium.com?utm_medium=madeonweblium&utm_source=healthukraine.com']"
46.91,1,0,0,0,25,10,48.1,42.26,0.0,0.4,0,0,0,0,0.05,16,0.0,0,0,0,0,0,0,0,0,1,0,2,2,2,0,0,2,0,healukrainegroup.org,org,https://www.healukrainegroup.org,200,0,False,200,False,False,False,False,False,False,0,0,0,1,0,2022-04-20,"['https://www.gofundme.com/f/heal-ukraine-group-fundraiser-2023?utm_campaign=p_cp+share-sheet&utm_content=undefined&utm_medium=email&utm_source=customer&utm_term=undefined', 'https://giving.massgeneral.org/donate/vic-ukraine-aid', 'https://gmka.org', 'https://autismunity.org', 'https://www.htwb.org', 'https://www.lakecountryaid.org', 'https://www.facebook.com/HealUkraineGroup', 'https://www.instagram.com/healukrainegroup', 'https://twitter.com/HealUkraine', 'https://www.linkedin.com/in/markiian-sanotskyi-454803109']"
194.42,1,0,1,0,11,7,33.43,8.8,0.0,0.29,0,0,1,0,0.29,16,0.0,0,0,0,0,1,0,1,0,1,0,0,0,0,0,0,0,0,heartsforukraine.us,us,https://www.heartsforukraine.us,200,0,False,200,False,False,False,False,False,False,0,0,0,1,0,2022-03-18,"['https://www.instagram.com/heartsforukraine.us', 'https://www.facebook.com/heartsforukraine.us', 'https://www.grainsofgood.com/us.php', 'https://www.royalambulance.com', 'https://san-francisco.mfa.gov.ua/en', 'https://edwardbossprado.org', 'https://eif.org.ua']"
106.47,1,0,0,0,4,0,0.0,0.0,0.0,0.0,0,0,0,0,0.16,11,0.0,0,0,0,0,0,0,0,0,1,0,0,0,0,0,0,0,0,hearukraine.com,com,https://www.hearukraine.com,200,0,False,301,False,False,False,False,True,False,55,0,0,1,0,2022-03-10,[]
156.98,1,0,0,0,74,3,42.0,6.48,0.33,0.33,0,0,1,0,0.01,22,0.0,2,0,0,0,0,0,0,0,0,0,0,0,0,0,0,0,1,heidelberg-hilft-ukraine.de,de,https://www.heidelberg-hilft-ukraine.de,200,0,False,200,False,False,False,False,True,False,82,0,0,1,1,2022-03-17,"['https://t.me/Heidelberg_help_Ukraine', 'https://creativecommons.org/licenses/by/4.0/deed.ru', 'https://cookiedatabase.org/tcf/purposes']"
141.95,1,0,0,0,19,2,52.0,3.0,0.0,1.0,0,0,1,0,0.01,21,0.0,2,0,0,0,0,0,0,0,0,0,0,0,0,0,0,0,0,heidenheim-fuer-ukraine.de,de,https://www.heidenheim-fuer-ukraine.de,200,0,False,200,False,False,False,False,False,False,0,0,0,1,0,2022-03-07,"['https://www.facebook.com/profile.php?id=100080553586480', 'https://www.instagram.com/heidenheim.fuer.ukraine']"
151.53,1,0,0,0,9,7,28.43,13.78,0.0,0.57,0,0,1,0,0.01,19,0.0,0,0,0,0,0,0,0,0,0,0,0,0,0,0,0,0,1,heljenshilftukraine.de,de,https://www.heljenshilftukraine.de,200,0,False,200,False,False,False,False,True,False,82,0,0,1,0,2022-03-19,"['https://web.whatsapp.com/send?phone=+49 2056 9868201', 'http://instagram.com', 'https://vimeo.com', 'https://tripadvisor.com', 'https://twitter.com', 'https://facebook.com', 'https://www.ionos.de/websites/homepage-erstellen']"
8.53,1,0,0,0,26,3,119.33,38.66,0.0,0.67,0,0,0,0,0.01,12,0.0,0,0,0,0,0,0,0,0,0,0,2,2,2,0,0,2,0,helloukraine.ch,ch,https://www.helloukraine.ch,200,0,False,200,False,False,False,False,False,False,0,0,0,1,1,2022-03-16,"['https://twitter.com/intent/tweet?text=Portal+with+tips+for+refugees+from+Ukraine+on+a+successful+start+in+Switzerland+https%3A%2F%2Fwww.HelloUkraine.ch+%23StandWithUkraine', 'https://www.facebook.com/sharer/sharer.php?u=https%3A%2F%2Fwww.helloukraine.ch', 'https://forms.zohopublic.eu/helloukrainech/form/Contact/formperma/0BLf1QF03ZRSGTgvQgJfUay_IhGAagmouP6iTl387Vo']"
1.19,1,0,0,0,1,0,0.0,0.0,0.0,0.0,0,0,0,0,0.16,11,0.083,0,0,0,1,0,0,0,1,1,1,1,1,1,1,1,1,1,help2ukraine.com,com,https://www.help2ukraine.com,-1,0,False,200,False,False,False,False,True,False,95,1,0,0,1,2022-02-27,[]
14.84,1,1,0,1,1,5,54.2,31.38,0.0,0.0,0,0,0,0,0.02,11,0.083,0,0,0,1,0,0,0,1,0,0,2,2,2,0,2,2,0,help4ukraine.ca,ca,https://www.help4ukraine.ca,200,1,False,200,False,False,False,False,True,False,55,1,0,0,1,2022-03-16,"['https://shareyour.care/donations/become-a-patron-for-lviv-yatra', 'https://iskconnews.org', 'https://www.newvrindaban.com/post/statement-of-the-international-society-for-krishna-consciousness-on-ukraine', 'https://sewacanada.com/ukrainianfoodreliefinhungary', 'https://torontokrishna.com']"
15.02,1,0,0,0,8,1,18.0,0.0,0.0,0.0,0,0,0,0,0.01,11,0.083,0,0,0,1,0,0,0,1,1,0,2,2,2,0,2,2,1,help4ukraine.ch,ch,https://www.help4ukraine.ch,200,1,False,200,False,False,False,False,True,False,75,0,0,1,1,2022-03-02,['https://ubiq.swiss']
1.19,1,0,0,0,1,5,51.0,32.53,0.0,0.4,0,0,0,0,0.16,11,0.071,2,0,0,1,0,0,0,0,0,0,2,2,2,0,2,2,0,help-4-ukraine.com,com,https://www.help-4-ukraine.com,200,1,False,200,False,False,False,False,False,False,0,0,0,1,1,2022-03-04,"['https://www.instagram.com/hilfe_fuer_die_ukraine_hamburg', 'https://hilfe-ua.de', 'https://www.facebook.com/profile.php?id=100009117460963', 'https://unsplash.com/photos/IwLY-pLic_U?utm_source=unsplash&utm_medium=referral&utm_content=creditShareLink', 'http://html5up.net']"
9.85,1,0,0,0,31,0,0.0,0.0,0.0,0.0,0,0,0,0,0.03,11,0.083,0,0,0,1,0,0,0,1,0,0,1,2,1,-1,2,1,0,help4ukraine.uk,uk,https://www.help4ukraine.uk,200,0,False,200,False,False,False,False,False,False,0,0,0,1,1,2022-07-23,[]
897.59,1,0,0,0,18,5,46.6,15.49,0.0,0.8,0,0,0,0,0.2,11,0.083,0,0,0,1,0,0,0,1,0,0,0,0,0,0,0,0,0,help4ukraine.world,world,https://www.help4ukraine.world,404,0,False,200,False,False,False,False,False,False,40,0,0,1,0,2022-03-18,"['https://www.youtube.com/channel/UCqoV4kb5zPqdCbHpA779cTA', 'https://www.facebook.com/Ukraineneedhelp', 'https://www.instagram.com/help4ua.mi', 'https://twitter.com/Help4uaMi', 'https://live.vcita.com/site/fruhvxvna4x2cdyt/make-payment?v_currency=USD']"
170.5,1,0,0,0,28,1,140.0,0.0,0.0,0.0,0,0,0,0,0.16,20,0.0,0,0,0,1,0,0,0,0,0,1,0,0,0,0,0,0,0,helpanimalsinukraine.com,com,https://www.helpanimalsinukraine.com,200,0,False,200,False,False,False,False,False,False,0,0,0,1,1,2022-03-06,['https://www.pexels.com/photo/close-up-photography-of-two-dogs-1364729/?utm_content=attributionCopyText&utm_medium=referral&utm_source=pexels']
51.59,1,0,0,0,2,0,0.0,0.0,0.0,0.0,0,0,0,0,0.16,17,0.0,0,0,0,1,0,0,0,0,0,0,0,0,0,0,1,0,0,helpbabiesukraine.com,com,https://www.helpbabiesukraine.com,-1,0,False,200,False,False,False,False,False,False,0,0,0,1,1,2022-04-05,[]
160.4,1,1,0,0,16,6,37.67,13.78,0.0,0.17,0,1,0,0,0.05,19,0.0,3,0,0,1,0,0,1,0,0,0,0,0,0,0,0,0,1,help-for-rivne-ukraine.org,org,https://www.help-for-rivne-ukraine.org,200,0,False,301,False,False,False,False,True,False,82,0,0,1,1,2022-03-01,"['https://www.instagram.com/help_ukraine_wir_werk', 'https://wir-werk.org', 'https://www.paypal.com/donate/?hosted_button_id=QVY79NEKYHDT6', 'https://ecoclubrivne.org', 'https://resforukraine.eu/index.html', 'https://cookiedatabase.org/tcf/purposes']"
21.64,1,0,0,0,1,1,23.0,0.0,0.0,0.0,0,0,0,0,0.01,14,0.0,0,0,0,1,0,0,1,0,1,0,2,2,2,0,2,2,0,helpforukraine.at,at,https://www.helpforukraine.at,200,0,False,200,False,False,False,False,False,False,0,0,0,1,1,2022-03-01,['http://fruitionsite.com']
82.22,1,0,0,0,3,6,44.0,19.17,0.17,0.33,0,0,0,0,0.02,14,0.0,0,0,0,1,0,0,1,0,0,0,0,0,0,0,0,0,0,helpforukraine.ca,ca,https://www.helpforukraine.ca,200,0,False,200,False,False,False,False,True,False,55,1,0,0,1,2022-02-26,"['https://www.canadahelps.org/en/charities/friends-of-the-mennonite-centre-in-ukraine', 'https://www.mennonitecentre.ca', 'https://www.facebook.com/helpforukraine.ca', 'https://www.instagram.com/helpforukraine.ca', 'https://wordpress.com/?ref=footer_custom_svg', 'https://wp.me/PdJXWn-g']"
52.52,1,0,0,0,2,2,28.0,13.0,0.0,0.0,0,0,0,0,0.12,14,0.0,0,0,0,1,0,0,1,0,0,0,0,0,0,0,0,0,1,helpforukraine.co,co,https://www.helpforukraine.co,-1,0,False,200,True,False,False,False,True,False,99,0,0,1,1,2022-03-03,"['https://dan.com', 'https://www.trustpilot.com/review/dan.com']"
52.6,1,0,0,0,2,2,28.0,13.0,0.0,0.0,0,0,1,0,0.29,14,0.0,0,0,0,1,0,0,1,0,0,1,0,2,0,0,2,0,1,helpforukraine.us,us,https://www.helpforukraine.us,-1,0,False,200,True,False,False,False,True,False,99,0,0,1,0,2022-03-30,"['https://dan.com', 'https://www.trustpilot.com/review/dan.com']"
52.34,1,0,0,0,1,7,50.0,15.52,0.0,0.43,0,0,0,1,0.05,24,0.0,0,0,1,1,0,0,1,0,0,0,2,2,2,0,2,2,0,helpforukraineappealfund.org.uk,org.uk,https://www.helpforukraineappealfund.org.uk,200,0,False,200,False,False,False,False,False,False,0,1,0,0,1,2022-06-10,"['https://www.facebook.com/profile.php?id=100089016901187', 'https://twitter.com/UkraineAppealUK', 'https://www.kindlink.com/charity/Help-for-Ukraine-Appeal-Fund/profile', 'https://cafdonate.cafonline.org/22341#!/DonationDetails', 'https://www.yell.com/biz/help-for-ukraine-appeal-fund-brough-10562956', 'https://www.instagram.com', 'https://www.kualo.com/free-charity-hosting']"
13.49,1,0,0,0,1,2,49.0,26.0,0.0,0.0,0,0,1,0,0.01,21,0.0,3,0,0,1,0,0,1,0,0,0,2,2,2,0,2,2,0,help-for-ukraine-sachsen.de,de,https://www.help-for-ukraine-sachsen.de,200,0,False,200,False,False,False,False,False,False,0,0,0,1,1,2022-04-20,"['https://buergerbeteiligung.sachsen.de/portal/smi/beteiligung/themen/1028468', 'https://www.sachscom.de']"
184.72,1,1,0,1,8,4,102.75,119.69,0.0,0.75,0,0,0,0,0.55,17,0.0,0,0,0,1,0,0,1,0,0,0,0,2,0,0,0,0,0,helpforukrainians.info,info,https://www.helpforukrainians.info,200,0,False,200,False,False,False,False,True,False,55,0,0,1,1,2022-07-23,"['https://urldefense.com/v3/__https:/ec.europa.eu/info/strategy/priorities-2019-2024/stronger-europe-world/eu-solidarity-ukraine/eu-assistance-ukraine/information-people-fleeing-war-ukraine_en__;!!GFN0sa3rsbfR8OLyAw!bADizaLsf4iqY3DUEOwMQHry8d5_bicDlplu3JFeqzvL2NfZBScbxfxHuYMtxJcXDLVVQgGvmaqYogBuOFwFgAXbsfGxCBs$', 'https://en-gb.facebook.com/osce.org', 'https://twitter.com/osce_cthb', 'https://www.linkedin.com/company/osce']"
0.11,1,0,0,0,1,0,0.0,0.0,0.0,0.0,0,0,0,0,0.05,17,0.0,0,0,0,1,0,0,1,0,0,1,1,1,1,1,1,1,1,helpforukrainians.org,org,https://www.helpforukrainians.org,200,1,False,200,True,False,False,False,True,False,90,0,0,1,0,2022-02-27,[]
280.19,1,0,0,1,13,4,50.0,25.7,0.0,0.5,0,0,0,0,0.16,19,0.0,0,0,0,1,0,1,0,0,0,0,0,0,0,0,0,0,0,helpheroesofukraine.com,com,https://www.helpheroesofukraine.com,200,0,False,301,False,False,False,False,False,False,85,0,0,1,1,2022-03-05,"['https://www.facebook.com/helpheroesofukraine', 'https://www.instagram.com/helpheroesofukraine', 'https://www.amazon.com/registries/custom/23BRN2X3LLDNO/guest-view?ref=gr_search_page_result', 'https://bfgitech.com']"
91.56,1,0,1,0,53,2,35.0,9.0,0.5,0.0,0,0,0,0,0.05,26,0.0,0,0,0,1,0,0,0,0,0,0,0,0,0,0,2,0,0,helpingdisplacedukrainians.org,org,https://www.helpingdisplacedukrainians.org,200,0,False,200,False,False,False,False,True,False,61,1,0,0,1,2022-05-02,"['https://gofund.me/a9713a6f', 'https://www.vecteezy.com/free-vector/ukraine']"
44.23,1,0,0,0,5,4,40.75,18.67,0.0,0.5,0,0,0,0,0.05,22,0.0,0,0,0,1,0,0,1,0,0,0,2,2,2,0,0,2,0,helpinghandsforukraine.org,org,https://www.helpinghandsforukraine.org,403,0,False,200,False,False,False,False,False,False,0,0,0,1,1,2022-03-04,"['https://www.facebook.com/OpenVereinGermany/photos/?ref=page_internal', 'https://www.instagram.com/helpinghandsforukraine', 'https://open-verein.de', 'https://www.jazzunique.de']"
7.86,1,0,0,0,1,1,21.0,0.0,0.0,0.0,0,0,0,0,0.01,14,0.0,0,0,0,1,0,0,0,0,0,0,2,2,2,0,2,2,0,helpingukraine.nl,nl,https://www.helpingukraine.nl,200,0,False,200,False,False,False,False,False,False,0,0,0,1,0,2022-03-18,['https://www.xynta.com']
45.3,1,0,0,0,3,0,0.0,0.0,0.0,0.0,0,0,1,0,0.08,14,0.0,0,0,0,1,0,0,0,0,0,0,0,0,0,0,1,0,0,helpingukraine.pl,pl,https://www.helpingukraine.pl,-1,0,False,200,False,False,False,False,True,False,61,0,1,0,1,2022-03-04,[]
81.44,1,0,0,0,14,7,59.14,22.19,0.0,0.71,0,0,1,0,0.29,14,0.0,0,0,0,1,0,0,0,0,0,0,0,2,2,0,0,0,0,helpingukraine.us,us,https://www.helpingukraine.us,200,0,False,301,False,False,False,False,True,False,55,0,0,1,1,2022-07-16,"['https://cfneg.fcsuite.com/erp/donate/create/fund?funit_id=3442', 'https://www.facebook.com/Helpingukraine.us', 'https://instagram.com/helpingukraine.us?igshid=YmMyMTA2M2Y=', 'https://twitter.com/HelpingUkraine2', 'https://www.linkedin.com/company/helping-ukraine-us', 'https://www.youtube.com/channel/UChRPPrjgN3f7Sh4oMN2wgSA', 'https://www.ajc.com/neighborhoods/gwinnett/three-metro-atlanta-men-helping-ukraine/RDUYTZXVJFAFDNFDSPTBN5N3TA']"
10.24,1,0,0,0,6,0,0.0,0.0,0.0,0.0,0,0,0,1,0.05,24,0.0,0,0,0,1,0,0,0,0,0,0,1,1,1,1,1,1,0,helpingukrainianchildren.org.uk,org.uk,https://www.helpingukrainianchildren.org.uk,-1,0,False,200,False,False,False,False,False,False,0,0,0,1,1,2022-04-06,[]
0.11,1,0,0,0,1,0,0.0,0.0,0.0,0.0,0,0,0,0,0.05,17,0.0,0,0,0,1,0,0,0,0,0,1,1,1,1,1,1,1,1,helpingukrainians.org,org,https://www.helpingukrainians.org,200,1,False,200,True,False,False,False,True,False,90,1,0,0,0,2022-04-03,[]
144.07,1,0,0,1,4,9,48.0,26.09,0.0,0.22,0,0,0,0,0.16,20,0.0,0,0,0,1,0,0,0,0,1,0,0,0,0,0,0,0,0,helpmusiciansukraine.com,com,https://www.helpmusiciansukraine.com,200,0,False,200,False,False,False,False,True,False,55,0,1,0,0,2022-03-14,"['https://byom.host', 'https://www.facebook.com/helpmusiciansukraine', 'https://www.instagram.com/helpmusiciansukraine', 'https://linktr.ee/helpmusiciansukraine', 'https://go.beyourownmanager.com', 'https://aec-music.eu/supporting-ukrainian-refugees', 'https://find-mushroom.com/for-ukraine', 'https://austria.org.pl/wydarzenia/lunchtime-concerts', 'http://www.squarespace.com?channel=word_of_mouth&subchannel=customer&source=footer&campaign=4fd1028ee4b02be53c65dfb3']"
128.75,1,0,0,0,2,2,30.0,8.0,0.5,0.0,0,0,0,0,0.05,14,0.0,0,0,0,1,0,0,0,0,1,0,0,0,0,0,0,0,0,helpoutukraine.org,org,https://www.helpoutukraine.org,200,0,False,200,False,False,False,False,True,False,55,0,1,0,0,2022-03-04,"['https://wordpress.com/?ref=footer_blog', 'https://wp.me/PdLuH1-m']"
128.75,0,0,0,0,1,3,28.67,6.8,0.33,0.0,0,0,0,0,0.05,14,0.0,2,0,0,1,0,0,0,0,0,0,0,0,0,0,0,0,0,help-out-ukraine.org,org,https://www.help-out-ukraine.org,200,0,False,200,False,False,False,False,True,False,55,0,0,1,0,2022-03-03,"['https://helpoutukraine.org', 'https://wordpress.com/?ref=footer_blog', 'https://wp.me/PdLuH1-m']"
4.14,1,0,0,0,1,0,0.0,0.0,0.0,0.0,0,0,0,0,0.05,22,0.0,0,0,0,1,0,0,0,0,0,0,1,1,1,1,1,1,1,helppeopleleaveukraine.org,org,https://www.helppeopleleaveukraine.org,200,0,False,200,False,False,False,False,True,False,82,0,1,0,1,2022-02-26,[]
14.71,1,0,0,0,1,3,30.67,11.73,0.0,0.33,0,0,0,0,0.16,18,0.0,0,0,0,1,0,0,1,0,0,0,2,2,2,0,2,2,0,helprestoreukraine.com,com,https://www.helprestoreukraine.com,-1,0,False,200,False,False,False,False,False,False,0,0,0,1,1,2022-07-03,"['https://www.facebook.com/groups/357401843174123', 'https://ua.meest.com', 'https://novaposhta.ua/eng']"
107.82,1,0,0,0,11,1,22.0,0.0,0.0,0.0,0,0,0,0,0.16,15,0.0,0,0,0,1,0,0,0,0,1,0,0,0,0,0,0,0,0,helpsaveukraine.com,com,https://www.helpsaveukraine.com,200,0,False,200,False,False,False,False,False,False,0,0,0,1,0,2022-02-27,['https://siteorigin.com']
817.98,1,0,0,0,7,2,32.5,13.5,0.0,0.0,0,0,0,0,0.05,15,0.0,0,0,0,1,0,0,0,0,0,1,0,0,0,0,0,0,0,helpsaveukraine.org,org,https://www.helpsaveukraine.org,200,0,False,200,False,False,False,False,True,False,55,0,0,1,1,2022-02-26,"['http://www.afpc.org', 'https://wix.com/?utm_campaign=vir_created_with']"
145.15,1,0,1,0,2,3,59.67,37.37,0.0,0.0,0,0,0,0,0.16,18,0.0,0,0,0,1,0,0,0,0,1,0,0,0,0,0,0,0,0,helpsaveukraineaid.com,com,https://www.helpsaveukraineaid.com,200,0,False,200,False,False,False,False,True,False,55,0,0,1,0,2022-06-30,"['https://saveukraineaid.com/wp-content/uploads/2022/03/5tgdhf-pl3adgmf6ovlyoxl0okocf1sfgkwxoh25shtfm2y4w.jpeg', 'https://www.unocha.org/our-work/humanitarian-financing', 'http://www.un.org']"
150.75,0,1,0,0,1,4,31.5,5.59,0.25,0.0,0,0,0,0,0.16,14,0.0,0,0,0,1,0,0,0,0,1,0,0,0,0,0,0,0,0,helptheukraine.com,com,https://www.helptheukraine.com,200,0,False,200,False,False,False,False,False,False,0,0,0,1,0,2022-02-26,"['https://helptheukraine.wordpress.com', 'https://vitrumholland.com/our-venture', 'https://automattic.com/cookies', 'https://wp.me/PdKIjf-nH']"
679.75,1,0,0,0,8,2,56.0,9.0,0.0,0.5,0,0,0,1,0.12,13,0.0,0,0,0,1,0,0,1,0,1,1,0,0,0,0,0,0,0,helptoukraine.co.uk,co.uk,https://www.helptoukraine.co.uk,200,0,False,200,False,False,False,False,True,False,55,0,0,1,0,2022-02-28,"['https://www.justgiving.com/crowdfunding/helpukrainegroupsupport24', 'http://www.facebook.com/helpukrainegroupsupport']"
120.85,1,1,0,0,1,0,0.0,0.0,0.0,0.0,0,0,0,1,0.05,13,0.0,0,0,0,1,0,0,1,0,0,0,0,0,0,0,0,0,0,helptoukraine.org.uk,org.uk,https://www.helptoukraine.org.uk,200,1,False,200,False,False,False,False,True,False,61,0,0,1,0,2022-03-09,[]
173.37,1,0,1,0,6,6,35.0,11.97,0.17,0.67,0,0,0,0,0.01,13,0.0,0,0,0,1,0,0,1,0,0,0,0,0,0,0,0,0,0,helptoukraine.pt,pt,https://www.helptoukraine.pt,200,0,False,200,False,False,False,False,True,False,55,0,0,1,1,2022-03-06,"['https://www.youtube.com/channel/UCB2e-sPlt-VpyogZz9fgVjQ', 'https://t.me/+SHGaw354UzBlNWJi', 'https://www.instagram.com/help2toukraine', 'https://www.facebook.com/AjudaAUcrania', 'https://wfu.world', 'https://tilda.cc/?upm=6766124']"
91.07,1,0,0,0,36,5,39.4,4.03,0.0,0.8,0,0,0,0,0.0,11,0.0,0,0,0,1,0,0,0,0,1,0,0,0,0,0,0,0,0,helpukraine.brussels,brussels,https://www.helpukraine.brussels,200,0,False,200,False,False,False,False,True,False,61,0,1,0,1,2022-03-17,"['https://www.facebook.com/safe.brussels', 'https://twitter.com/Safe_brussels', 'https://be.linkedin.com/company/safe-brussels', 'https://www.instagram.com/safe.brussels', 'https://www.croix-rouge.be/ukraine/accueil']"
269.75,1,1,0,0,5,12,63.92,41.52,0.17,0.33,0,0,0,0,0.03,11,0.0,0,0,0,1,0,0,0,0,1,0,0,0,0,0,0,0,1,helpukraine.center,center,https://www.helpukraine.center,200,1,True,200,False,False,True,True,True,False,100,0,0,1,1,2022-02-28,"['https://www.facebook.com/Help-Ukrainecenter-103019959001623', 'https://www.instagram.com/help_ukraine_center', 'https://docs.google.com/document/d/1_cqRp6ypwHCmIrT9CWXfiXos9zFP5sQWORCP402NEV4/edit?usp=sharing', 'https://www.hucus.org', 'https://zakon.rada.gov.ua/laws/show/86-2004-%D0%BF#Text', 'https://eur-lex.europa.eu/legal-content/PL/TXT/HTML/?from=EN&uri=OJ%3AL%3A2022%3A003%3AFULL&usg=AOvVaw1ykegyJZr7QeXW_xhdRDBP&ved=2ahUKEwi2rMfPwKX6AhXIwosKHZfICm4QFnoECAcQAQ', 'https://t.me/hlpukr2022lublin', 'https://spivdiia.org.ua', 'https://thumb.tildacdn.com/tild6339-6232-4733-a232-363239396539/-/format/webp/Humanitarian_Aid.jpg', 'https://www.youtube.com/hashtag/huc_here_i_am', 'https://podcasts.apple.com/ua/podcast/transit-zone-between-past-and-future/id1620539382', 'https://goo.gl/maps/G935RwJqGuWy29y36']"
1.07,1,0,0,0,1,0,0.0,0.0,0.0,0.0,0,0,1,0,0.21,11,0.0,0,0,0,1,0,0,0,0,1,0,1,1,1,1,1,1,1,helpukraine.cloud,cloud,https://www.helpukraine.cloud,-1,0,False,200,False,False,False,False,True,False,75,0,0,1,1,2022-03-01,[]
140.47,1,0,0,0,12,10,51.0,25.6,0.0,0.3,1,0,0,1,0.16,11,0.0,0,0,0,1,0,0,0,0,1,0,0,0,0,0,0,0,0,helpukraine.com.pl,com.pl,https://www.helpukraine.com.pl,200,0,False,301,False,False,False,False,False,False,35,0,0,1,1,2022-03-01,"['https://www.facebook.com/instytutwolnosci', 'https://twitter.com/instwolnosci', 'https://www.linkedin.com/company/instytut-wolnosci', 'https://gogetfunding.com/support-to-ukrainian-refugees-free-legal-and-psychological-assistance', 'https://dsklegal.pl/artykuly/specustawa-o-pomocy-obywatelom-ukrainy', 'https://ukraina.interwencjaprawna.pl/#faq', 'https://www.gov.pl/web/udsc/ukraina2', 'https://ukrainskidom.pl', 'https://instytutwolnosci.pl', 'https://docs.google.com/forms/d/e/1FAIpQLSd3zFJAb4SHAVHcqbg6h2gLgrhmA7eF9eVckNWmy1kbuGW4Yw/viewform']"
657.39,1,0,0,0,4,7,44.29,34.8,0.0,0.29,0,1,0,0,0.01,11,0.0,0,0,0,1,0,0,0,0,0,0,0,0,0,0,0,0,0,helpukraine.community,community,https://www.helpukraine.community,404,0,False,200,False,False,False,False,False,False,0,0,0,1,0,2022-04-26,"['https://www.paypal.com/signin?returnUri=https%3A%2F%2Fwww.paypal.com%2Fmep%2Fmerchantredirect', 'https://www.okko.ua', 'https://www.nau.center', 'https://sfactor.com.ua', 'https://754f04a7-9cf7-4c9a-8e78-b400c368ce2c.filesusr.com/ugd/57bc66_625194fd2f954cc89b58bc763c77451c.pdf', 'https://www.instagram.com', 'https://www.facebook.com']"
19.78,1,0,0,0,9,1,34.0,0.0,0.0,0.0,0,0,0,0,0.01,11,0.0,0,0,0,1,0,0,0,0,0,0,2,2,2,0,2,2,0,helpukraine.cz,cz,https://www.helpukraine.cz,200,0,False,200,False,False,False,False,False,False,35,0,0,1,1,2022-02-26,['https://www.gmmedia.cz/web-na-miru']
47.39,1,0,1,0,9,0,0.0,0.0,0.0,0.0,0,0,0,0,0.01,11,0.0,1,0,0,1,0,0,0,0,0,0,0,0,0,0,1,0,0,help-ukraine.dev,dev,https://www.help-ukraine.dev,200,0,False,200,False,False,False,False,True,False,55,0,0,1,1,2022-03-04,[]
1.06,1,0,0,0,1,0,0.0,0.0,0.0,0.0,0,0,0,0,0.03,11,0.0,0,0,0,1,0,0,0,0,0,1,1,1,1,1,1,1,1,helpukraine.fr,fr,https://www.helpukraine.fr,-1,0,False,200,False,False,False,False,True,False,95,0,0,1,1,2022-02-27,[]
95.42,0,0,0,0,1,10,69.5,56.83,0.2,0.1,0,0,1,0,0.25,11,0.0,0,0,0,1,0,0,0,0,0,0,2,2,0,0,0,0,0,helpukraine.help,help,https://www.helpukraine.help,200,0,False,200,False,False,False,False,False,False,0,0,0,1,1,2022-03-02,"['https://helpukraine301420176.wordpress.com', 'https://twitter.com/hashtag/UKRAINE?src=hash&ref_src=twsrc%5Etfw', 'https://t.co/LVJTkpVzjq', 'https://www.cnn.com/2022/03/25/europe/ukraine-mariupol-theater-dead-intl/index.html', 'https://www.bbc.com/news/world-europe-61003878', 'https://help.rescue.org/donate/ukraine-acq?ms=gs_ppc_fy22_ukraine_mmus_feb&initialms=gs_ppc_fy22_ukraine_mmus_feb&gclid=CjwKCAjw9LSSBhBsEiwAKtf0n7iSDTs1sKozG0SuV27M-dvDhJBj_7x9IMVtjOxgiOQ9zWkf1K7T8BoCaQ0QAvD_BwE&gclsrc=aw.ds', 'https://www.npr.org/2022/02/25/1082992947/ukraine-support-help', 'https://www.theatlantic.com/family/archive/2022/04/help-ukraine-donations-effective-altruism/629453', 'https://automattic.com/cookies', 'https://wp.me/PdL7Nu-2']"
114.06,1,0,0,0,18,0,0.0,0.0,0.0,0.0,0,0,1,0,0.25,11,0.0,1,0,0,1,0,0,0,0,0,0,0,0,0,0,0,0,0,help-ukraine.help,help,https://www.help-ukraine.help,200,0,False,200,False,False,False,False,True,False,72,0,0,1,1,2022-03-01,[]
6.63,1,0,0,0,2,0,0.0,0.0,0.0,0.0,0,0,0,0,0.02,11,0.0,1,0,0,1,0,0,0,0,0,0,1,1,1,1,1,1,0,help-ukraine.io,io,https://www.help-ukraine.io,200,0,False,200,False,False,False,False,False,False,0,0,0,1,1,2022-02-27,[]
162.72,1,1,0,0,20,0,0.0,0.0,0.0,0.0,0,0,0,0,0.02,11,0.0,0,0,0,1,0,0,0,0,0,0,0,0,0,0,0,0,0,helpukraine.is,is,https://www.helpukraine.is,200,0,False,200,False,False,False,False,False,False,0,1,0,0,0,2022-03-08,[]
106.58,1,1,0,0,2,3,23.0,0.82,0.0,0.0,0,0,0,0,0.02,11,0.0,0,0,0,1,0,0,0,0,1,0,0,0,0,0,0,0,0,helpukraine.jetzt,jetzt,https://www.helpukraine.jetzt,200,1,False,200,False,False,False,False,False,False,40,0,0,1,0,2022-03-02,"['http://tvoya-opora.org', 'https://centersocial.org', 'https://agency21.com.ua']"
161.64,1,1,0,1,36,0,0.0,0.0,0.0,0.0,0,0,0,0,0.01,11,0.0,0,0,0,1,0,0,0,0,1,0,0,0,0,0,0,0,0,helpukraine.lt,lt,https://www.helpukraine.lt,200,0,False,200,False,False,False,False,True,False,61,0,0,1,1,2022-03-06,[]
469.29,1,0,0,0,5,3,42.67,17.63,0.33,0.33,0,0,0,0,0.01,11,0.0,1,0,0,1,0,0,0,0,0,0,0,0,0,0,0,0,0,help-ukraine.lu,lu,https://www.help-ukraine.lu,200,1,False,200,False,False,False,False,False,False,0,1,0,0,0,2022-03-30,"['http://surl.li/bnaru', 'https://www.instagram.com/p/CbIYnJfogG7/?utm_medium=share_sheet', 'https://wix.com?utm_campaign=vir_created_with']"
218.01,0,0,0,0,2,3,35.0,8.16,0.0,0.67,0,0,0,0,0.01,11,0.0,0,0,0,1,0,0,0,0,1,0,0,0,0,0,0,0,0,helpukraine.lv,lv,https://www.helpukraine.lv,200,0,False,200,False,False,False,False,False,False,35,0,0,1,0,2022-03-06,"['https://www.tavidraugi.lv', 'https://www.facebook.com/tavidraugi', 'https://www.instagram.com/biedriba.tavidraugi']"
0.11,1,0,0,0,1,1,29.0,0.0,0.0,0.0,0,0,0,0,0.11,11,0.0,0,0,0,1,0,0,0,0,1,1,2,2,2,0,2,2,0,helpukraine.me,me,https://www.helpukraine.me,-1,0,False,200,False,False,False,False,False,False,40,0,0,1,0,2022-02-26,['https://it1.doctortrial.com/l']
1.06,1,0,0,0,1,0,0.0,0.0,0.0,0.0,0,0,0,0,0.01,11,0.0,0,0,0,1,0,0,0,0,0,1,1,1,1,1,1,1,1,helpukraine.nl,nl,https://www.helpukraine.nl,-1,0,False,200,False,False,False,False,True,False,75,0,0,1,0,2022-02-27,[]
173.44,1,1,0,0,7,1,37.0,0.0,0.0,0.0,0,0,0,0,0.01,11,0.0,1,0,0,1,0,0,0,0,0,0,0,0,0,0,0,0,0,help-ukraine.nl,nl,https://www.help-ukraine.nl,200,0,False,200,False,False,False,False,False,False,40,1,0,0,1,2022-03-02,['https://www.ukrainians.nl/language/nl']
147.05,1,0,0,0,7,4,57.25,26.18,0.0,0.5,0,0,0,0,0.01,11,0.0,1,0,0,1,0,0,0,0,1,0,0,0,0,0,0,0,0,help-ukraine.nu,nu,https://www.help-ukraine.nu,200,0,False,200,False,False,False,False,False,False,0,1,0,0,0,2022-03-01,"['https://www-help--ukraine-nu.translate.goog?_x_tr_hl=da&_x_tr_pto=wapp&_x_tr_sl=auto&_x_tr_tl=en', 'https://www.facebook.com/Project-Help-Ukraine-NOW-105866915388594', 'https://www.linkedin.com/company/84050341', 'https://www.bevarukraine.dk']"
111.99,1,0,0,0,7,1,57.0,0.0,0.0,1.0,0,0,0,1,0.05,11,0.0,0,0,0,1,0,0,0,0,0,0,0,0,0,0,0,0,0,helpukraine.org.au,org.au,https://www.helpukraine.org.au,200,0,False,200,False,False,False,False,True,False,55,0,0,1,1,2022-07-07,['https://www.facebook.com/Help-Ukraine-Ltd-112782951489719']
36.98,1,0,0,0,16,3,35.33,9.46,0.0,0.33,0,0,0,0,0.15,11,0.0,0,0,0,1,0,0,0,0,0,0,2,2,2,0,0,2,0,helpukraine.social,social,https://www.helpukraine.social,-1,0,False,200,False,False,False,False,False,False,0,0,0,1,1,2022-03-02,"['https://www.youtube.com/watch?v=BWf-eARnf6U', 'https://www.joomla.org', 'https://www.gnu.org/licenses/gpl-2.0.html']"
0.11,1,0,0,0,1,0,0.0,0.0,0.0,0.0,0,0,0,0,0.02,11,0.0,0,0,0,1,0,0,0,0,0,0,1,1,1,1,1,1,0,helpukraine.team,team,https://www.helpukraine.team,-1,0,False,200,False,False,False,False,False,False,72,1,0,0,0,2022-03-09,[]
1393.87,1,1,0,0,3,4,35.0,5.48,0.25,0.5,0,0,1,0,0.1,11,0.0,1,0,0,1,0,0,0,0,1,0,0,0,0,0,0,0,0,help-ukraine.today,today,https://www.help-ukraine.today,200,0,False,200,False,False,False,False,False,False,77,0,0,1,1,2022-03-01,"['https://www.instagram.com/helpukraine.today', 'https://twitter.com/HelpUaToday', 'https://goo.gl/maps/MmhuXwhn8V9uuYEZ6', 'http://www.save-ukraine.today']"
36.02,1,0,0,0,2,2,68.0,27.0,0.0,0.0,0,0,1,0,0.29,11,0.0,0,0,0,1,0,0,0,0,0,0,2,2,2,0,0,2,1,helpukraine.us,us,https://www.helpukraine.us,200,1,False,200,True,True,False,False,True,False,85,0,0,1,1,2022-02-26,"['https://dan.com/?utm_campaign=Parking&utm_medium=parking&utm_source=.us&utm_term=helpukraine.us', 'https://www.trustpilot.com/review/dan.com']"
1.19,1,0,0,0,1,0,0.0,0.0,0.0,0.0,0,0,1,0,0.29,11,0.0,1,0,0,1,0,0,0,0,0,1,1,1,1,1,1,1,1,help-ukraine.us,us,https://www.help-ukraine.us,-1,0,False,200,False,False,False,False,True,False,95,0,0,1,1,2022-03-06,[]
28.86,1,0,0,0,16,27,32.07,11.64,0.04,0.15,0,0,0,0,0.05,11,0.154,0,0,0,1,0,0,0,0,0,0,2,2,2,0,2,2,0,helpukraine22.org,org,https://www.helpukraine22.org,200,0,False,200,False,False,False,False,False,False,77,1,0,0,0,2022-02-28,"['https://www.facebook.com/operationpalyanytsya', 'https://www.instagram.com/operation.palyanytsya', 'https://www.linkedin.com/company/helpukraine22', 'https://www.youtube.com/channel/UCRjkNE-vZ0bn3Xp412KP0VA', 'https://givebutter.com/MnOrxc', 'https://maps.app.goo.gl/cCLirXMz5pbLzPfH7', 'https://www.committeeforopendemocracy.org', 'https://www.americaswarriorpartnership.org', 'https://vboabu.org.ua', 'https://benevity.com', 'https://www.carlsberggroup.com', 'https://clickup.com', 'https://www.crai.com', 'https://www.doterra.com/IN/en_IN/healing-hands-foundation', 'https://aid.edopomoga.gov.ua', 'https://my.meest.us/en', 'https://www.msp.gov.ua/en', 'https://www.narescue.com', 'https://www.wework.com', 'https://bleedstop.com', 'https://horizoncapital.com.ua', 'https://www.concentric.io/188foundation', 'https://www.novo.lviv.ua/en/novohelp/general', 'https://www.wmgrassiewines.com', 'https://davidsonstrategies.com', 'https://golaw.ua', 'https://mcdesign.ua/ua']"
31.79,1,0,0,0,3,0,0.0,0.0,0.0,0.0,0,0,0,0,0.16,18,0.0,0,0,0,1,0,1,0,0,0,0,0,0,0,0,1,0,0,helpukrainearmynow.com,com,https://www.helpukrainearmynow.com,-1,0,False,200,False,False,False,False,True,False,55,1,0,0,1,2022-04-26,[]
26.5,1,0,0,0,1,5,91.4,83.82,0.0,0.0,0,0,0,0,0.05,17,0.0,0,0,0,1,0,0,0,0,0,1,2,2,2,0,0,2,0,helpukrainecenter.org,org,https://www.helpukrainecenter.org,-1,0,False,200,False,False,False,False,True,False,55,0,0,1,0,2022-03-24,"['https://forms.monday.com/forms/03908574c83f74dc1c990bf6eb9a922d?r=use1', 'https://malteser.ua', 'https://mikolaj.org.pl/?fbclid=IwAR1d37s1nFXX0y3JTATrj8nqyfZnbkJq_MP6ol43Tt8otT_GSCe3HgvUSyM', 'https://pomocmaltanska.org', 'https://maps.google.com/maps?f=q&source=embed&hl=en&geocode=&q=Twitter,+Inc.,+Market+Street,+San+Francisco,+CA&aq=0&oq=twitter&sll=28.659344,-81.187888&sspn=0.128789,0.264187&ie=UTF8&hq=Twitter,+Inc.,+Market+Street,+San+Francisco,+CA&t=m&z=15&iwloc=A']"
33.17,1,0,0,0,23,2,70.5,16.5,0.0,0.0,0,0,0,1,0.12,19,0.0,0,0,0,1,0,0,0,0,0,0,2,2,2,0,2,2,1,helpukrainechildren.co.uk,co.uk,https://www.helpukrainechildren.co.uk,-1,0,False,200,False,False,False,False,True,False,82,1,0,0,1,2022-03-02,"['https://login.1and1-editor.com/844734034/www.helpukrainechildren.co.uk/gb?pageId=353485', 'https://128.sb.mywebsite-editor.com/app/cms/logout.php']"
38.38,1,0,0,0,5,5,42.8,21.32,0.0,0.6,0,0,0,0,0.05,17,0.0,0,0,0,1,0,0,0,0,0,0,2,2,2,0,0,2,0,helpukrainedonbas.org,org,https://www.helpukrainedonbas.org,200,0,False,301,False,False,False,False,False,False,0,0,0,1,1,2022-07-08,"['https://www.facebook.com/help.ua.donbas', 'https://www.instagram.com/help.ua.donbas/?igshid=YmMyMTA2M2Y%3D', 'https://www.linkedin.com/company/help-ukraine-donbas/?viewAsMember=true', 'https://kozak-craft.com.ua', 'https://mmix.ua']"
101.35,1,0,0,0,5,1,40.0,0.0,0.0,0.0,0,0,0,0,0.05,13,0.0,1,0,0,1,0,0,0,0,0,0,0,0,0,0,0,0,1,helpukraine-ev.org,org,https://www.helpukraine-ev.org,200,0,False,200,False,False,False,False,True,False,82,0,0,1,1,2022-04-28,['https://sway.office.com/Xk1c4A9xus74TgDv']
55.35,1,0,0,0,14,1,79.0,0.0,0.0,0.0,0,0,0,0,0.05,17,0.0,0,0,0,1,0,0,0,0,1,0,2,2,2,0,0,2,0,helpukrainegeneva.org,org,https://www.helpukrainegeneva.org,200,0,False,200,False,False,False,False,False,False,0,0,0,1,0,2022-03-02,['https://www.helloasso.com/associations/help-ukraine-geneva/formulaires/1/widget']
54.8,1,0,0,0,4,2,56.0,23.0,0.0,0.0,0,0,0,0,0.05,17,0.0,2,0,0,1,0,0,0,0,1,0,2,2,2,0,0,2,0,help-ukraine-geneva.org,org,https://www.help-ukraine-geneva.org,-1,0,False,200,False,False,False,False,False,False,0,0,0,1,1,2022-03-03,"['https://www.helpukrainegeneva.org', 'https://www.helloasso.com/associations/help-ukraine-geneva/formulaires/1/widget']"
71.96,1,1,0,0,4,4,66.5,57.73,0.25,0.5,0,0,1,0,0.06,17,0.0,0,0,0,1,0,0,0,0,0,0,2,2,2,0,0,2,0,helpukrainehorses.eu,eu,https://www.helpukrainehorses.eu,200,0,False,200,False,False,False,False,False,False,0,0,0,1,0,2022-02-28,"['https://instagram.com/helpukrainehorses', 'https://www.facebook.com/helpuahorses', 'https://wordpress.com/log-in?redirect_to=https%3A%2F%2Fr-login.wordpress.com%2Fremote-login.php%3Faction%3Dlink%26back%3Dhttps%253A%252F%252Fhelpukrainehorses.eu%252F', 'https://wp.me/PdL0la-1hs']"
1.19,1,0,0,0,1,0,0.0,0.0,0.0,0.0,0,0,0,0,0.16,14,0.0,0,0,0,1,0,0,0,0,0,1,1,1,1,1,1,1,1,helpukrainehub.com,com,https://www.helpukrainehub.com,-1,0,False,200,False,False,False,False,True,False,95,0,0,1,1,2022-03-29,[]
593.89,1,0,0,0,10,4,32.25,8.44,0.25,0.75,0,0,0,0,0.05,14,0.0,0,0,0,1,0,0,0,0,1,0,0,0,0,0,0,0,0,helpukrainehub.org,org,https://www.helpukrainehub.org,200,0,False,200,False,False,False,False,False,False,0,0,0,1,1,2022-03-04,"['https://www.facebook.com/HelpUkraineHub', 'https://www.instagram.com/help_ukraine_hub', 'http://t.me/helpukrainehub', 'https://ua.weblium.com']"
527.18,1,1,0,0,8,0,0.0,0.0,0.0,0.0,0,0,0,0,0.01,19,0.0,2,0,0,1,0,0,0,0,1,0,0,0,0,0,0,0,0,help-ukraine-montreux.ch,ch,https://www.help-ukraine-montreux.ch,200,0,False,200,False,False,False,False,False,False,0,0,0,1,1,2022-05-05,[]
105.46,1,0,0,0,57,3,125.33,131.3,0.0,0.0,0,0,0,0,0.16,17,0.0,0,0,0,1,0,0,0,0,0,0,2,2,2,0,0,2,0,helpukrainemorden.com,com,https://www.helpukrainemorden.com,200,0,False,200,False,False,False,False,False,False,0,0,0,1,0,2022-03-24,"['https://checkout.stripe.com/pay/cs_live_a1FQqPF1q3OrQcaOugbQMj81e92HG3KcAIzO1NsOfD1QjDTgVm6KJzIFiL#fidkdWxOYHwnPyd1blppbHNgWjA0TnNRR3BJRDdKQDQ0MFNpa0NVU25rZ0FrY31oNjFRbFxrR0Q0Sl1SN3VcPDZRMHZsUzM3ZGJOVDY3VzNdQklqNk1Ibm5PaTBIUmtkbnRXR0BpMm5jZ0FcNTViR2ltNjFfUicpJ3VpbGtuQH11anZgYUxhJz8nM2pANDBtPWpLM0w8PGZEPXJyJ3gl', 'https://policies.google.com/privacy', 'https://thunderstrucksales.com']"
0.83,1,0,0,0,1,0,0.0,0.0,0.0,0.0,0,0,0,0,0.05,15,0.0,0,0,0,1,0,0,0,0,1,0,1,1,1,1,1,1,1,helpukrainenova.org,org,https://www.helpukrainenova.org,200,1,False,200,True,False,False,False,True,False,99,0,1,0,0,2022-03-14,[]
51.64,1,0,0,0,2,2,28.0,13.0,0.0,0.0,0,0,0,0,0.16,14,0.0,0,0,0,1,0,0,0,0,1,1,0,0,0,0,2,0,1,helpukrainenow.com,com,https://www.helpukrainenow.com,200,1,False,200,True,False,False,False,True,False,99,0,0,1,1,2022-02-27,"['https://dan.com', 'https://www.trustpilot.com/review/dan.com']"
242.5,1,0,0,1,10,4,49.5,7.26,0.0,0.5,0,1,0,0,0.02,14,0.0,0,0,0,1,0,0,0,0,1,0,0,0,0,0,0,0,0,helpukrainenow.foundation,foundation,https://www.helpukrainenow.foundation,200,0,False,500,False,False,False,False,False,False,0,0,0,1,0,2022-04-18,"['https://www.facebook.com/helpukrainenowsandiego', 'https://www.instagram.com/helpukrainenow_sandiego', 'https://linktr.ee/helpukrainenow_sandiego', 'https://www.paypal.com/donate/?hosted_button_id=Q8B7U3EV4WSCQ']"
23.39,1,0,1,0,6,5,56.0,23.66,0.2,0.4,1,0,0,0,0.05,18,0.0,0,0,0,1,0,0,0,0,1,0,2,2,2,0,2,2,1,helpukraineromania.org,org,https://www.helpukraineromania.org,200,0,True,200,False,False,True,True,True,False,100,0,0,1,1,2022-03-09,"['https://www.facebook.com/HELP-UKRAINE-ROMANIA-104734322161084', 'https://instagram.com/help_ukraine_romania?utm_medium=copy_link', 'https://docs.google.com/spreadsheets/d/1hbOjiDcWxmRUCha6xdvXPF0L5oipR_f7XR-Mcafieo0/edit#gid=0', 'https://forms.gle/1dnKdPFwGJuKPJ9CA', 'https://giftofthegivers.org']"
185.57,1,0,0,0,15,10,66.9,60.66,0.1,0.4,0,0,0,0,0.16,19,0.0,0,0,0,1,0,0,0,0,1,0,0,0,0,0,0,0,0,helpukrainescotland.com,com,https://www.helpukrainescotland.com,200,0,False,200,False,False,False,False,True,False,55,0,0,1,1,2022-03-10,"['https://www.instagram.com/helpukrainescotland', 'https://www.facebook.com/groups/455651139638352', 'https://twitter.com/HelpUkraineScot', 'https://adulteducationedinburgh.spydus.co.uk/cgi-bin/spydus.exe/ENQ/WPAC/EVSESENQ?ENTRY=ukrainian&ENTRY_NAME=BS&ENTRY_TYPE=K&SORTS=ESD.SDTE%5DESD.STIM&GQ=ukrainian&NRECS=20&QRY=EVSEDTE%3A+%22%3E%3D+TODAY%22&QRYTEXT=Upcoming+events&_SPQ=2', 'https://www.businessinsider.com/putin-announces-military-assault-against-ukraine-in-surprise-speech-2022-2', 'https://www.theguardian.com/world/ukraine', 'https://linktr.ee/resourcesonukraine', 'https://snyder.substack.com/p/how-to-think-about-war-in-ukraine', 'https://t.me/+vSsvEw-pfNA4NDdi', 'https://supportukrainenow.org']"
93.42,1,1,0,0,5,2,104.5,5.5,0.0,0.0,0,0,1,0,0.01,18,0.0,2,0,0,1,0,0,0,0,0,0,2,2,2,0,0,2,0,help-ukraine-springe.de,de,https://www.help-ukraine-springe.de,200,0,False,200,False,False,False,False,False,False,0,0,0,1,1,2022-03-30,"['http://fluechtlingshilfe-muenchen.de/wp-content/uploads/2021/10/Fluechtlingshilfe_Deutschheft_Ukrainisch.pdf\n', 'https://tueftelakademie.de/wp-content/uploads/2022/03/bilderworterbuch-deutsch-ukrainisch-v11.pdf\n']"
0.11,1,0,0,0,1,0,0.0,0.0,0.0,0.0,0,0,0,0,0.16,20,0.0,0,0,0,1,0,0,0,0,1,1,1,1,1,1,1,1,1,helpukrainesurvivors.com,com,https://www.helpukrainesurvivors.com,-1,0,False,200,True,False,False,False,True,False,90,0,0,1,1,2022-03-03,[]
16.55,1,0,0,0,1,7,38.57,21.2,0.0,0.43,0,0,0,0,0.16,16,0.0,0,0,0,1,0,0,0,0,0,1,2,2,2,0,2,2,1,helpukrainetoday.com,com,https://www.helpukrainetoday.com,200,1,False,200,True,False,False,False,True,False,77,0,0,1,1,2022-02-26,"['https://epik.com', 'https://www.facebook.com/sharer.php?u=helpukrainetoday.com', 'https://twitter.com/intent/tweet?url=helpukrainetoday.com', 'https://www.linkedin.com/shareArticle?mini=true&url=helpukrainetoday.com', 'https://anonymize.com', 'https://www.icann.org', 'https://www.domaining.com']"
1.21,1,0,0,0,1,0,0.0,0.0,0.0,0.0,0,0,0,0,0.16,19,0.0,0,0,0,1,0,0,0,0,0,0,1,1,1,1,1,1,0,helpukrainetogether.com,com,https://www.helpukrainetogether.com,200,1,False,200,False,False,False,False,True,False,55,0,0,1,0,2022-02-28,[]
159.9,0,0,0,0,1,3,52.67,9.53,0.0,0.67,0,0,0,0,0.16,14,0.0,0,0,0,1,0,0,0,0,1,0,0,0,0,0,0,0,0,helpukrainevlc.com,com,https://www.helpukrainevlc.com,200,0,False,301,False,False,False,False,False,False,0,1,0,0,1,2022-07-22,"['https://www.facebook.com/groups/helpukrainevlc/?mibextid=c7yyfP', 'https://www.instagram.com/ukraidvalencia', 'https://ukraidvlc.com/index.php/contact-page/about-page']"
1.2,1,0,0,0,1,0,0.0,0.0,0.0,0.0,0,0,0,0,0.16,14,0.0,2,0,0,1,0,0,0,0,0,0,1,1,1,1,1,1,1,help-ukraine-win.com,com,https://www.help-ukraine-win.com,-1,0,False,200,False,False,False,False,True,False,95,0,0,1,0,2022-04-19,[]
86.17,1,1,0,0,3,14,49.29,87.23,0.0,0.07,0,0,0,0,0.05,20,0.0,0,0,0,1,0,0,0,0,0,0,2,2,2,0,0,2,0,helpukrainewinwidget.org,org,https://www.helpukrainewinwidget.org,200,0,False,200,False,False,False,False,True,False,55,0,0,1,1,2022-02-28,"['https://apps.shopify.com/help-ukraine-widget?utm=huw-landing', 'https://uahelp.monobank.ua', 'https://war.ukraine.ua', 'https://jiffsy.co', 'https://gearheart.io', 'https://twitter.com/intent/tweet?url=https%3A%2F%2Fhelpukrainewinwidget.org&text=%23HelpUkraine%20is%20a%20Shopify%20app%20and%20a%20website%20widget%20with%20official%20Ukrainian%20resources%20though%20which%20you%20can%20donate%20and%20support%20Ukraine%3A%0AShare%20HelpUkraine%20widget%20page%20with%20your%20friends%20%26%20community!%0A%23standwithUkraine', 'https://dev.ua', 'https://hey.reface.ai', 'https://www.changeengine.com', 'https://elai.io', 'https://peopleforce.io', 'https://www.smartsuite.com', 'https://upfeed.io', 'https://en.wikipedia.org/wiki/HTTP_cookie']"
625.98,1,0,0,0,1,4,32.25,7.01,0.0,0.75,0,0,0,0,0.16,24,0.0,0,0,0,1,0,0,0,0,0,0,0,0,0,0,0,0,0,helpukrainianchildrenorg.com,com,https://www.helpukrainianchildrenorg.com,200,0,False,200,False,False,False,False,True,False,55,0,1,0,1,2022-04-01,"['http://spot.fund/HELPUKRAINIANCHILDREN', 'https://www.facebook.com/wix', 'https://twitter.com/Wix', 'https://www.linkedin.com/company/wix-com']"
170.27,1,0,0,0,40,4,55.75,16.99,0.0,0.75,0,0,0,0,0.16,22,0.0,0,0,0,1,0,0,0,0,0,0,0,0,0,0,0,0,0,helpukrainianhospitals.com,com,https://www.helpukrainianhospitals.com,200,1,False,200,False,False,False,False,False,False,0,0,0,1,1,2022-04-17,"['https://www.facebook.com/helpukrainianhospitals', 'https://www.instagram.com/helpukrainianhospitals', 'https://donorbox.org/general-donation-303?default_interval=o&hide_donation_meter=true', 'https://www.youtube.com/watch?v=bfAzi6D5FpM']"
34.46,1,0,0,0,29,2,51.5,3.5,0.0,1.0,0,0,0,0,0.16,19,0.0,0,0,0,1,0,0,0,0,1,0,2,2,2,0,0,2,0,helpukrainianpeople.com,com,https://www.helpukrainianpeople.com,200,0,False,200,False,False,False,False,False,False,0,1,0,0,1,2022-03-04,"['https://www.facebook.com/profile.php?id=100091857618131', 'https://www.instagram.com/charity_foundation_hup']"
42.75,1,0,0,0,5,1,24.0,0.0,0.0,0.0,0,0,0,0,0.16,17,0.0,0,0,0,1,0,0,0,0,0,0,0,0,0,0,0,0,0,helpukrainianpets.com,com,https://www.helpukrainianpets.com,-1,0,False,200,False,False,False,False,True,False,61,1,0,0,1,2022-03-03,['https://uk.wordpress.org']
763.96,0,0,0,0,24,1,48.0,0.0,0.0,0.0,0,0,0,0,0.02,14,0.0,0,0,0,1,0,0,0,0,0,0,0,0,0,0,0,0,0,helpukrainians.ca,ca,https://www.helpukrainians.ca,200,0,False,200,False,False,False,False,False,False,0,0,0,1,1,2022-03-04,['https://en.wikipedia.org/wiki/Canadian_Ukrainian']
0.96,1,0,0,0,1,0,0.0,0.0,0.0,0.0,0,0,0,0,0.05,14,0.0,1,0,0,1,0,0,0,0,0,0,1,1,1,1,1,1,1,help-ukrainians.org,org,https://www.help-ukrainians.org,200,0,False,200,False,False,False,False,True,False,75,0,0,1,1,2022-03-05,[]
426.67,1,0,0,0,19,7,46.86,33.2,0.14,0.43,0,0,0,0,0.01,14,0.0,0,0,0,1,0,0,0,0,0,0,0,0,0,0,0,0,0,helpukrainians.ro,ro,https://www.helpukrainians.ro,200,0,False,301,False,False,False,False,False,False,35,0,0,1,0,2022-07-02,"['https://wa.me/40724654927', 'https://buy.stripe.com/fZeg0D2DE1Uh1mE146', 'https://www.instagram.com/p/C5omfz1L9OH', 'https://anpc.ro', 'https://ec.europa.eu/consumers/odr', 'https://www.google.com/maps?ll=45.444545,28.05684&z=18&t=m&hl=ro-RO&gl=US&mapclient=embed&q=Strada+Mihai+Bravu+8+Gala%C8%9Bi', 'https://www.facebook.com/AssociationHelpUkrainians']"
97.84,1,0,0,0,18,7,36.43,11.2,0.0,0.29,0,0,0,1,0.16,23,0.0,0,0,0,1,0,0,0,0,0,0,0,0,0,0,2,0,0,helpukrainiansaustralia.com.au,com.au,https://www.helpukrainiansaustralia.com.au,200,0,False,301,False,False,False,False,False,False,0,0,0,1,0,2022-03-07,"['https://www.facebook.com/UKRAINIANSinSA', 'http://www.ukrainians.org.au', 'https://www.gofundme.com/f/southaustralia-help-ukrainians-here', 'https://defendukraineappeal.org', 'https://www.ukrainecrisisappeal.org', 'https://twitter.com/HelpUkraineAus', 'https://www.belbern.com.au']"
363.0,1,0,0,0,2,2,35.0,0.0,0.5,0.0,1,0,0,0,0.05,22,0.0,0,0,0,1,0,0,0,0,0,0,0,0,0,0,0,0,0,helpukrainiansistanbul.org,org,https://www.helpukrainiansistanbul.org,404,0,False,200,False,False,False,False,True,False,55,0,0,1,1,2022-04-02,"['https://donorbox.org/assist-ukraine', 'https://forms.gle/SQFnz2TaVGEXUWgD6']"
112.12,1,0,0,0,8,1,114.0,0.0,0.0,0.0,0,0,0,0,0.01,18,0.0,0,0,0,0,0,0,1,0,0,1,2,0,2,0,0,0,0,helvetiaforukraine.ch,ch,https://www.helvetiaforukraine.ch,200,0,False,200,False,False,False,False,False,False,0,0,0,1,1,2022-03-29,['http://www.google.com/url?q=http%3A%2F%2Fwww.it.helvetiaforukraine.ch&sa=D&sntz=1&usg=AOvVaw0dYNQa2y9efCdh6ftfLUJS']
20.04,1,0,0,0,1,2,49.0,13.0,0.0,1.0,0,0,0,0,0.03,11,0.0,1,0,0,0,0,0,0,0,0,0,2,2,2,0,0,2,1,hent-ukraine.fr,fr,https://www.hent-ukraine.fr,-1,0,False,200,False,False,False,False,True,False,82,0,0,1,1,2022-06-28,"['https://www.facebook.com/Hentukraine', 'https://help.twitter.com/en/rules-and-policies/twitter-cookies']"
3.4,1,0,0,0,2,0,0.0,0.0,0.0,0.0,0,0,0,0,0.16,18,0.0,0,0,0,0,0,0,1,0,1,0,1,1,1,1,1,1,0,herculesforukraine.com,com,https://www.herculesforukraine.com,200,0,False,200,False,False,False,False,True,False,61,1,0,0,0,2022-03-08,[]
114.23,0,0,0,0,12,4,43.25,2.68,0.0,0.5,0,0,1,0,0.06,15,0.0,2,0,0,0,0,1,0,0,0,0,0,0,0,0,0,0,0,heroes-of-ukraine.eu,eu,https://www.heroes-of-ukraine.eu,200,0,False,200,False,False,False,False,False,False,0,0,0,1,0,2022-03-22,"['https://www.kuigan.de/datenschutzerklaerung', 'https://www.facebook.com/Heroes.of.Ukraine.eu', 'https://www.instagram.com/heroes.of.ukraine.eu', 'https://cookiedatabase.org/tcf/purposes']"
77.29,1,0,0,0,1,1,61.0,0.0,0.0,0.0,0,0,0,0,0.16,13,0.0,0,0,0,0,0,1,0,0,1,0,0,0,0,0,0,0,0,heroesukraine.com,com,https://www.heroesukraine.com,-1,0,False,200,False,False,False,False,True,False,55,1,0,0,1,2022-05-23,['https://www.virtualmin.com/documentation/website-default-page']
640.31,1,0,1,1,41,3,37.33,4.5,0.0,1.0,0,0,0,0,0.05,13,0.0,0,0,0,0,0,1,0,0,1,0,0,0,0,0,0,0,0,heroesukraine.org,org,https://www.heroesukraine.org,200,0,False,200,False,False,False,False,False,False,0,0,0,1,0,2022-05-20,"['https://www.facebook.com/shpolyanskiy', 'https://www.instagram.com/heroesukraine_org', 'https://twitter.com/heroesua_org']"
116.65,1,0,1,1,2,38,85.03,48.21,0.03,0.11,0,0,0,0,0.05,10,0.0,0,0,0,0,0,0,0,0,1,0,2,2,0,0,2,2,1,heyukraine.org,org,https://www.heyukraine.org,200,0,False,200,False,False,False,False,True,True,75,1,0,0,1,2022-02-27,"['https://persollo.com/heyukraine.org/fundraising_aud', 'https://aestudy.com/diploma', 'https://yuliamoiseeva.com.au', 'http://auahelp.com', 'https://docs.google.com/document/d/1XcxLzLv_S4wBhqPsacO2qp1mPDMenwRCXrUE40FOYDM/mobilebasic', 'https://www.bg4ua.com', 'https://chat.whatsapp.com/KR2a4zxrYUtCyoRqqd6PFS', 'https://www.mvcr.cz/clanek/informace-pro-obcany-ukrajiny.aspx?q=Y2hudW09Mg%3d%3d', 'https://www.policie.cz/clanek/hlaseni-pobytu-cizincu.aspx', 'https://uprchlici-vitejte.cz', 'https://www.migrace.com/cs/clanky/1315_sledujeme-situaci-na-ukrajine-a-jsme-pripraveni-pomoci', 'https://czechia.mfa.gov.ua', 'https://www.facebook.com/groups/4777279499049855', 'https://ofpra.gouv.fr/sites/default/files/atoms/files/guide_du_demandeur_d_asile_septembre2020_russe.pdf?fbclid=IwAR3osIYYftn6Ccpp1wWYb4Pa0vesG3oU-woKzo5rLaPQ_mf4AU0r1z2OdsU', 'https://www.berlin.de/willkommenszentrum/ru/etap-1-pribytie/prozedura-polutschenija-statusa-beshenza', 'https://menedek.hu/hirek/mi-tortenik-az-ukrajnabol-menekulokkel?fbclid=IwAR3xBDOJHM4WL49BUB4e3Ha7gLzHCc5nhFDmacV-oB-z2igwZduv82lW0_0', 'https://www.dfa.ie/travel', 'https://www.gov.ie/en/press-release/00aef-minister-mcentee-announces-immediate-lifting-of-visa-requirements-between-ukraine-and-ireland/?fbclid=IwAR0KNE5k_BfjBkF4lYx2rvZ-BvEd5BxX8wQLKvnou2SFKsIBFNB_y1Ma1hw', 'https://t.me/ukraina_transport?fbclid=IwAR1oR1q9C_LuExsxHA-LQ77w_nE6Dk4D6HyKoNCWB7CE_EcAGmjHs7nYLKc', 'https://migracija.lrv.lt/lt/naudinga-informacija/ukraina-ukrayina-ukraina-ukraine/informatsiia-dlia-gromadian-ukrayini?fbclid=IwAR3yYAKipNYLlYkzX-70uNKmOxiT9r3RyeqSshIhB8nz8uY3QevAYQHDShc', 'https://cda.md/uk/2022/02/24/how-to-apply-for-asylum-in-moldova', 'https://twitter.com/hashtag/SalvationArmy?src=hashtag_click', 'https://uarefugees.web.app/#', 'https://www.reuters.com/world/norway-will-offer-collective-protection-ukrainians-says-pm-2022-03-04', 'https://www.regjeringen.no/no/aktuelt/midlertidig-kollektiv-beskyttelse-for-ukrainere/id2903140', 'http://hf.org.pl/ao/index.php?id=2554&fbclid=IwAR02jZPT4_-_lgyDk9yEqxcdnJereXTNKzZZVkHyMoIXb4wv_14hKDicc1Y', 'https://mindgram.com/pl/linia-wsparcia/?fbclid=IwAR12E8bnS9uatFjqqjqTFzR807fAWr9vM-sxOilb5ahQrS4HtmO0Gm1oPwo', 'https://vladgheorghe.ro/ajutor-pentru-refugiatii-ucraineni/?fbclid=IwAR1cz82CIarx_TbDhyAsSsTG-nt3ocBREV9M8wgqXbvt41k_eCBolbhTwRc', 'https://airtable.com/shrJtUmYLB70KGXiS?fbclid=IwAR3OSL18D4P6Bcs3a8zYfPHdjg8muE5-j1vpn_uPVOgk1GgTXl0LdnY9kPA', 'https://sk.usembassy.gov/information-on-entering-slovakia-through-the-external-non-schengen-border', 'https://www.accem.es/donde-estamos-oficinas/?fbclid=IwAR2W_fOc7JFWbkfgP_w4kkeqp4ZdWHw5-1LTJLLlIO6rex_z6AuPem8-WIE', 'https://www.cear.es/donde-estamos/?fbclid=IwAR1aG_Ov1-aG2BwwJb4C5AQjCFJC7VHKJWUyAeiqGfaiNmLksEEL4_vYj2k', 'https://www.cepaim.org/contacto/?fbclid=IwAR1aG_Ov1-aG2BwwJb4C5AQjCFJC7VHKJWUyAeiqGfaiNmLksEEL4_vYj2k', 'https://www2.cruzroja.es/contacto?fbclid=IwAR1NJkYK_Pq0gIbIBdgihTvzg_tSbsiGyir8tkeh1RjyZzBNYSaaTFjYycg', 'http://www.interior.gob.es/web/servicios-al-ciudadano/oficina-de-asilo-y-refugio?fbclid=IwAR0JD3LLXqBksZ4kH56qUcjUdLa3b9VKH-pqefhlGwRuwwGKNBHtKS4FJ8s', 'https://www.policia.es/_es/dependencias_localizador_accesible.php?fbclid=IwAR34FCFNst3Z_Wi1dFAls3hd5np6fwBGx5E2hc2I11Lvaq2XqP65q1tGBgE#li_extranjeria', 'https://www.vox.com/22948699/ukraine-refugee-crisis-us-eu-russia-war', 'https://heylink.me']"
59.88,0,0,0,0,1,0,0.0,0.0,0.0,0.0,0,0,0,0,0.16,14,0.0,0,0,0,0,0,0,1,0,1,0,0,0,0,0,1,0,0,hikeforukraine.com,com,https://www.hikeforukraine.com,200,1,False,200,False,False,False,False,True,False,55,0,0,1,1,2022-04-28,[]
42.22,1,0,0,1,24,0,0.0,0.0,0.0,0.0,0,0,0,0,0.05,12,0.0,0,0,0,0,0,0,0,0,1,0,0,0,1,0,2,0,0,hilfeukraine.org,org,https://www.hilfeukraine.org,200,0,False,200,False,False,False,False,False,False,0,0,0,1,0,2022-03-08,[]
1.08,1,0,0,0,1,0,0.0,0.0,0.0,0.0,0,0,1,0,0.01,15,0.0,2,0,0,0,0,0,0,0,1,0,1,1,1,1,1,1,1,hilfe-ukraine-msp.de,de,https://www.hilfe-ukraine-msp.de,-1,0,False,200,True,False,False,False,True,False,77,0,0,1,1,2022-03-09,[]
15.55,1,0,0,0,1,5,29.4,7.58,0.0,0.4,0,0,0,0,0.01,23,0.0,2,0,0,0,0,0,0,0,0,0,2,2,2,0,2,2,0,hilfe-ukraine-steffisburg.ch,ch,https://www.hilfe-ukraine-steffisburg.ch,200,0,False,200,False,False,False,False,False,False,0,0,0,1,0,2022-04-29,"['http://www.hoststar.ch', 'https://www.facebook.com/Hoststar.Webhosting', 'https://google.ch/+hoststar', 'https://twitter.com/hoststar', 'https://vimeo.com/hoststar']"
190.66,1,0,0,0,15,7,75.0,41.08,0.0,0.14,0,0,0,0,0.01,16,0.0,1,0,0,0,0,0,0,0,1,0,0,0,0,0,0,0,0,hilfswerk-ukraine.ch,ch,https://www.hilfswerk-ukraine.ch,200,0,False,200,False,False,False,False,False,False,0,1,0,0,1,2022-03-01,"['https://pallivia.ch/de', 'https://irp.cdn-website.com/3d693cd2/files/uploaded/Man%20muss%20von%20seinem%20Glu%CC%88ck%20weitergeben%C2%BB%20%7C%20suedostschweiz.ch.pdf', 'https://www.nzz.ch/international/ukraine-wenn-der-krebskranke-anton-die-nationalhymne-singt-ld.1672921?reduced=true', 'https://www.tagesanzeiger.ch/hilfe-fuer-die-kriegsverletzten-206695281153', 'https://www.srf.ch/play/tv/-/video/-?urn=urn:srf:video:7f608243-a9fa-4a00-a923-6e76cd2e4f24', 'https://www.linkedin.com/company/hilfswerk-ukraine-schweiz', 'https://www.karlwaelle.ch']"
63.2,0,1,1,0,8,4,48.0,22.79,0.0,0.5,0,0,0,0,0.16,14,0.0,0,0,0,0,0,0,0,0,1,0,2,2,2,0,2,2,0,hireaukrainian.com,com,https://www.hireaukrainian.com,200,0,False,200,False,False,False,False,False,False,0,0,0,1,0,2022-03-04,"['https://www.zabota.io', 'https://gamma.app/public/VA-Tasks-Privacy-Policy-and-Terms-of-Use-bl9qrph558vhvhd', 'https://twitter.com/BenjaminMorone', 'https://www.youtube.com/channel/UCqeD_bSHZHMYn-I-jIS1IIA']"
21.2,1,0,0,0,12,1,32.0,0.0,0.0,0.0,0,0,0,0,0.16,14,0.0,0,0,0,0,0,0,1,0,0,1,2,2,2,0,2,2,0,hireforukraine.com,com,https://www.hireforukraine.com,404,0,False,200,False,False,False,False,True,False,55,0,0,1,1,2022-04-07,['https://www.sunflowerofpeace.com']
174.2,0,0,0,0,1,0,0.0,0.0,0.0,0.0,0,0,0,0,0.05,14,0.0,0,0,0,0,0,0,1,0,0,0,0,0,0,0,0,0,0,hireforukraine.org,org,https://www.hireforukraine.org,200,0,False,200,False,False,False,False,False,False,0,0,0,1,1,2022-02-28,[]
909.33,1,0,0,0,12,4,35.5,7.66,0.0,0.5,0,0,0,0,0.16,16,0.0,0,0,0,0,0,0,0,0,0,0,0,0,0,0,0,0,0,hiretheukrainian.com,com,https://www.hiretheukrainian.com,200,0,False,200,False,False,False,False,False,False,0,0,0,1,1,2022-03-04,"['https://www.theukrainian.eu', 'https://www.ukraine-reborn.ch', 'https://www.linkedin.com/in/dmitry-milashchuk', 'https://www.facebook.com/hiretheukrainian']"
52.64,1,0,0,0,1,0,0.0,0.0,0.0,0.0,0,0,0,0,0.16,13,0.0,0,0,0,0,0,0,0,0,0,0,0,0,0,0,0,0,1,hireukrainian.com,com,https://www.hireukrainian.com,200,0,False,200,False,False,False,False,True,False,75,0,0,1,1,2022-02-28,[]
0.11,1,0,0,0,1,0,0.0,0.0,0.0,0.0,0,0,0,0,0.05,13,0.0,0,0,0,0,0,0,0,0,1,1,1,1,1,1,1,1,1,hireukrainian.org,org,https://www.hireukrainian.org,-1,0,False,200,True,False,False,False,True,False,90,0,0,1,1,2022-03-11,[]
156.07,1,0,0,0,8,20,42.45,28.78,0.05,0.05,1,0,0,0,0.05,22,0.0,0,0,0,0,0,0,0,0,1,0,0,0,0,0,0,0,0,hireukrainiandesigners.org,org,https://www.hireukrainiandesigners.org,200,0,False,200,False,False,False,False,False,False,0,0,0,1,1,2022-05-06,"['https://www.instagram.com/hire_ukrainian_designers', 'https://news.un.org/en/story/2022/05/1117632', 'https://forms.gle/S2WR7QVpq33J2TGM8', 'https://www.swagroup.com', 'https://www.site-design.com', 'http://www.pfarch.net', 'https://www.rafisegal.com', 'https://suisman.com', 'https://www.ellenzweig.com', 'https://www.pau.studio', 'https://www.annumarchitects.com', 'http://www.amymunsatdesign.com', 'https://www.postloyal.com/about', 'https://www.brunercott.com', 'https://tre.studio', 'https://www.dorothyhomes.com', 'https://www.archpaper.com/event/information-session-with-the-hire-ukrainian-designers-initiative', 'https://archleague.org/article/information-session-with-the-hire-ukrainian-designers-initiative', 'https://www.architects.org/news/volunteer-collective-teams-up-to-help-ukrainian-design-professionals', 'https://metropolismag.com/profiles/working-remotely-ukrainian-designers-get-a-lifeline-from-u-s-firms']"
0.11,1,0,0,0,1,0,0.0,0.0,0.0,0.0,0,0,0,0,0.05,14,0.0,0,0,0,0,0,0,0,0,0,0,1,1,1,1,1,1,1,hireukrainians.org,org,https://www.hireukrainians.org,-1,0,False,200,True,False,False,False,True,False,90,0,0,1,1,2022-03-11,[]
1.07,1,0,0,0,1,0,0.0,0.0,0.0,0.0,0,0,0,0,0.12,17,0.0,0,0,0,0,0,0,2,0,0,0,1,1,1,1,1,1,1,historyforukraine.co,co,https://www.historyforukraine.co,200,0,False,200,False,False,False,False,True,False,75,0,0,1,0,2022-03-09,[]
26.48,1,0,0,0,6,1,42.0,0.0,0.0,0.0,0,0,1,0,0.01,15,0.062,0,0,0,0,0,0,0,1,0,0,2,2,2,0,2,2,0,hoffnung4ukraine.de,de,https://www.hoffnung4ukraine.de,200,0,False,200,False,False,False,False,False,False,35,1,0,0,1,2022-04-02,['https://https://www.hotel-froschbaechel.de']
0.11,1,0,0,0,1,0,0.0,0.0,0.0,0.0,0,0,0,0,0.05,11,0.083,0,0,0,0,0,0,0,1,0,1,1,1,1,1,1,1,1,home4ukraine.org,org,https://www.home4ukraine.org,200,1,False,200,True,False,False,False,True,False,90,0,0,1,1,2022-04-05,[]
145.82,1,0,0,0,36,7,67.57,67.41,0.0,0.43,0,0,0,1,0.12,15,0.0,0,0,0,0,0,0,1,0,1,0,0,0,0,0,0,0,0,homesforukraine.co.uk,co.uk,https://www.homesforukraine.co.uk,-1,0,False,200,False,False,False,False,True,False,35,0,0,1,1,2022-03-15,"['https://homesforukraine.campaign.gov.uk', 'https://www.google.com/url?q=https://docs.google.com/document/d/e/2PACX-1vTjRW9pjBPA9lBjZDm6FOH1EXrxRMrnHkYnkjdZ15DjEUamyOd3nNVW47jyBHo5rKHcvF73xbmURthV/pub&sa=D&source=editors&ust=1647647435747327&usg=AOvVaw3e67BEwz9RpD74zpCSB8lQ', 'https://www.gov.uk/government/news/ukraine-what-you-can-do-to-help', 'https://www.dec.org.uk', 'https://twitter.com/homesforukraine', 'https://www.facebook.com/ukhomesforukraine', 'https://www.youtube.com/homesforukraine']"
0.11,1,0,0,0,1,0,0.0,0.0,0.0,0.0,0,0,0,0,0.16,15,0.0,0,0,0,0,0,0,1,0,0,0,1,1,1,1,1,1,1,homesforukraine.com,com,https://www.homesforukraine.com,200,1,False,200,True,False,False,False,True,False,90,1,0,0,1,2022-03-05,[]
138.68,1,0,0,0,3,2,21.5,1.5,0.0,0.0,0,0,0,0,0.01,15,0.0,0,0,0,0,0,0,1,0,1,0,0,0,0,0,0,0,0,homesforukraine.hu,hu,https://www.homesforukraine.hu,-1,0,False,200,False,False,False,False,False,False,35,0,0,1,1,2022-06-10,"['http://wordpress.org', 'https://alleythemes.com']"
783.1,1,0,0,0,13,8,41.88,21.12,0.12,0.5,0,0,0,1,0.05,15,0.0,0,0,0,0,0,0,1,0,1,0,0,0,0,0,0,0,0,homesforukraine.org.uk,org.uk,https://www.homesforukraine.org.uk,200,0,False,200,False,False,False,False,False,False,0,0,0,1,1,2022-03-15,"['https://hfu-refugee.powerappsportals.com/en-US', 'https://resetuk.org', 'https://twitter.com/ResetUKorg', 'https://www.linkedin.com/company/reset-communities-and-refugees', 'https://www.facebook.com/resetcommunitiesandrefugees', 'https://t.me/ResetUkraine', 'https://concat.tech', 'https://www.gov.uk/guidance/apply-for-a-visa-under-the-ukraine-sponsorship-scheme']"
145.81,1,0,0,0,36,7,67.57,67.41,0.0,0.43,0,0,0,0,0.03,15,0.0,0,0,0,0,0,0,1,0,1,0,0,0,0,0,0,0,0,homesforukraine.uk,uk,https://www.homesforukraine.uk,-1,0,False,200,False,False,False,False,True,False,35,0,0,1,1,2022-03-14,"['https://homesforukraine.campaign.gov.uk', 'https://www.google.com/url?q=https://docs.google.com/document/d/e/2PACX-1vTjRW9pjBPA9lBjZDm6FOH1EXrxRMrnHkYnkjdZ15DjEUamyOd3nNVW47jyBHo5rKHcvF73xbmURthV/pub&sa=D&source=editors&ust=1647647435747327&usg=AOvVaw3e67BEwz9RpD74zpCSB8lQ', 'https://www.gov.uk/government/news/ukraine-what-you-can-do-to-help', 'https://www.dec.org.uk', 'https://twitter.com/homesforukraine', 'https://www.facebook.com/ukhomesforukraine', 'https://www.youtube.com/homesforukraine']"
1041.5,1,1,0,1,7,1,47.0,0.0,0.0,1.0,0,0,0,0,0.16,26,0.0,0,0,0,0,0,0,1,0,1,0,0,0,0,0,0,0,0,homesforukrainetufnellpark.com,com,https://www.homesforukrainetufnellpark.com,200,0,False,200,False,False,False,False,True,False,55,0,0,1,1,2022-04-29,['https://www.facebook.com/groups/274236898237984']
38.12,1,0,0,0,8,1,50.0,0.0,0.0,0.0,0,0,0,1,0.12,18,0.0,0,0,0,0,0,0,1,0,1,0,2,2,2,0,2,2,0,homesforukrainians.co.uk,co.uk,https://www.homesforukrainians.co.uk,200,0,False,200,False,False,False,False,False,False,40,0,0,1,0,2022-03-15,['https://www.gov.uk/register-interest-homes-ukraine']
109.92,1,0,0,0,33,6,40.67,15.57,0.17,0.17,0,1,0,0,0.01,11,0.083,0,0,0,0,1,0,0,1,1,0,0,0,0,0,2,0,0,hope4ukraine.care,care,https://www.hope4ukraine.care,200,0,False,200,False,False,False,False,False,False,0,1,0,0,1,2022-03-08,"['https://www.paypal.com/donate/?hosted_button_id=FB6UN4X53BB4C', 'https://t.me/hope4ukrainians', 'https://www.mennonitecentre.ca', 'https://www.p143.org', 'https://europeandisabilitynetwork.com/2022/03/21/%EF%BF%BC', 'https://trailsofthepast.com/hope4ukraine/#_edn1']"
15.44,1,0,0,0,1,0,0.0,0.0,0.0,0.0,0,0,0,0,0.16,11,0.083,0,0,0,0,1,0,0,1,1,0,0,1,1,0,1,1,0,hope4ukraine.com,com,https://www.hope4ukraine.com,404,0,False,200,False,False,False,False,True,False,55,0,0,1,1,2022-02-27,[]
63.32,1,0,0,0,5,3,38.0,20.51,0.33,0.0,0,0,0,0,0.13,11,0.083,0,0,0,0,1,0,0,1,0,0,0,2,0,0,2,0,0,hope4ukraine.net,net,https://www.hope4ukraine.net,403,0,False,200,False,False,False,False,True,False,55,0,1,0,1,2022-03-01,"['https://www.biblica.com', 'https://apple.co/3CZhGUz', 'https://play.google.com/store/apps/details?id=com.biblica.ukrainian']"
736.72,1,0,0,0,4,3,47.0,3.56,0.0,1.0,0,0,0,0,0.05,18,0.053,0,0,0,0,1,0,0,1,1,0,0,0,0,0,0,0,0,hope4ukraineproject.org,org,https://www.hope4ukraineproject.org,200,0,False,200,False,False,False,False,False,False,0,0,0,1,1,2022-04-04,"['https://www.instagram.com/hope4ukraineproject', 'https://www.facebook.com/hope4ukraineproject', 'https://www.linkedin.com/company/hope4ukraineproject']"
91.74,1,0,0,0,7,2,162.0,74.0,0.0,0.0,0,0,0,0,0.02,14,0.0,0,0,0,0,1,0,1,0,1,0,2,2,2,0,0,2,0,hopeforukraine.ca,ca,https://www.hopeforukraine.ca,200,0,False,200,False,False,False,False,False,False,0,0,0,1,1,2022-03-18,"['https://give.unhcr.ca/page/100190/donate/1?ea.tracking.id=SEM22_EUR&utm_source=google&utm_medium=cpc&utm_campaign=CA_PS_EN_UA&gclsrc=aw.ds&gclid=CjwKCAjwlcaRBhBYEiwAK341jcTtvkjGUB-xCrgTWiAaBVymliIse0iwJ0kw0LJMtUhMo6qpmgX8kxoClqYQAvD_BwE', 'https://www.shopify.com?utm_campaign=poweredby&utm_medium=shopify&utm_source=onlinestore']"
66.81,1,0,0,0,19,1,80.0,0.0,0.0,0.0,0,0,1,0,0.01,14,0.0,2,0,0,0,1,0,1,0,1,0,2,2,2,0,2,2,1,hope-for-ukraine.de,de,https://www.hope-for-ukraine.de,200,0,False,200,False,False,False,False,True,False,82,0,0,1,1,2022-03-04,['https://www.bmas.de/DE/Europa-und-die-Welt/Europa/Ukraine/FAQ-DE/faq-art-de.html']
115.28,1,0,0,0,15,2,46.5,0.5,0.0,1.0,0,0,0,1,0.05,14,0.0,0,0,0,0,1,0,1,0,1,0,0,0,0,0,2,0,0,hopeforukraine.org.uk,org.uk,https://www.hopeforukraine.org.uk,200,0,False,301,False,False,False,False,False,False,0,0,0,1,1,2022-03-10,"['https://www.facebook.com/Hopeforukrainebristol', 'https://www.instagram.com/hopeforukrainebristol']"
788.52,1,0,0,0,8,5,32.0,6.23,0.0,0.6,0,0,0,0,0.16,13,0.0,2,0,0,0,1,0,0,0,1,0,0,0,0,0,0,0,0,hope-in-ukraine.com,com,https://www.hope-in-ukraine.com,200,0,False,200,False,False,False,False,True,False,55,0,0,1,1,2022-03-24,"['https://www.facebook.com/wix', 'https://www.twitter.com/wix', 'https://www.pinterest.com/wixcom', 'https://www.instagram.com/wix', 'http://wix.com?utm_campaign=vir_created_with']"
13.32,1,0,0,0,1,2,203.5,163.5,0.0,0.5,0,0,0,0,0.16,13,0.0,0,0,0,0,1,0,1,0,1,0,2,2,2,0,0,2,0,hopetoukraine.com,com,https://www.hopetoukraine.com,-1,0,False,200,False,False,False,False,False,False,0,0,0,1,1,2022-05-14,"['https://www.unicefusa.org/stories/unicef-children-are-bearing-brunt-intensifying-crisis-ukraine/39481?form=FUNKBHMZQDQ&utm_content=Ukraine3&ms=cpc_dig_2021_Ukraine3_20210801_google_Ukraine3_delve_None&initialms=cpc_dig_2020_Ukraine3_20210801_google_Ukraine3_delve_None&gclid=Cj0KCQjwvqeUBhCBARIsAOdt45b9ZJr0RoD6kMrS3082TjE3E7r_Mgy7JjzMujOMfa7H7vjKnHsGPC4aAiFTEALw_wcB', 'https://www.instagram.com/daviddeanmusic']"
0.11,1,0,0,0,1,0,0.0,0.0,0.0,0.0,0,0,1,0,0.01,11,0.0,1,0,0,0,1,0,0,0,1,1,1,1,1,1,1,1,1,hope-ukraine.de,de,https://www.hope-ukraine.de,-1,0,False,200,True,False,False,False,True,False,90,0,0,1,1,2022-03-13,[]
536.7,1,0,0,0,15,3,55.0,13.49,0.0,1.0,0,0,0,0,0.01,11,0.0,0,0,0,0,1,0,0,0,0,0,0,0,0,0,0,0,0,hopeukraine.it,it,https://www.hopeukraine.it,200,0,False,200,False,False,False,False,False,False,0,0,0,1,1,2022-03-01,"['https://www.instagram.com/hopeukraine_foundation/?igshid=YmMyMTA2M2Y%3D', 'https://www.facebook.com/hopeukraineue', 'https://www.linkedin.com/company/hope-ukraine-foundation']"
122.98,1,0,0,1,11,3,78.33,39.38,0.0,0.0,0,0,1,0,0.29,11,0.0,0,0,0,0,1,0,0,0,1,0,0,0,0,0,0,0,0,hopeukraine.us,us,https://www.hopeukraine.us,200,0,False,301,False,False,False,False,False,False,0,0,0,1,1,2022-07-26,"['http://www.mikefrancen.com', 'https://nypost.com/2022/07/01/russian-missiles-kill-at-least-18-in-ukraines-odesa-region', 'https://www.ultimatelysocial.com/?utm_source=usmplus_settings_page&utm_campaign=credit_link_to_homepage&utm_medium=banner']"
32.21,1,0,0,0,13,4,37.0,3.24,0.0,1.0,0,0,0,0,0.16,11,0.083,0,0,0,0,0,0,0,1,1,0,2,2,2,0,2,2,0,host4ukraine.com,com,https://www.host4ukraine.com,200,0,False,200,False,False,False,False,False,False,0,0,0,1,0,2022-02-27,"['https://www.facebook.com/host4ukraine', 'https://twitter.com/Host4Ukraine', 'https://www.instagram.com/host4ukraine', 'https://linkedin.com/company/host4ukraine']"
635.67,1,0,0,0,4,4,29.75,6.26,0.0,0.75,0,0,0,0,0.16,34,0.0,0,0,0,1,0,0,0,0,1,0,0,0,0,0,0,0,0,hostingandhelpingukrainianrefugees.com,com,https://www.hostingandhelpingukrainianrefugees.com,200,0,False,200,False,False,False,False,True,False,55,1,0,0,1,2022-05-13,"['http://www.uscis.gov/ukraine', 'https://www.facebook.com/wix', 'https://twitter.com/Wix', 'https://www.linkedin.com/company/wix-com']"
62.88,1,0,0,0,9,0,0.0,0.0,0.0,0.0,0,0,0,0,0.02,14,0.0,0,0,0,0,0,0,0,0,0,0,0,0,0,0,0,0,0,houseofukraine.se,se,https://www.houseofukraine.se,200,0,False,200,False,False,False,False,False,False,0,0,1,0,0,2022-06-03,[]
4.6,1,0,0,0,1,1,21.0,0.0,0.0,0.0,0,0,0,0,0.16,31,0.0,3,0,0,0,0,0,0,0,0,0,1,2,2,0,2,2,0,housing-ukraine-refugees-waldkirch.com,com,https://www.housing-ukraine-refugees-waldkirch.com,200,0,False,200,False,False,False,False,False,False,0,0,0,1,1,2022-04-02,['https://www.strato.de']
64.91,1,0,0,0,8,5,34.6,13.37,0.0,0.8,0,0,0,0,0.16,20,0.0,0,0,0,0,0,0,0,0,1,0,0,0,0,0,0,0,0,hoverlafranceukraine.com,com,https://www.hoverlafranceukraine.com,200,0,False,200,False,False,False,False,True,False,55,1,0,0,0,2022-04-11,"['https://www.facebook.com/groups/1200551223757510', 'http://twitter.com', 'https://www.instagram.com/fchoverlaparis/?hl=fr', 'http://snapchat.com', 'https://exforddemo.wordpress.com/services']"
1.07,1,0,0,0,1,0,0.0,0.0,0.0,0.0,0,0,0,0,0.16,12,0.0,0,0,0,0,0,0,1,0,1,0,1,1,1,1,1,1,1,howtoukraine.com,com,https://www.howtoukraine.com,-1,0,False,200,True,False,False,False,True,False,77,0,0,1,0,2022-04-07,[]
43.99,1,0,0,0,10,1,18.0,0.0,0.0,0.0,0,0,0,1,0.12,10,0.091,0,0,0,0,0,0,0,1,1,0,0,0,2,0,2,0,1,hpc4ukraine.co.uk,co.uk,https://www.hpc4ukraine.co.uk,200,0,False,401,False,True,False,False,True,False,85,0,0,1,0,2022-05-24,['https://sk23.co.uk']
23.74,1,0,0,0,1,1,23.0,0.0,0.0,0.0,0,0,0,0,0.05,12,0.0,0,0,0,0,0,0,1,0,1,0,2,2,2,0,2,2,0,hrforukraine.org,org,https://www.hrforukraine.org,-1,0,False,200,False,False,False,False,True,False,55,0,0,1,0,2022-03-18,['http://fruitionsite.com']
112.43,1,0,0,0,15,2,92.0,57.0,0.5,0.0,1,1,0,0,0.05,10,0.091,0,0,0,0,0,0,0,1,1,0,2,2,2,0,2,2,0,htx4ukraine.org,org,https://www.htx4ukraine.org,200,0,False,200,False,False,False,False,False,False,0,1,0,0,1,2022-03-02,"['https://www.google.com/url?q=https%3A%2F%2Fwww.paypal.com%2Fdonate%2F%3Fhosted_button_id%3DZ4J88T9V9HREA&sa=D&sntz=1&usg=AOvVaw3mfyKKibu6QfWJM4UOCAI_', 'https://forms.gle/vrsG5PAFPpraxscA9']"
3.56,1,0,0,0,1,0,0.0,0.0,0.0,0.0,0,0,0,0,0.16,11,0.0,0,0,0,0,0,0,0,0,0,1,1,1,1,1,1,1,0,hugsukraine.com,com,https://www.hugsukraine.com,503,0,False,200,False,False,False,False,False,False,0,0,0,1,1,2022-03-24,[]
163.87,1,1,0,0,11,7,40.71,20.23,0.29,0.14,0,0,0,0,0.05,11,0.083,0,0,0,0,0,0,0,1,1,0,0,0,0,0,0,0,0,hull4ukraine.org,org,https://www.hull4ukraine.org,200,0,False,200,False,False,False,False,True,False,55,0,0,1,0,2022-07-08,"['https://square.link/u/dTIHg9x5', 'https://tinyurl.com/H4U-Concert', 'https://www.facebook.com/groups/360041562462312', 'https://www.google.com/maps/search/?api=1&query=53.743125915527344,-0.33607760071754456', 'https://wordpress.com/?ref=footer_blog', 'https://automattic.com/cookies', 'https://wp.me/Pe7u6R-b']"
93.29,1,0,0,0,5,4,30.75,7.89,0.0,0.5,0,0,0,1,0.12,13,0.0,0,0,0,0,0,0,1,0,1,0,0,0,0,0,2,0,0,hulltoukraine.co.uk,co.uk,https://www.hulltoukraine.co.uk,200,0,False,200,False,False,False,False,True,False,55,0,0,1,1,2022-03-18,"['https://www.facebook.com/HulltoUkraine', 'https://www.instagram.com/hulltoukraine', 'https://wordpress.org', 'https://bizbergthemes.com']"
97.09,1,0,0,0,41,1,71.0,0.0,0.0,1.0,0,0,0,0,0.05,18,0.0,0,0,0,0,0,0,0,0,0,1,0,0,2,0,0,0,0,humanandlawukraine.org,org,https://www.humanandlawukraine.org,-1,0,False,200,False,False,False,False,False,False,0,0,0,1,0,2022-06-04,['https://www.facebook.com/profile.php?id=100065196091023&mibextid=ZbWKwL']
92.45,1,0,0,1,6,1,139.0,0.0,0.0,0.0,0,0,0,0,0.05,13,0.0,0,0,0,0,0,0,0,0,1,0,2,2,2,0,0,2,0,humaneukraine.org,org,https://www.humaneukraine.org,404,0,False,200,False,False,False,False,False,False,0,0,0,1,0,2022-03-01,['https://www.godaddy.com/websites/website-builder?isc=pwugc&utm_source=wsb&utm_medium=applications&utm_campaign=en-us_corp_applications_base']
1045.57,1,0,1,0,1,5,39.8,13.35,0.2,0.8,0,0,0,0,0.16,19,0.05,0,0,0,0,0,0,0,1,0,0,0,0,0,0,0,0,0,humanitarian4ukraine.com,com,https://www.humanitarian4ukraine.com,200,0,False,200,False,False,False,False,True,False,55,0,0,1,0,2022-03-29,"['https://www.linkedin.com/in/slava-fioletov', 'https://www.facebook.com/slava.fioletov', 'https://www.instagram.com/p/CbBDaQfNtY4/?utm_medium=copy_link', 'https://t.me/hator1', 'https://send.monobank.ua/jar/c63kmEpet']"
98.42,1,1,1,0,24,1,135.0,0.0,0.0,0.0,0,0,0,0,0.05,25,0.0,0,0,0,1,0,0,1,0,1,0,2,2,2,0,0,2,0,humanitarianaidforukraine.org,org,https://www.humanitarianaidforukraine.org,200,0,False,301,False,False,False,False,False,False,0,0,0,1,1,2022-03-10,['https://www.gofundme.com/f/humanitarian-aid-for-ukrainian-citizens?fbclid=IwAR1sItfSIccXANyYf7n4J3lmzWlSCByAET9B0BLrkuOboY8_ULSXvkTazx8']
0.11,1,0,0,0,1,0,0.0,0.0,0.0,0.0,0,0,0,0,0.16,16,0.0,0,0,0,0,0,0,0,0,1,0,1,1,1,1,1,1,0,humankindukraine.com,com,https://www.humankindukraine.com,-1,0,False,200,False,False,False,False,True,False,55,1,0,0,0,2022-03-22,[]
128.16,1,0,0,0,8,1,41.0,0.0,0.0,0.0,0,0,0,0,0.16,16,0.0,0,0,1,0,0,0,0,0,1,0,0,0,0,0,0,0,0,hyattukrainefund.com,com,https://www.hyattukrainefund.com,200,0,False,200,False,False,False,False,True,False,55,0,0,1,1,2022-03-09,['https://www.hyatt.com/info/privacy-policy']
44.7,1,0,0,0,10,8,55.0,15.1,0.0,0.12,0,0,0,0,0.04,12,0.0,1,0,0,0,0,0,0,0,0,0,2,2,2,0,0,2,0,hyogo-ukraine.jp,jp,https://www.hyogo-ukraine.jp,200,0,False,302,False,False,False,False,False,False,0,0,0,1,1,2022-04-22,"['https://hyogo-ukraine.tayori.com/f/registration', 'https://web.pref.hyogo.lg.jp/governor/g_comment20230224.html', 'https://jbby.org/jbby_kibo_present', 'https://www.kobe.coop.or.jp/news/detail.php?id=137794', 'https://www.facebook.com/groups/sakuratohimawari', 'https://sourcenext.co.jp/pressrelease_html/JS/2022/2022042001', 'https://sites.google.com/view/u-j-bridge/support', 'https://www.hyogo-ip.or.jp/abouthia/infobox/documents/support_for_ukrainian_evacuees.html']"
129.56,1,0,0,0,9,0,0.0,0.0,0.0,0.0,0,0,0,0,0.16,14,0.0,0,0,0,0,0,0,0,0,0,0,0,0,0,0,0,0,0,iamfromukraine.com,com,https://www.iamfromukraine.com,-1,0,False,200,False,False,False,False,False,False,0,0,0,1,0,2022-03-26,[]
3.0,1,0,0,0,1,1,24.0,0.0,0.0,1.0,0,0,0,0,0.16,20,0.0,0,0,0,0,0,0,1,0,1,0,2,1,2,0,2,2,0,iamtheghostofukraine.com,com,https://www.iamtheghostofukraine.com,200,0,False,200,False,False,False,False,False,False,0,0,0,1,0,2022-04-07,['https://www.facebook.com']
130.62,1,0,0,0,12,2,87.0,52.0,0.0,0.0,0,0,0,0,0.05,10,0.0,0,0,0,0,0,0,0,0,0,0,0,0,0,0,0,0,0,ibaukraine.org,org,https://www.ibaukraine.org,200,0,False,200,False,False,False,False,True,False,55,0,0,1,1,2022-04-01,"['https://policies.google.com/privacy', 'https://www.godaddy.com/websites/website-builder?isc=pwugc&utm_source=wsb&utm_medium=applications&utm_campaign=en-us_corp_applications_base']"
17.48,1,0,0,0,4,1,40.0,0.0,0.0,0.0,0,0,0,0,0.05,12,0.0,0,0,0,0,1,0,0,0,1,0,2,2,2,0,2,2,0,icareukraine.org,org,https://www.icareukraine.org,200,0,False,200,False,False,False,False,True,False,55,0,0,1,1,2022-04-15,['https://missioneurasiafield.org/projects']
76.39,1,0,0,0,22,6,61.83,31.34,0.17,0.83,0,0,1,0,0.01,19,0.0,2,0,0,0,0,0,0,0,0,0,2,2,2,0,0,2,0,idstein-hilft-ukraine.de,de,https://www.idstein-hilft-ukraine.de,200,0,False,200,False,False,False,False,False,False,40,0,0,1,1,2022-03-17,"['https://www.facebook.com/idsteinhilftukraine', 'https://t.me/idsteinhilftukraine', 'https://web.whatsapp.com/send?text=https://idstein-hilft-ukraine.de', 'https://twitter.com/intent/tweet?text=Idstein Hilft Ukraine&url=https://idstein-hilft-ukraine.de/&via=', 'https://www.linkedin.com/shareArticle?title=Idstein Hilft Ukraine&url=https://idstein-hilft-ukraine.de', 'https://de.wordpress.org']"
1.08,1,0,0,0,1,0,0.0,0.0,0.0,0.0,0,0,0,0,0.16,19,0.0,0,0,0,0,0,0,0,0,0,0,1,1,1,1,1,1,0,ifuckingloveukraine.com,com,https://www.ifuckingloveukraine.com,-1,0,False,200,False,False,False,False,False,True,0,0,0,1,1,2022-07-18,[]
82.04,1,0,0,0,91,3,31.67,8.38,0.0,0.33,0,0,0,0,0.16,17,0.0,0,0,0,0,0,0,0,0,0,0,0,0,0,0,0,0,0,illustrateukraine.com,com,https://www.illustrateukraine.com,200,0,False,200,False,False,False,False,True,False,55,0,0,1,0,2022-04-07,"['https://www.glorytoukraine.me', 'https://www.instagram.com/illustrateukraine', 'https://www.webfolks.io']"
105.28,1,0,0,0,12,5,44.8,11.69,0.0,0.8,0,0,1,0,0.06,18,0.053,0,0,0,0,0,0,0,1,0,0,0,0,0,0,0,0,0,immigration4ukraine.eu,eu,https://www.immigration4ukraine.eu,-1,0,False,301,False,False,False,False,False,False,0,0,0,1,1,2022-02-27,"['https://www.instagram.com/immigration4ukraine', 'https://mobile.twitter.com/Immigration4Uk1', 'https://www.facebook.com/Immigration4Ukraine-100403259330160', 'https://www.linkedin.com/company/immigration4ukraine', 'https://www.cookieyes.com']"
197.11,1,1,0,0,11,4,53.0,6.82,0.0,0.75,0,1,0,0,0.16,13,0.0,1,0,0,0,0,0,0,0,1,0,0,0,0,0,0,0,0,impact-ukraine.com,com,https://www.impact-ukraine.com,404,0,False,200,False,False,False,False,False,False,40,0,0,1,1,2022-03-11,"['https://www.linkedin.com/company/impactukraineorg', 'https://www.facebook.com/Impact_Ukraineorg-109082961732781', 'https://www.instagram.com/impact_ukraine_com', 'https://www.paypal.com/donate/?hosted_button_id=LL685VXUC2M7J']"
197.11,1,1,0,0,11,4,53.0,6.82,0.0,0.75,0,1,0,0,0.05,13,0.0,1,0,0,0,0,0,0,0,0,0,0,0,0,0,0,0,0,impact-ukraine.org,org,https://www.impact-ukraine.org,404,0,False,200,False,False,False,False,False,False,40,0,0,1,1,2022-03-08,"['https://www.linkedin.com/company/impactukraineorg', 'https://www.facebook.com/Impact_Ukraineorg-109082961732781', 'https://www.instagram.com/impact_ukraine_com', 'https://www.paypal.com/donate/?hosted_button_id=LL685VXUC2M7J']"
16.37,1,0,0,0,1,1,69.0,0.0,0.0,0.0,0,0,0,0,0.05,10,0.0,1,0,0,0,0,0,0,0,1,0,2,2,2,0,0,2,1,ims-ukraine.org,org,https://www.ims-ukraine.org,200,0,False,200,True,True,False,False,True,False,85,0,0,1,1,2022-04-22,['https://www.mydomaincontact.com/index.php?domain_name=ims-ukraine.org']
104.11,1,0,0,0,7,1,105.0,0.0,0.0,0.0,0,0,0,0,0.16,9,0.1,0,0,0,0,0,0,0,1,1,1,2,0,2,0,0,0,0,in4ukraine.com,com,https://www.in4ukraine.com,200,0,False,200,False,False,False,False,False,False,0,0,0,1,1,2022-03-22,['https://www.google.com/url?q=https%3A%2F%2Ft.me%2Fin4ukraine&sa=D&sntz=1&usg=AOvVaw1CduAyFqiP13hAPkGHlqlk']
148.59,1,1,0,0,9,3,44.0,6.48,0.0,0.67,0,0,0,0,0.05,22,0.0,0,0,0,1,0,0,0,0,0,0,0,0,0,0,0,0,0,indianasupportsukraine.org,org,https://www.indianasupportsukraine.org,200,0,False,200,False,False,False,False,False,False,0,0,0,1,0,2022-04-15,"['https://policies.google.com/privacy', 'https://www.facebook.com/IndianaSupportsUkraine', 'https://www.instagram.com/indiana_supports_ukraine']"
289.15,1,0,0,0,34,2,21.5,16.15,0.0,0.0,0,0,0,0,0.01,21,0.0,2,0,0,0,0,0,0,0,0,0,0,0,0,0,0,0,0,info-ostbelgien-ukraine.be,be,https://www.info-ostbelgien-ukraine.be,200,0,False,200,False,False,False,False,False,False,0,0,0,1,1,2022-03-17,"['https://info-ukraine.be/de', 'https://maps.google.com/maps?q=Rathausplatz 14A, 4700 Eupen, Belgien']"
129.25,1,0,0,0,8,5,40.0,6.87,0.0,0.6,0,0,0,0,0.13,19,0.0,1,0,0,0,0,0,0,0,1,0,0,0,0,0,0,0,0,infosammlung-ukraine.net,net,https://www.infosammlung-ukraine.net,200,0,False,200,False,False,False,False,False,False,0,0,0,1,0,2022-03-19,"['https://ukraine.mdk-links.net/beratung-hilfe-ua', 'https://elterngegenkriegundaufruestung.de', 'https://twitter.com/kapmuseum', 'https://www.instagram.com/museumdeskapitalismus', 'https://www.facebook.com/kapmumuseum']"
13.9,0,0,0,0,5,1,32.0,0.0,0.0,0.0,0,0,0,0,0.01,11,0.0,0,0,0,0,0,0,0,0,1,0,2,2,2,0,0,2,0,infoukraine.be,be,https://www.infoukraine.be,200,0,False,200,False,False,False,False,True,False,55,0,0,1,1,2022-03-05,['http://www.enable-javascript.com']
13.9,1,0,0,0,5,1,32.0,0.0,0.0,0.0,0,0,0,0,0.01,11,0.0,1,0,0,0,0,0,0,0,1,0,2,2,2,0,0,2,0,info-ukraine.be,be,https://www.info-ukraine.be,200,0,False,302,False,False,False,False,True,False,55,0,0,1,1,2022-03-04,['http://www.enable-javascript.com']
13.86,1,0,0,0,3,24,66.75,49.93,0.0,0.12,1,0,0,0,0.01,11,0.0,0,0,0,0,0,0,0,0,0,0,2,2,2,0,2,2,0,infoukraine.ro,ro,https://www.infoukraine.ro,200,0,False,200,False,False,False,False,False,False,35,0,0,1,1,2022-03-14,"['https://refugees.ro', 'https://docs.google.com/forms/d/e/1FAIpQLScuoMpvWIm3gyh0NQpCKsKZYpiqChwU9AQRimmwuL3VdIDHAA/viewform?fbclid=IwAR1AlaDgMpe7PxXAGWHBN1qm0_K5C-vrjivDKcQyCzElWBI23qkG42QAsgE', 'https://techtotherescue.org/tech/tech-for-ukraine', 'https://store.steampowered.com/app/282070/This_War_of_Mine', 'https://www.reddit.com/r/ukraine/comments/t26165/go_and_buy_this_war_of_mine_you_will_get_a_good', 'https://www.g4media.ro/spitalele-militare-din-romania-pregatite-pentru-a-primi-raniti-din-ucraina-centrul-de-transfuzie-de-la-spitalul-militar-central-deschis-zilnic-pentru-toti-cei-doresc-sa-doneze-sange-pentru-ucraine.html', 'https://vladgheorghe.ro/inscriere-voluntari-uniti-pentru-ucraina', 'https://taras.g4d.ro', 'https://www.facebook.com/groups/unitipentruucraina', 'https://www.hotnews.ro/stiri-educatie-25411123-bucuresti-40-tone-produse-stranse-pentru-refugiatii-ucraineni-centre-colectare-din-scoli-unde-poate-dona.htm', 'https://helpukrainewin.org', 'https://edition.cnn.com/travel/article/ukraine-airbnb-donations-cec/index.html', 'https://twitter.com/timsoulo/status/1497729497759576069', 'https://www.gov.ro/ro/ucraina-impreuna-ajutam-mai-mult', 'https://dopomoha.ro/ro', 'https://www.youtube.com/watch?v=FhdAisnTmS8', 'https://blog.mozilla.org/en/internet-culture/spotting-misinformation-online', 'https://www.bellingcat.com/resources/2021/11/01/a-beginners-guide-to-social-media-verification', 'https://euvsdisinfo.eu/disinformation-cases', 'https://en.wikipedia.org/wiki/Wikipedia:Reliable_sources/Perennial_sources', 'https://razboi.info', 'https://liveuamap.com/ro', 'https://www.politiadefrontiera.ro/en/traficonline', 'https://github.com/ViorelMocanu/InfoUkraine']"
98.93,1,1,0,0,4,6,82.5,38.5,0.0,0.33,0,0,1,0,0.01,16,0.0,1,0,0,0,0,0,0,0,0,0,2,2,2,0,0,2,0,inklusion-ukraine.de,de,https://www.inklusion-ukraine.de,200,0,False,200,False,False,False,False,False,False,0,0,0,1,0,2022-03-15,"['https://www.ndr.de/nachrichten/schleswig-holstein/Hilfskonvoi-Stiftung-Drachensee-Gefluechtete-erreichen-Kiel,drachensee132.html', 'https://www.youtube.com/watch?v=NT0hIN0hf6w&ab_channel=KielerNachrichten', 'https://www.kn-online.de/Kiel/Spenden-und-Sachspenden-Ukraine-So-koennen-Sie-in-Kiel-und-Region-helfen-und-spenden', 'https://www.betterplace.org/de/projects/107329-fluchthilfe-fuer-250-menschen-mit-behinderungen-aus-der-ukraine', 'https://www.linkedin.com/company/stiftung-drachensee', 'http://wp-royal.com']"
37.87,0,0,0,0,1,3,28.0,5.72,0.0,0.33,0,0,0,0,0.01,11,0.0,0,0,0,0,0,0,0,0,0,0,0,0,0,0,0,0,0,innoukraine.fi,fi,https://www.innoukraine.fi,200,0,False,200,False,False,False,False,True,False,61,0,0,1,1,2022-03-16,"['https://inno-ukraine.fi', 'https://www.facebook.com/InnoUkraine', 'https://generatepress.com']"
37.87,1,0,0,0,3,2,30.5,5.5,0.0,0.5,0,0,0,0,0.01,11,0.0,1,0,0,0,0,0,0,0,0,0,2,2,2,0,0,2,0,inno-ukraine.fi,fi,https://www.inno-ukraine.fi,200,0,False,200,False,False,False,False,True,False,61,0,0,1,0,2022-03-16,"['https://www.facebook.com/InnoUkraine', 'https://generatepress.com']"
116.96,0,1,0,0,1,7,69.29,51.2,0.14,0.29,0,0,0,0,0.16,16,0.0,0,0,0,0,0,0,1,0,0,0,0,0,0,0,0,0,0,insightonukraine.com,com,https://www.insightonukraine.com,200,0,False,200,False,False,False,False,True,False,55,0,0,1,1,2022-03-20,"['https://robertminton.blog', 'https://www.mainstreet-nashville.com/news/nashville-native-forced-to-leave-beloved-ukraine-a-second-time/article_ac0aa0d8-bcca-11ec-a4dd-cf63d8087ed1.html', 'https://www.facebook.com/robertnicholsminton', 'https://www.amazon.com/Slipping-Ice-Collection-Stories-Volunteer/dp/B09SXJVY6Q/ref=zg_bsnr_67572_1/130-5090952-6634330?pd_rd_i=B09SXJVY6Q&psc=1', 'https://www.instagram.com/robert.minton.author/?hl=en', 'https://wordpress.com/?ref=footer_custom_com', 'https://wp.me/PdMmrc-p']"
0.85,1,0,0,0,492,5,58.8,15.24,0.0,0.0,0,0,0,0,0.04,17,0.0,2,0,0,0,0,0,0,0,0,0,2,2,1,-1,0,2,0,intim-doska-ukraine.mobi,mobi,https://www.intim-doska-ukraine.mobi,200,1,False,200,False,False,False,False,True,False,55,0,0,1,1,2022-05-21,"['http://intim-ukraine-escort.online/radivilov/ruslana-radivilov-31.html', 'http://hochu-sex-harkov.site/harkov-facebook/znakomstva-6245.html', 'http://porno-ukraine.online/konotop/hochu-sex-05-11-2020.html', 'http://ukraine-dosug.online/perechin/kseniya-perechin-13-10-2022.html', 'https://sexdoskarussia.online']"
111.04,1,0,0,0,450,6,31.33,10.43,0.0,0.0,0,0,1,0,0.13,17,0.0,2,0,0,0,0,0,0,0,1,0,0,2,1,-1,0,0,1,intim-dosug-ukraine.online,online,https://www.intim-dosug-ukraine.online,-1,0,False,0,False,False,False,False,True,True,92,0,0,1,0,2022-05-20,"['https://escortprostitutki.online/malaya-viska', 'https://dosugukraine.online/komarno', 'https://intim-sex.online/vishgorod', 'https://ukraine-sex-escort.online/ugnev', 'https://bing.com', 'https://xvideos.com']"
1.07,1,0,0,0,1,0,0.0,0.0,0.0,0.0,0,0,1,0,0.13,12,0.0,1,0,0,0,0,0,0,0,1,0,1,1,1,1,1,1,1,intim-ukraine.online,online,https://www.intim-ukraine.online,-1,0,False,200,False,False,False,False,True,True,75,0,0,1,0,2022-05-20,[]
331.02,1,0,0,0,39,3,72.0,17.68,0.0,0.67,0,0,0,0,0.16,14,0.0,0,0,0,0,0,0,1,0,0,0,0,0,0,0,0,0,0,intouchukraine.com,com,https://www.intouchukraine.com,200,0,False,200,False,False,False,False,True,False,72,0,0,1,1,2022-07-16,"['https://www.facebook.com/in.touch.ukraine.foundation', 'https://instagram.com/in.touch.ukraine.foundation?igshid=YmMyMTA2M2Y=', 'https://invite.viber.com/?g2=AQA7jUAUlpN2JE%2BiCLz20RTS8vpcMoWdg4Inv1EKaY10mPjQxhBXG8bcUDdInCpe']"
1.07,1,0,0,0,1,0,0.0,0.0,0.0,0.0,0,0,0,0,0.16,13,0.0,0,0,0,0,0,0,0,0,1,1,1,1,1,1,1,1,0,invadeukraine.com,com,https://www.invadeukraine.com,-1,0,False,200,False,False,False,False,False,False,0,0,0,1,0,2022-03-04,[]
1.07,1,0,0,0,1,0,0.0,0.0,0.0,0.0,0,0,0,0,0.05,13,0.0,0,0,0,0,0,0,0,0,1,1,1,1,1,1,1,1,0,invadeukraine.org,org,https://www.invadeukraine.org,-1,0,False,200,False,False,False,False,False,False,0,1,0,0,1,2022-03-04,[]
54.24,0,1,1,1,2,2,28.0,13.0,0.0,0.0,0,0,1,0,0.06,15,0.0,0,0,0,0,0,0,0,0,1,0,0,2,2,0,2,2,1,investinukraine.eu,eu,https://www.investinukraine.eu,200,1,False,200,True,False,False,False,True,False,99,0,0,1,1,2022-03-01,"['https://dan.com', 'https://www.trustpilot.com/review/dan.com']"
1213.65,1,1,0,0,21,7,53.0,21.74,0.14,0.57,0,0,1,0,0.06,15,0.0,2,0,0,0,0,0,0,0,1,0,0,0,0,0,0,0,0,invest-in-ukraine.tech,tech,https://www.invest-in-ukraine.tech,200,0,False,200,False,False,False,False,False,False,0,0,0,1,0,2022-05-21,"['https://www.dkg.solutions', 'https://share-eu1.hsforms.com/1h6_0sMfgRxafxf9TN-Vliwetdrd', 'https://www.facebook.com/profile.php?id=100095138880280', 'https://www.linkedin.com/company/invest-in-ukraine-tech/?viewAsMember=true', 'https://join.slack.com/t/investinukraine/shared_invite/zt-1ynli2u2c-wEU47eO1kDmrEwKoa8PsLA', 'https://t.me/invest_in_Ukraine_tech', 'https://twitter.com/InvestinUATech']"
94.95,1,0,0,0,1,4,41.25,23.37,0.0,0.25,0,0,0,0,0.16,25,0.0,0,0,0,0,0,0,0,0,1,0,0,0,0,0,0,0,0,investinukrainianfounders.com,com,https://www.investinukrainianfounders.com,200,1,False,200,False,False,False,False,False,False,0,0,0,1,0,2022-06-22,"['https://forms.office.com/r/knJ3MdxWj7', 'https://www.linkedin.com/in/ecarey', 'https://tera.vc', 'https://popsy.co?utm_source=investinukrainianfounders.com&utm_medium=popsy-site']"
446.23,0,1,1,1,1,70,58.46,41.05,0.0,0.04,0,0,0,0,0.16,15,0.0,0,0,0,0,0,0,1,0,1,0,0,0,0,0,0,0,0,investorukraine.com,com,https://www.investorukraine.com,-1,0,False,200,False,False,False,False,False,False,0,0,0,1,0,2022-03-17,"['http://phpadsnew.wn.com/www/delivery/ck.php?n=af9a85ca&cb=INSERT_RANDOM_NUMBER_HERE', 'http://twitter.com/home?status=https://wn.com/Investor_Ukraine', 'http://www.facebook.com/sharer.php?u=https://wn.com/Investor_Ukraine', 'http://maps.google.com/?q=Ukraine', 'http://.wikipedia.org', 'http://www.vechirka.uafor.net/sport/summer/0604204006.php', 'http://zakon4.rada.gov.ua/laws/show/30-2006-%D0%BF', 'http://myradio.com.ua/alias/RnB128.m3u', 'http://radio-world.elektrowave.org:8128', 'http://195.248.234.146:8000/radio1.m3u', 'http://pop.ct.fm/pop_ct_fm_mac.pls', 'http://live.galaradio.com:8000/kiev.m3u', 'http://radio.rivne.net:8000/listen.pls', 'http://91.194.250.169:8000/ur4-mp3-m', 'http://radio.tstu.edu.ua:8000/heavy.m3u', 'http://server.gik-team.net.ua:8000/live128', 'http://stream.ck.ua:8000/101FM.m3u', 'http://yaltafm.dyndns.tv:8000/online.m3u', 'http://213.85.130.203:8080/stream.mp3.m3u', 'http://radio.crimusic.info:8000/estetika128.m3u', 'http://195.66.65.146:8080/ekvator.m3u', 'http://online.1043.com.ua:8000/1043fm.m3u', 'http://rad.radio-n.com:8000', 'http://212.66.57.18:8000/listen.pls', 'http://www.radiobengel.com.ua/download/32kbps.m3u', 'http://rmix.dp.ua/listen_high.m3u', 'http://91.194.251.74:8000/superfm128.mp3.m3u', 'http://nashe.ua/nashe.m3u', 'http://xhost.feosky.net:8000/57358.m3u', 'http://www.prosto.fm/files/ProstoRadio128-Odessa.m3u', 'http://narodnoe.fm/files/NaRadiO128.m3u', 'http://online-rusradio.tavrmedia.ua/RusRadio.m3u', 'http://cast.loungefm.com.ua/loungefm.m3u', 'http://80.245.113.11:8076', 'http://mfile.akamai.com/10619/live/reflector:31070.asx', 'http://fm.odtrk.km.ua:8000/listen.pls', 'http://psyradio.com.ua/PsyRadio_256kbps.m3u', 'https://youtube.com', 'https://i.ytimg.com/vi/xl5pHAYpIiY/0.jpg', 'https://www.hellenicshippingnews.com/wheat-regains-ground-with-u-s-data-ukraine-war-in-focus', 'https://www.hindustantimes.com/world-news/us-news/biden-and-first-lady-welcome-japanese-pm-and-his-wife-at-the-white-house-101712712636799.html', 'https://www.beijingnews.net/news/274245862/silver-market-witnesses-surge-in-imports-260-per-cent-increase-in-figures-from-february', 'https://www.whitehouse.gov/briefing-room/press-briefings/2024/04/09/press-briefing-by-press-secretary-karine-jean-pierre-and-national-security-advisor-jake-sullivan-14', 'https://www.theguardian.com/business/2024/apr/08/global-economic-risks-could-eclipse-anything-since-second-world-war-says-jp-morgan-boss', 'https://thehill.com/business/4580742-jamie-dimon-on-ukraine-staying-on-sidelines-not-an-option', 'https://menafn.com/1108072261/Ukraine-Is-Using-AI-Supported-Drones-To-Sabotage-Russian-Energy-Systems', 'https://eu.detroitnews.com/story/business/2024/04/08/wall-street-holds-steadier-after-last-weeks-bumpy-ride/73242899007', 'https://www.woonsocketcall.com/news/national_and_world_news/stock-market-today-wall-street-holds-steady-after-a-bumpy-ride-last-week/article_5cc2c0c7-4a77-58d4-bd9f-906d835e5cc1.html', 'https://www.springfieldnewssun.com/nation-world/south-korea-launches-its-2nd-military-spy-satellite-amid-animosities-with-north-korea/KBO4XZ7CIBC2BMIEBYHY7Y6BCI', 'https://eu.tennessean.com/story/money/2024/04/07/personal-finance-understand-the-nuances-of-investing-in-gold/73179211007', 'https://edition.cnn.com/2024/04/11/climate/bogota-water-rationing-drought-climate-intl/index.html', 'https://www.livemint.com/news/world/on-pm-modi-s-border-row-comments-china-says-noted-the-remarks-11712842841959.html', 'https://www.aljazeera.com/news/2024/4/11/turning-a-blind-eye-zelenskyy-slams-allies-as-russia-intensifies-attacks', 'https://www.sfgate.com/news/world/article/mali-s-junta-suspends-all-political-activities-19397053.php', 'https://www.rte.ie/news/middle-east/2024/0411/1442892-biden-iran-israel', 'https://www.startribune.com/wife-of-julian-assange-says-bidens-comments-mean-case-could-be-moving-in-the-right-direction/600358068', 'https://www.newstatesman.com/politics/uk-politics/2024/04/rishi-sunaks-shelf-life-is-over', 'https://koreatimes.co.kr/www/opinion/2024/04/197_372291.html?utm_source=fl', 'https://www.dubai.com', 'https://travelagents.com', 'https://globalweather.com', 'https://worldphotos.com', 'https://cheese.com', 'https://broadcasts.com', 'https://metas.com', 'https://students.com', 'https://emissions.com', 'https://population.com', 'https://domaines.com', 'https://wages.com']"
111.17,1,0,1,0,5,3,60.33,26.13,0.0,0.0,0,1,0,0,0.03,10,0.0,1,0,0,0,0,0,0,0,1,0,0,0,0,0,2,0,0,ipa-ukraine.fr,fr,https://www.ipa-ukraine.fr,200,0,False,200,False,False,False,False,False,False,0,0,0,1,1,2022-04-03,"['https://www.paypal.com/donate/?hosted_button_id=8WFKJ4DPUXYUG', 'http://www.bac-estate.com/fr', 'https://ipa--ukraine-fr.translate.goog/?_x_tr_sl=auto&_x_tr_tl=en&_x_tr_hl=fr&_x_tr_pto=wapp']"
15.96,1,0,0,0,8,5,32.6,22.29,0.0,0.0,0,0,0,0,0.0,17,0.0,0,0,0,0,0,0,1,0,0,0,2,2,2,0,2,2,0,irelandforukraine.ie,ie,https://www.irelandforukraine.ie,200,0,False,200,False,False,False,False,False,False,0,0,0,1,1,2022-03-16,"['https://www.communityfoundation.ie/insights/newsroom/ireland-for-ukraine-fund', 'http://concern.net', 'https://www.redcross.ie', 'https://www.unicef.ie', 'https://www.trocaire.org']"
1.2,1,0,0,0,1,0,0.0,0.0,0.0,0.0,0,0,0,0,0.16,18,0.0,0,0,0,1,0,0,0,0,0,0,1,1,1,1,1,1,1,irelandhelpukraine.com,com,https://www.irelandhelpukraine.com,-1,0,False,200,False,False,False,False,True,False,95,1,0,0,1,2022-02-27,[]
1.19,1,0,0,0,1,6,62.67,39.33,0.0,0.17,0,0,0,0,0.16,14,0.0,0,0,0,0,0,0,0,0,0,0,2,2,2,0,0,2,0,irelandukraine.com,com,https://www.irelandukraine.com,200,1,False,200,False,False,False,False,False,False,0,0,0,1,0,2022-05-26,"['https://www.ukrainians.ie', 'https://www.facebook.com/groups/326989305921499', 'https://www.citizensinformation.ie/en/moving_country/asylum_seekers_and_refugees/the_asylum_process_in_ireland/coming_to_ireland_from_ukraine.html', 'https://www.irishrefugeecouncil.ie/ukraine-information-note', 'https://spunout.ie/life/your-rights/support-ukrainian-refugees', 'https://www.limerickwebsitedesign.com']"
76.92,1,1,1,1,14,6,81.0,51.52,0.17,0.5,0,0,0,0,0.16,17,0.0,0,0,0,0,0,0,0,0,0,0,2,2,2,0,2,2,0,ironshieldukraine.com,com,https://www.ironshieldukraine.com,200,0,False,200,False,False,False,False,False,False,0,0,0,1,1,2022-05-06,"['https://www.facebook.com/The-Iron-Shield-of-Ukraine-Charitable-Foundation-110527811772898', 'https://www.instagram.com/iron.shield.of.ukraine', 'https://t.me/ironshieldukraine', 'https://invite.viber.com/?g2=AQAuINOi6c2VY0%2Bu34NaKnDWEFWbQtIQU4onud2%2B3jl1IhfLpURDoN1GYPcyh8%2FH&fbclid=IwAR368igzxMhDVLWsMuhWS4_TcI5Ed-IcYu4ix5gtm54wn442Mg7aKfiy4sk&lang=ru', 'https://pay.mbnk.biz/dlCqunuZQmAs', 'https://secure.wayforpay.com/donate/projectgestureofgratitude?lang=en&vkh=64b3e504-195c-4902-8c0d-24e722d1dba8']"
61.04,1,0,0,0,12,10,29.7,12.4,0.0,0.2,0,0,0,0,0.16,10,0.0,1,0,0,0,0,0,0,0,1,0,0,0,0,0,0,0,0,isc-ukraine.com,com,https://www.isc-ukraine.com,-1,0,False,200,False,False,False,False,False,False,0,0,0,0,1,2022-03-27,"['https://secure.wayforpay.com/donate/isc', 'https://reply.io', 'http://syndicate.in.ua', 'https://www.facebook.com/Loft.mens.club.dp.page', 'https://yalantis.com', 'https://www.luxoft.com', 'https://www.oracle.com/cis', 'https://loopme.com', 'https://www.notion.so/60fe409fcafb4bde8e3591bb777835b1', 'https://instagram.com/isc.ukraine']"
1187.0,1,0,0,0,18,4,65.25,33.71,0.25,1.0,0,0,0,0,0.05,13,0.071,0,0,0,0,0,0,0,1,0,0,0,0,0,0,0,0,0,israel4ukraine.org,org,https://www.israel4ukraine.org,200,0,False,200,False,False,False,False,False,False,0,0,0,0,0,2022-03-09,"['https://api.whatsapp.com/send/?phone=972584085858&text&type=phone_number&app_absent=0', 'https://www.facebook.com/Israel4Ukraine', 'https://t.me/israel4ukraine', 'https://www.instagram.com/israel4ukraine/?fbclid=IwAR30-iyqFHZLKwHdfe9riszxBJ_WE1ILRAdHQVwLVze4bH0UzmhFCTJYfMc']"
0.61,1,0,0,0,1,0,0.0,0.0,0.0,0.0,0,0,0,0,0.05,10,0.0,1,0,0,0,0,0,0,0,1,1,1,1,1,1,1,1,1,iss-ukraine.org,org,https://www.iss-ukraine.org,200,0,False,200,False,False,False,False,True,False,75,0,0,0,0,2022-07-07,[]
19.3,1,1,0,0,1,3,40.0,6.16,0.0,1.0,0,0,0,0,0.01,17,0.0,0,0,0,1,1,0,0,0,0,0,2,2,2,0,2,2,0,istandwithukraine.care,care,https://www.istandwithukraine.care,200,1,False,200,False,False,False,False,True,False,55,0,0,0,0,2022-04-06,"['https://www.facebook.com/groups/276295944662565', 'https://twitter.com/Iwithukraine', 'https://instagram.com/i_standwith_ukraine']"
132.51,1,0,0,0,1,0,0.0,0.0,0.0,0.0,0,0,0,0,0.01,17,0.0,0,0,0,1,0,0,0,0,0,0,0,0,0,0,0,0,0,istandwithukraine.clothing,clothing,https://www.istandwithukraine.clothing,200,0,False,200,False,False,False,False,True,False,55,0,0,0,0,2022-03-23,[]
93.33,1,1,0,0,10,5,45.4,11.67,0.0,0.6,0,1,1,0,0.01,17,0.0,0,0,0,1,0,0,0,0,0,0,0,2,0,0,2,0,0,istandwithukraine.de,de,https://www.istandwithukraine.de,200,0,False,200,False,False,False,False,False,False,0,0,0,0,0,2022-03-02,"['https://www.facebook.com/IStandWithUkraine.DE', 'https://www.instagram.com/istandwithukraine.de', 'https://www.linkedin.com/company/istandwithukraine', 'https://www.paypal.com/donate/?hosted_button_id=ETD3LDNB3SEJW', 'https://BETTERCALLKAT.COM']"
4.6,1,0,0,0,1,1,40.0,0.0,0.0,0.0,0,0,0,0,0.16,24,0.0,0,0,0,0,0,1,0,0,1,0,2,2,2,0,2,2,0,istherestillwarinukraine.com,com,https://www.istherestillwarinukraine.com,200,0,False,200,False,False,False,False,True,False,55,0,0,0,0,2022-03-22,['https://firebase.google.com/docs/hosting']
1.13,1,0,0,0,1,5,30.4,13.51,0.0,0.4,0,0,0,0,0.16,25,0.0,0,0,0,0,0,0,0,0,1,0,2,2,2,0,2,2,0,isukrainestillunderattack.com,com,https://www.isukrainestillunderattack.com,200,0,False,200,False,False,False,False,True,False,55,0,0,0,0,2022-03-14,"['https://war.ukraine.ua', 'https://www.directrelief.org', 'https://meduza.io', 'https://twitter.com/CITeam_ru', 'https://www.youtube.com/channel/UCDPBNOk-hYbmb_Uo2KoES1g']"
27.86,1,0,0,0,12,5,75.8,22.92,0.0,0.8,0,0,1,0,0.06,15,0.0,0,0,0,1,0,0,0,0,1,0,2,2,2,0,0,2,0,isupportukraine.eu,eu,https://www.isupportukraine.eu,200,0,False,200,False,False,False,False,True,False,35,0,0,0,0,2022-02-27,"['https://www.facebook.com/sharer/sharer.php?u=https%3A%2F%2Fisupportukraine.eu', 'https://twitter.com/intent/tweet?text=https://isupportukraine.eu&original_referer=https://en.isupportukraine.eu', 'https://telegram.me/share/url?url=https://isupportukraine.eu', 'https://api.whatsapp.com/send/?phone&text=https%3A%2F%2Fisupportukraine.eu&app_absent=0', 'https://www.instagram.com/isupportukraine.eu']"
571.78,1,0,1,0,4,1,31.0,0.0,0.0,1.0,0,0,0,0,0.13,15,0.0,0,0,0,1,0,0,0,0,1,0,0,0,0,0,0,0,0,isupportukraine.net,net,https://www.isupportukraine.net,200,0,False,200,False,False,False,False,True,False,55,0,0,0,0,2022-04-30,['https://twitter.com/vasyl_tsupa']
24.85,1,0,0,0,2,31,100.19,28.26,0.0,0.1,0,0,0,0,0.16,10,0.0,0,0,0,0,0,0,0,0,0,0,2,2,2,0,2,2,0,ivyukraine.com,com,https://www.ivyukraine.com,200,0,False,200,False,False,False,False,False,False,0,0,0,0,0,2022-03-06,"['https://wiadomosci.onet.pl/kraj/pomoc-dla-ukrainskich-uczniow-rusza-ivy-ukraine/b6gzx0h', 'https://businessinsider.com.pl/wiadomosci/rusza-ivy-ukraine-wsparcie-w-nauce-dla-dzieci-i-mlodziezy-z-ukrainy/2bnfkhp', 'https://gazetawroclawska.pl/bezplatne-korepetycje-dla-uczniow-z-ukrainy-ruszyla-platforma-z-zajeciami-online/ar/c5-17129117', 'https://dziennikzachodni.pl/bezplatne-korepetycje-dla-uczniow-z-ukrainy-ruszyla-platforma-z-zajeciami-online/ar/c5-17129117', 'https://dziennikpolski24.pl/bezplatne-korepetycje-dla-uczniow-z-ukrainy-ruszyla-platforma-z-zajeciami-online/ar/c5-17129117', 'https://www.radiopik.pl/?idp=2&szukaj=&s=&idx=106043', 'https://nashapolsha.pl/u-polshhi-zapustili-proekt-dlya-ukrayinskih-uchniv-ivy-ukraine', 'https://nto.pl/bezplatne-korepetycje-dla-uczniow-z-ukrainy-ruszyla-platforma-z-zajeciami-online/ar/c5-17129117', 'https://gazetakrakowska.pl/bezplatne-korepetycje-dla-uczniow-z-ukrainy-ruszyla-platforma-z-zajeciami-online/ar/c5-17129117', 'https://expressbydgoski.pl/bezplatne-korepetycje-dla-uczniow-z-ukrainy-ruszyla-platforma-z-zajeciami-online/ar/c5-17129117', 'https://shoppingpl.com/news/2119-u-polshchi-zapustyly-proekt-ivy-ukraine-dlya-ukrajinskykh-uchniv', 'https://kurierlubelski.pl/bezplatne-korepetycje-dla-uczniow-z-ukrainy-ruszyla-platforma-z-zajeciami-online/ar/c5-17129117', 'https://dziennikbaltycki.pl/bezplatne-korepetycje-dla-uczniow-z-ukrainy-ruszyla-platforma-z-zajeciami-online/ar/c5-17129117', 'https://dzienniklodzki.pl/bezplatne-korepetycje-dla-uczniow-z-ukrainy-ruszyla-platforma-z-zajeciami-online/ar/c5-17129117', 'https://poranny.pl/bezplatne-korepetycje-dla-uczniow-z-ukrainy-ruszyla-platforma-z-zajeciami-online/ar/c5-17129117', 'https://biznesiswiat.pl/wiadomosci/rusza-projekt-ivy-ukraine-pomoc-dla-ukrainskich-uczniow', 'https://gazetalubuska.pl/bezplatne-korepetycje-dla-uczniow-z-ukrainy-ruszyla-platforma-z-zajeciami-online/ar/c5-17129117', 'https://i.pl/bezplatne-korepetycje-dla-uczniow-z-ukrainy-ruszyla-platforma-z-zajeciami-online/ar/c5-17129117', 'https://nowosci.com.pl/bezplatne-korepetycje-dla-uczniow-z-ukrainy-ruszyla-platforma-z-zajeciami-online/ar/c5-17129117', 'https://wspolczesna.pl/bezplatne-korepetycje-dla-uczniow-z-ukrainy-ruszyla-platforma-z-zajeciami-online/ar/c5-17129117', 'https://expressilustrowany.pl/bezplatne-korepetycje-dla-uczniow-z-ukrainy-ruszyla-platforma-z-zajeciami-online/ar/c5-17129117', 'https://www.dziennik365.pl/rusza-projekt-ivy-ukraine-pomoc-dla-ukrainskich-uczniow ', 'https://gk24.pl/bezplatne-korepetycje-dla-uczniow-z-ukrainy-ruszyla-platforma-z-zajeciami-online/ar/c5-17129117', 'https://strefaedukacji.pl/bezplatne-korepetycje-dla-uczniow-z-ukrainy-ruszyla-platforma-z-zajeciami-online/ar/c5-17129117', 'https://sadeczanin.info/informacje-ukraina/ukrayinski-shkolyari-v-polshchi-mozhut-skoristatisya-poslugami-bezplatnih', 'https://uainfo.eu/topic/2005-безкоштовні-репетитори-для-українських-школярів-у-польщі', 'https://serwis.gazetafinansowa.info.pl/rusza_projekt_ivy_ukraine_pomoc_dla_ukraińskich_uczni�lw-p105582.html', 'https://www.linkedin.com/in/adam-borowski-38a08994', 'https://www.instagram.com/ivyconsultants/ ', 'https://www.facebook.com/ivyconsultantscom', 'http://www.ivyconsultants.com']"
82.22,1,0,0,0,10,3,35.67,11.15,0.0,0.33,0,0,0,0,0.05,18,0.0,0,0,0,0,0,0,0,0,1,0,0,0,0,0,0,0,0,jaccueillelukraine.org,org,https://www.jaccueillelukraine.org,200,0,False,200,False,False,False,False,False,False,0,0,0,0,0,2022-03-04,"['https://www.facebook.com/groups/1480331855697785', 'https://themegrill.com/themes/colormag', 'https://wordpress.org']"
34.8,1,0,0,0,14,1,110.0,0.0,0.0,0.0,0,0,0,0,0.05,29,0.0,0,0,0,0,0,0,1,0,1,0,2,2,2,0,0,2,0,jamestownukrainereliefproject.org,org,https://www.jamestownukrainereliefproject.org,200,0,False,200,False,False,False,False,False,False,0,0,0,0,0,2022-03-22,['https://mailchimp.com/referral/?utm_source=freemium_website&utm_medium=website&utm_campaign=referral_marketing']
822.45,1,0,0,0,1,1,41.0,0.0,0.0,0.0,0,0,0,0,0.05,12,0.0,1,0,0,0,0,0,0,0,0,0,0,0,0,0,0,0,0,japan-ukraine.org,org,https://www.japan-ukraine.org,200,0,False,200,False,False,False,False,True,False,55,0,0,0,0,2022-06-18,['https://camp-fire.jp/projects/view/597629']
63.82,1,0,0,0,3,5,47.4,15.88,0.0,0.4,0,0,0,0,0.03,18,0.0,0,0,0,0,0,0,0,0,1,1,2,2,2,0,2,2,0,jesoutienslukraine.fr,fr,https://www.jesoutienslukraine.fr,200,0,False,200,False,False,False,False,False,False,0,0,0,0,0,2022-03-05,"['https://www.facebook.com/jesoutienslukraine', 'https://www.instagram.com/jesoutienslukraine/?hl=fr', 'https://www.kengo.bzh/donner-a-une-association/12/je-soutiens-lukraine', 'https://www.inodia.fr', 'https://wordpress.org/plugins/gdpr-cookie-compliance']"
1545.97,1,0,0,0,3,1,47.0,0.0,0.0,1.0,0,0,0,0,0.03,13,0.0,2,0,0,0,0,0,0,0,0,0,0,0,0,0,0,0,0,je-suis-ukraine.fr,fr,https://www.je-suis-ukraine.fr,200,0,False,200,False,False,False,False,True,False,55,0,0,0,0,2022-04-14,['https://www.facebook.com/groups/515027097058592']
830.77,1,0,0,0,39,0,0.0,0.0,0.0,0.0,0,0,0,0,0.16,14,0.0,0,0,0,0,0,0,1,0,0,0,0,0,0,0,0,0,0,jetsforukraine.com,com,https://www.jetsforukraine.com,200,0,False,302,False,False,False,False,False,False,0,0,0,0,0,2022-03-30,[]
65.54,1,0,0,0,7,25,22.0,8.18,0.0,0.04,0,0,0,0,0.01,14,0.0,0,0,0,0,0,0,1,0,0,0,0,0,0,0,2,0,0,jewsforukraine.hu,hu,https://www.jewsforukraine.hu,500,0,False,200,False,False,False,False,True,False,61,0,0,0,0,2022-03-02,"['https://mazsihisz.hu', 'https://jdc.org', 'https://www.worldjewishcongress.org/en', 'https://www.iki-szochnut.org', 'http://www.balinthaz.hu', 'https://somer.hu', 'https://mozaikhub.hu', 'https://www.lauder.hu', 'https://cedek.hu', 'https://www.bbyo.hu', 'http://www.bzsh.hu', 'https://www.mazs.hu', 'https://www.facebook.com/hanoarhungary', 'http://www.adomanytaxi.hu', 'http://haver.hu', 'https://www.eletmenete.hu', 'http://frankel.hu', 'http://limmud.hu', 'http://mazsike.hu', 'https://maccabi.hu', 'https://www.bnaibrith.hu', 'http://www.kidma.hu', 'https://akibic.hu', 'https://mazsok.hu', 'https://2020kozosseg.org/adatkezelesi-tajekoztato']"
0.82,1,0,0,0,1,0,0.0,0.0,0.0,0.0,0,0,1,0,0.01,10,0.091,0,0,0,0,0,0,0,1,0,0,1,1,1,1,1,1,1,job4ukraine.de,de,https://www.job4ukraine.de,200,1,False,200,False,False,False,False,True,False,75,0,0,0,0,2022-04-14,[]
79.67,0,0,0,0,69,11,42.36,28.6,0.0,0.36,0,0,0,0,0.01,10,0.091,0,0,0,0,0,0,0,1,0,0,0,2,2,0,0,0,0,job4ukraine.dk,dk,https://www.job4ukraine.dk,200,0,False,200,False,False,False,False,False,False,0,0,0,0,0,2022-03-10,"['https://www.integrationsjob.dk', 'https://jobindex.tv', 'https://itunes.apple.com/dk/app/jobindex/id450135539?mt=8&pt=559075&ct=footer', 'https://play.google.com/store/apps/details?id=dk.jobindex.Jobindex&utm_source=app&utm_medium=android&utm_campaign=footer', 'https://www.facebook.com/jobindex', 'https://www.linkedin.com/company/jobindex', 'https://www.youtube.com/jobindex', 'https://www.instagram.com/jobindex_dk', 'https://www.it-jobbank.dk', 'https://www.stepstone.dk', 'https://www.computerworld.dk']"
79.67,0,0,0,0,69,11,42.36,28.6,0.0,0.36,0,0,0,0,0.01,13,0.0,0,0,0,0,0,0,1,0,0,0,0,2,2,0,0,0,0,jobforukraine.dk,dk,https://www.jobforukraine.dk,200,0,False,200,False,False,False,False,False,False,0,0,0,0,0,2022-03-05,"['https://www.integrationsjob.dk', 'https://jobindex.tv', 'https://itunes.apple.com/dk/app/jobindex/id450135539?mt=8&pt=559075&ct=footer', 'https://play.google.com/store/apps/details?id=dk.jobindex.Jobindex&utm_source=app&utm_medium=android&utm_campaign=footer', 'https://www.facebook.com/jobindex', 'https://www.linkedin.com/company/jobindex', 'https://www.youtube.com/jobindex', 'https://www.instagram.com/jobindex_dk', 'https://www.it-jobbank.dk', 'https://www.stepstone.dk', 'https://www.computerworld.dk']"
52.37,1,0,0,0,10,14,52.57,24.22,0.0,0.0,0,0,0,0,0.01,15,0.0,0,0,0,0,0,0,0,0,0,0,2,2,2,0,0,2,0,jobguideukraine.dk,dk,https://www.jobguideukraine.dk,200,0,False,200,False,False,False,False,True,False,55,0,0,0,0,2022-03-18,"['https://www.nyidanmark.dk/de-DE/Words%20and%20Concepts%20Front%20Page/Shared/Information%20Ukraine', 'https://skat.dk/skat.aspx?oid=2349629&vid=0&lang=ua', 'https://lifeindenmark.borger.dk/apps-and-digital-services/digital-services-in-denmark', 'https://job.jobnet.dk/CV/FindWork?Offset=0&SortValue=BestMatch&SearchString=%23JobsforUkraine', 'https://www.jobindex.dk/cms/jobs-for-ukraine-ukrainsk', 'https://www.sundhedsjobs.dk/in-english', 'https://jobbank.dk/en/page/2203/jobs-for-ukrainians-in-denmark', 'https://pro.ing.dk/peopletech/fokus/stem-jobs-ukrainians', 'https://www.3f.dk/find-svar/jobsoegning/working-in-denmark', 'https://www.jobted.dk', 'https://workindenmark.dk', 'https://bm.dk/privatlivspolitik', 'https://was.digst.dk/jobguideukraine-dk', 'https://Kriseinformation.dk']"
79.67,0,0,0,0,69,11,42.36,28.6,0.0,0.36,0,0,0,0,0.01,11,0.083,0,0,0,0,0,0,0,1,0,0,0,2,2,0,0,0,0,jobs4ukraine.dk,dk,https://www.jobs4ukraine.dk,200,0,False,200,False,False,False,False,False,False,0,0,0,0,0,2022-03-10,"['https://www.integrationsjob.dk', 'https://jobindex.tv', 'https://itunes.apple.com/dk/app/jobindex/id450135539?mt=8&pt=559075&ct=footer', 'https://play.google.com/store/apps/details?id=dk.jobindex.Jobindex&utm_source=app&utm_medium=android&utm_campaign=footer', 'https://www.facebook.com/jobindex', 'https://www.linkedin.com/company/jobindex', 'https://www.youtube.com/jobindex', 'https://www.instagram.com/jobindex_dk', 'https://www.it-jobbank.dk', 'https://www.stepstone.dk', 'https://www.computerworld.dk']"
0.11,1,0,0,0,1,0,0.0,0.0,0.0,0.0,0,0,0,0,0.05,11,0.083,0,0,0,0,0,0,0,1,0,0,1,1,1,1,1,1,1,jobs4ukraine.org,org,https://www.jobs4ukraine.org,-1,0,False,200,False,False,False,False,True,False,95,0,0,0,0,2022-03-08,[]
32.42,1,0,0,0,12,1,25.0,0.0,0.0,0.0,0,0,0,0,0.16,14,0.067,0,0,0,0,0,0,0,1,0,0,2,2,2,0,2,2,0,jobs4ukrainians.com,com,https://www.jobs4ukrainians.com,200,0,False,200,False,False,False,False,False,False,0,0,0,0,0,2022-03-18,['https://searchstack.co.uk']
17.3,1,0,0,0,4,0,0.0,0.0,0.0,0.0,0,0,0,0,0.01,14,0.0,0,0,0,0,0,0,1,0,0,0,0,2,1,0,1,1,0,jobsforukraine.be,be,https://www.jobsforukraine.be,200,0,False,200,False,False,False,False,True,False,55,0,0,0,0,2022-04-03,[]
52.75,1,0,0,0,2,2,28.0,13.0,0.0,0.0,0,0,0,0,0.12,14,0.0,0,0,0,0,0,0,1,0,0,0,0,0,0,0,0,0,1,jobsforukraine.co,co,https://www.jobsforukraine.co,-1,0,False,200,True,False,False,False,True,False,99,0,0,0,0,2022-03-25,"['https://dan.com', 'https://www.trustpilot.com/review/dan.com']"
79.67,0,0,0,0,69,11,42.36,28.6,0.0,0.36,0,0,0,0,0.01,14,0.0,0,0,0,0,0,0,1,0,0,0,0,2,2,0,0,0,0,jobsforukraine.dk,dk,https://www.jobsforukraine.dk,200,0,False,200,False,False,False,False,False,False,0,0,0,0,0,2022-03-05,"['https://www.integrationsjob.dk', 'https://jobindex.tv', 'https://itunes.apple.com/dk/app/jobindex/id450135539?mt=8&pt=559075&ct=footer', 'https://play.google.com/store/apps/details?id=dk.jobindex.Jobindex&utm_source=app&utm_medium=android&utm_campaign=footer', 'https://www.facebook.com/jobindex', 'https://www.linkedin.com/company/jobindex', 'https://www.youtube.com/jobindex', 'https://www.instagram.com/jobindex_dk', 'https://www.it-jobbank.dk', 'https://www.stepstone.dk', 'https://www.computerworld.dk']"
67.02,1,1,0,1,25,16,38.38,14.26,0.0,0.19,0,0,0,0,0.13,14,0.0,0,0,0,0,0,0,1,0,1,0,0,2,2,0,2,2,0,jobsforukraine.net,net,https://www.jobsforukraine.net,200,0,False,200,False,False,False,False,False,False,0,0,0,0,0,2022-03-06,"['https://www.facebook.com/UKjobs-Forine', 'https://www.instagram.com/UKjobs-Forine', 'https://twitter.com/UKjobs-Forine', 'https://www.casinoreal.pt', 'https://livecasinofinder.com/live-casino-software-providers', 'https://ggbetapk.com/50-free-spins', 'https://www.rainbowrichesfreeplay.co.uk/rainbow-riches-bingo.htm', 'https://noviydom.com.ua', 'https://poker-bet.in/en_in', 'https://miglioricasinoonlineaams.com', 'https://edureviewer.com/best-executive-resume-writing-service-review', 'https://www.online-casino.org.es/rabona', 'https://play-fortune.pl', 'https://mypaperwriter.com', 'https://onlinecasinoosusume.jp', 'https://sharedeasy.club/furnished-rooms-for-rent-nyc']"
122.07,1,0,0,0,9,4,32.0,6.08,0.25,0.75,0,0,1,0,0.01,10,0.0,0,0,0,0,0,0,0,0,0,0,0,0,0,0,0,0,0,jobukraine.de,de,https://www.jobukraine.de,-1,0,False,200,False,False,False,False,False,False,40,0,0,0,0,2022-03-16,"['https://www.redcat-media.de', 'https://www.facebook.com/joukraine.de', 'https://www.instagram.com/jobukraine.de', 'https://t.me/jobukrainede']"
18.12,1,0,0,0,5,6,32.33,19.26,0.0,0.0,0,0,0,0,0.16,13,0.0,0,0,0,0,0,0,1,0,1,0,2,2,2,0,2,2,0,joyforukraine.com,com,https://www.joyforukraine.com,-1,0,False,200,False,False,False,False,True,False,55,0,0,0,0,2022-06-24,"['https://www.mediafire.com/file/jm1ydc4xetccz1n/Fifty_Reasons_-_UA.pdf/file', 'https://www.mwbooks.org', 'https://www.fewa.pl', 'https://didasko.cz', 'https://www.evangelium21.net', 'https://www.ewangeliawcentrum.pl']"
0.46,1,0,0,0,1,1,87.0,0.0,0.0,0.0,0,0,0,0,0.01,15,0.062,0,0,0,0,0,0,0,1,1,0,2,2,2,0,2,2,1,kaernten4ukraine.at,at,https://www.kaernten4ukraine.at,200,1,False,200,False,False,False,False,True,False,75,0,0,0,0,2022-04-14,['https://www.elenalike.com/event-details/karnten-sings-for-ukraine-peace-konzert-concert']
10.88,1,1,0,0,1,1,22.0,0.0,0.0,0.0,0,0,0,0,0.16,13,0.0,1,0,0,0,0,0,0,0,1,0,2,2,2,0,2,2,0,kalyna-ukraine.com,com,https://www.kalyna-ukraine.com,200,0,False,200,False,False,False,False,False,False,0,0,0,0,0,2022-06-08,['http://nikadent.com.ua']
139.17,1,0,0,0,2,0,0.0,0.0,0.0,0.0,0,0,0,0,0.16,11,0.0,1,0,0,0,0,0,0,0,1,0,0,0,0,0,0,0,0,kara-ukraine.com,com,https://www.kara-ukraine.com,200,0,False,200,False,False,False,False,False,False,0,0,0,0,0,2022-07-23,[]
234.43,0,0,0,0,2,5,33.0,5.1,0.0,0.6,0,0,0,0,0.16,15,0.0,1,0,0,0,0,0,0,0,1,0,0,0,0,0,0,0,0,katapult-ukraine.com,com,https://www.katapult-ukraine.com,200,0,False,200,False,False,False,False,False,False,0,0,0,0,0,2022-03-09,"['https://katapultu-magazin.de', 'https://www.facebook.com/KatapultM', 'https://www.instagram.com/katapultmagazin', 'https://twitter.com/KatapultUkraine', 'https://katapult-magazin.de']"
234.43,0,0,0,0,3,5,33.0,5.1,0.0,0.6,0,0,1,0,0.01,15,0.0,1,0,0,0,0,0,0,0,1,1,0,0,0,0,0,0,0,katapult-ukraine.de,de,https://www.katapult-ukraine.de,200,0,False,200,False,False,False,False,False,False,0,0,0,0,0,2022-03-09,"['https://katapultu-magazin.de', 'https://www.facebook.com/KatapultM', 'https://www.instagram.com/katapultmagazin', 'https://twitter.com/KatapultUkraine', 'https://katapult-magazin.de']"
98.67,1,0,0,0,3,1,42.0,0.0,0.0,1.0,0,0,0,0,0.05,17,0.0,0,0,0,0,0,0,0,0,0,0,0,0,0,0,0,0,0,keepukrainestrong.org,org,https://www.keepukrainestrong.org,200,1,False,200,False,False,False,False,True,False,55,0,0,0,0,2022-03-04,['https://www.facebook.com/KeepUkraineStrong']
174.83,1,1,0,1,49,1,158.0,0.0,0.0,0.0,0,0,0,1,0.05,15,0.062,0,0,0,0,0,0,0,1,0,0,2,0,2,0,0,0,1,keynsham4ukraine.org.uk,org.uk,https://www.keynsham4ukraine.org.uk,200,0,False,200,False,False,False,False,True,False,82,0,0,0,0,2022-06-09,['https://www.google.com/url?q=https%3A%2F%2Fmailchi.mp%2Fbathnes%2Fspecial-update-ukraine-7276249%3Fe%3D742113313b&sa=D&sntz=1&usg=AOvVaw186ylGdKlAsQp1XdMFP1sc']
116.93,1,1,0,0,5,0,0.0,0.0,0.0,0.0,0,0,0,0,0.05,18,0.0,0,0,0,1,0,0,0,0,1,0,0,0,0,0,0,0,0,kidshelpingukraine.org,org,https://www.kidshelpingukraine.org,200,0,False,200,False,False,False,False,True,False,55,0,0,0,0,2022-07-01,[]
0.88,1,0,0,0,1,0,0.0,0.0,0.0,0.0,0,0,0,0,0.02,13,0.0,0,0,0,0,0,0,0,0,1,0,1,1,1,1,1,1,1,kidsofukraine.io,io,https://www.kidsofukraine.io,200,0,False,200,False,False,False,False,True,False,75,0,0,0,0,2022-03-02,[]
81.23,1,0,0,0,2,7,84.86,32.83,0.0,0.29,0,0,0,0,0.05,13,0.0,2,0,0,0,0,0,0,0,1,0,2,2,2,0,0,2,0,kids-of-ukraine.org,org,https://www.kids-of-ukraine.org,200,0,False,200,False,False,False,False,False,False,0,0,0,0,0,2022-05-27,"['https://www.philanthropy.com/article/charity-in-wartime-how-a-ukrainian-childrens-cancer-group-carries-on', 'https://www.washingtonpost.com/world/2022/04/01/ukraine-children-cancer/?fbclid=IwAR1aQ2LUueyQLpEce_n_3dOQEMfKQ2Bk1SVOa_7uxfAYp0nxWQBQceS8V0k', 'https://www.nbcnews.com/news/world/kids-cancer-ukraine-shelter-hospital-basements-hoping-evacuate-rcna17939', 'https://people.com/politics/ukraine-inside-childrens-hospitals-amid-russia-invasion', 'https://www.foxnews.com/lifestyle/ukrainian-young-cancer-patients-us', 'https://www.facebook.com/kidsofukraine.foundation', 'https://www.instagram.com/kids.of.ukraine']"
0.11,1,0,0,0,1,0,0.0,0.0,0.0,0.0,0,0,0,0,0.16,15,0.0,2,0,0,0,0,0,0,0,1,1,1,1,1,1,1,1,1,killed-in-ukraine.com,com,https://www.killed-in-ukraine.com,-1,0,False,200,True,False,False,False,True,False,75,0,0,0,0,2022-07-15,[]
8.53,0,0,0,0,7,1,24.0,0.0,0.0,0.0,0,0,1,0,0.01,16,0.0,2,0,0,0,0,0,0,0,0,1,2,2,2,0,2,2,1,kino-hilft-ukraine.de,de,https://www.kino-hilft-ukraine.de,-1,0,False,200,True,False,False,False,True,False,90,0,0,0,0,2022-03-09,['http://www.domainname.de']
2.06,0,0,0,0,1,0,0.0,0.0,0.0,0.0,0,0,1,0,0.01,12,0.0,0,0,0,0,0,0,0,0,0,0,1,1,1,1,1,1,0,kleinukraine.de,de,https://www.kleinukraine.de,200,0,False,200,False,False,False,False,False,False,0,0,0,0,0,2022-03-26,[]
68.73,0,0,0,0,127,13,57.15,44.24,0.0,0.31,0,0,0,0,0.0,17,0.0,0,0,0,0,0,0,0,0,0,0,2,2,2,-1,0,2,0,koelnhilftukraine.koeln,koeln,https://www.koelnhilftukraine.koeln,200,0,False,200,False,False,False,False,False,False,0,0,0,0,0,2022-03-01,"['https://conword.io', 'http://www.musenkuss-koeln.de', 'https://app-eu.readspeaker.com/cgi-bin/rsent?customerid=7758&lang=de_de&readid=rs_ganzeseite&url=https%3A%2F%2Fwww.stadt-koeln.de%2Fartikel%2F71801%2Findex.html%3Frs%3D1%26nocache%3D1', 'https://vhs-koeln.de/Suche?cmxelementid=web4e15b88472a73&seite=Suche&s=-48011&mf_objekt=Veranstaltung&f=cmx62348c14b2d73&p', 'https://www.aktion-deutschland-hilft.de/de/hilfseinsaetze/nothilfe-ukraine', 'https://www.bgk-verein.de/sachspende', 'https://koeln.business/ukraine', 'https://www.facebook.com/stadt.koeln50', 'https://www.instagram.com/stadt.koeln/?hl=de', 'https://www.xing.com/pages/stadtkoln', 'https://de.linkedin.com/company/stadt-koeln', 'https://www.kununu.com/de/stadt-koeln', 'https://whatsapp.com/channel/0029VaDAaalA2pLHmBHtyb45']"
96.57,0,0,0,0,25,10,182.3,111.36,0.0,0.6,0,0,1,0,0.01,20,0.0,1,0,0,0,0,0,0,0,1,0,2,2,2,0,0,2,0,kommunen-ukrainekrise.de,de,https://www.kommunen-ukrainekrise.de,200,0,False,200,False,False,False,False,False,False,0,0,0,0,0,2022-03-26,"['https://www.facebook.com/sharer.php?u=https://www.bertelsmann-stiftung.de/de/unsere-projekte/kommunen-in-der-ukrainekrise-staerken', 'https://twitter.com/share?url=https://www.bertelsmann-stiftung.de/de/unsere-projekte/kommunen-in-der-ukrainekrise-staerken&text=Kommunen%20in%20der%20Ukrainekrise%20st%C3%A4rken&via=BertelsmannSt', 'https://www.linkedin.com/shareArticle?url=https://www.bertelsmann-stiftung.de/de/unsere-projekte/kommunen-in-der-ukrainekrise-staerken&title=Kommunen%20in%20der%20Ukrainekrise%20st%C3%A4rken', 'https://reddit.com/submit?url=https://www.bertelsmann-stiftung.de/de/unsere-projekte/kommunen-in-der-ukrainekrise-staerken&title=Kommunen%20in%20der%20Ukrainekrise%20st%C3%A4rken', 'https://pinterest.com/pin/create/bookmarklet/?media=[post-img]&url=https://www.bertelsmann-stiftung.de/de/unsere-projekte/kommunen-in-der-ukrainekrise-staerken&is_video=[is_video]&description=Kommunen%20in%20der%20Ukrainekrise%20st%C3%A4rken', 'https://api.whatsapp.com/send?text=Kommunen%20in%20der%20Ukrainekrise%20st%C3%A4rken%20https://www.bertelsmann-stiftung.de/de/unsere-projekte/kommunen-in-der-ukrainekrise-staerken', 'https://www.xing.com/spi/shares/new?url=https://www.bertelsmann-stiftung.de/de/unsere-projekte/kommunen-in-der-ukrainekrise-staerken', 'https://eur04.safelinks.protection.outlook.com/?url=https%3A%2F%2Fwww.bertelsmann-stiftung.de%2Fde%2Funsere-projekte%2Fveranstaltungen%2Fveranstaltungsanmeldung%2F%3Fcode%3D6782GC&data=05%7C01%7C%7C895453ed70564baec21a08da3d5a7629%7C7d7c3f36655c4e7a87d289ca2110c1d3%7C0%7C0%7C637889755988015046%7CUnknown%7CTWFpbGZsb3d8eyJWIjoiMC4wLjAwMDAiLCJQIjoiV2luMzIiLCJBTiI6Ik1haWwiLCJXVCI6Mn0%3D%7C3000%7C%7C%7C&sdata=DLxI0VRWTTU0I8%2BTX0FSN52d7Ms6HLPM%2B61fMaU3pKo%3D&reserved=0', 'https://www.instagram.com/bertelsmannstiftung', 'https://www.youtube.com/user/BertelsmannStiftung?gl=DE&amp;hl=de']"
35.06,1,0,0,0,9,0,0.0,0.0,0.0,0.0,0,0,1,0,0.01,18,0.0,1,0,0,0,0,0,0,0,0,0,0,0,0,0,1,0,1,kooperation-ukraine.de,de,https://www.kooperation-ukraine.de,200,0,False,200,False,False,False,False,True,False,82,0,0,0,0,2022-03-22,[]
133.94,1,0,0,0,10,0,0.0,0.0,0.0,0.0,0,0,0,0,0.05,15,0.0,0,0,0,0,0,0,1,0,0,0,0,0,0,0,0,0,1,kpactforukraine.org,org,https://www.kpactforukraine.org,200,0,False,200,False,False,False,False,True,False,82,0,0,0,0,2022-04-02,[]
133.94,0,0,0,0,10,0,0.0,0.0,0.0,0.0,0,0,0,0,0.05,15,0.0,1,0,0,0,0,0,1,0,1,0,0,0,0,0,0,0,1,k-pactforukraine.org,org,https://www.k-pactforukraine.org,200,0,False,200,False,False,False,False,True,False,82,0,0,0,0,2022-04-02,[]
16.02,1,0,0,0,1,2,34.0,6.0,0.0,0.0,0,0,1,0,0.01,21,0.0,2,0,0,0,0,0,0,0,0,0,2,2,2,0,2,2,0,krefeld-hilft-ukrainern.de,de,https://www.krefeld-hilft-ukrainern.de,200,0,False,200,False,False,False,False,False,False,0,0,0,0,0,2022-03-11,"['https://dasentwicklerhaus.de', 'https://eduma.thimpress.com/demo-kid-art']"
78.29,1,0,0,0,25,1,31.0,0.0,0.0,1.0,0,0,0,0,0.05,14,0.0,0,0,0,0,0,0,0,0,1,0,0,0,0,0,0,0,1,krigeniukraine.org,org,https://www.krigeniukraine.org,200,0,False,200,False,False,False,False,True,False,75,0,0,0,0,2022-04-16,['https://twitter.com/DanishGonzo']
584.02,1,0,0,0,6,0,0.0,0.0,0.0,0.0,0,0,0,0,0.05,13,0.0,0,0,0,0,0,0,0,0,1,0,0,0,0,0,0,0,0,kureshukraine.org,org,https://www.kureshukraine.org,200,0,False,200,False,False,False,False,False,False,0,0,0,0,0,2022-03-21,[]
37.74,1,0,0,0,3,9,34.78,15.32,0.0,0.22,0,1,1,0,0.01,10,0.091,0,0,0,0,0,0,0,1,0,0,2,2,2,0,2,2,0,kyf4ukraine.de,de,https://www.kyf4ukraine.de,200,0,False,200,False,False,False,False,False,False,0,0,0,0,0,2022-03-08,"['https://www.paypal.com/donate/?hosted_button_id=NRUBUDQPW7TWC&locale.x=de_DE', 'https://www.holzabbund.com', 'https://www.kyffhaeusersparkasse.de', 'https://www.inline-media.de', 'https://www.liebeautos.de', 'http://www.ziegen-peter.de', 'https://www.ihre-seite.de', 'https://www.instagram.com/kyf4ukraine', 'https://www.facebook.com/kyf4ukraine']"
37.8,1,0,0,0,3,9,34.78,15.32,0.0,0.22,0,1,1,0,0.01,22,0.0,2,0,0,0,0,0,0,0,0,0,2,2,2,0,2,2,0,kyffhaeuser-fuer-ukraine.de,de,https://www.kyffhaeuser-fuer-ukraine.de,200,0,False,200,False,False,False,False,False,False,0,0,0,0,0,2022-03-05,"['https://www.paypal.com/donate/?hosted_button_id=NRUBUDQPW7TWC&locale.x=de_DE', 'https://www.holzabbund.com', 'https://www.kyffhaeusersparkasse.de', 'https://www.inline-media.de', 'https://www.liebeautos.de', 'http://www.ziegen-peter.de', 'https://www.ihre-seite.de', 'https://www.instagram.com/kyf4ukraine', 'https://www.facebook.com/kyf4ukraine']"
73.6,1,0,0,0,4,3,26.33,4.78,0.33,0.33,0,0,0,0,0.05,22,0.0,0,0,0,0,0,0,0,0,1,0,0,0,0,0,0,0,0,labourfriendsofukraine.org,org,https://www.labourfriendsofukraine.org,200,0,False,200,False,False,False,False,True,False,55,0,0,0,0,2022-02-27,"['https://twitter.com/UkraineLabour', 'http://eepurl.com/hVRyjb', 'http://squarespace.com']"
71.94,1,1,0,0,37,17,32.82,12.69,0.12,0.24,0,0,0,0,0.16,16,0.0,0,0,0,1,0,0,0,0,1,0,0,2,2,0,2,2,0,laruhelpsukraine.com,com,https://www.laruhelpsukraine.com,200,0,False,200,False,False,False,False,False,False,0,0,0,0,0,2022-03-09,"['http://PayPal.Me/laruhelpsukraine', 'https://buy.stripe.com/cN2eWscEb30P2GI9AC', 'https://www.bmi.bund.de/DE/startseite/startseite-node.html', 'https://www.mvcr.cz/mvcren', 'https://www.icmpd.org', 'https://helpforukraine.charite.de/ua', 'https://www.bunt-berlin.de', 'https://www.kadewe.de', 'https://www.myquarki.de', 'https://familienzentrum-villaluetzow.de', 'http://itstartline.com', 'https://www.frau-tonis-parfum.com', 'https://olenka.de', 'https://www.instagram.com/accounts/login/?next=/laruhelpsukraine_', 'https://www.facebook.com/LaruHelpsUKRAINE', 'https://t.me/laruhelpsukraine', 'https://wa.me/4915208277408']"
0.34,1,0,0,0,1,0,0.0,0.0,0.0,0.0,0,0,0,0,0.03,16,0.0,0,0,0,0,0,0,0,0,0,0,1,1,1,1,1,1,1,lavoixdelukraine.fr,fr,https://www.lavoixdelukraine.fr,403,0,False,200,False,False,False,False,True,False,82,0,0,0,0,2022-04-11,[]
133.03,1,0,0,0,27,2,102.0,9.0,0.0,0.0,1,1,0,0,0.16,21,0.0,0,0,0,0,0,0,1,0,1,0,0,2,0,0,0,0,0,learntospeakukrainian.com,com,https://www.learntospeakukrainian.com,-1,0,False,200,False,False,False,False,False,False,0,0,0,0,0,2022-05-28,"['https://docs.google.com/forms/d/e/1FAIpQLSexS0pZuvwzwuYo9ncvb2zU2CtpUQSHJW7nSw-UdzfMlIaTSw/viewform?usp=sharing', 'https://www.paypal.com/cgi-bin/webscr?cmd=_s-xclick&hosted_button_id=AHVQG37W34RJA&source=url']"
135.41,0,0,0,0,27,2,102.0,9.0,0.0,0.0,1,1,0,0,0.05,21,0.0,0,0,0,0,0,0,1,0,1,0,0,0,0,0,0,0,0,learntospeakukrainian.org,org,https://www.learntospeakukrainian.org,200,0,False,302,False,False,False,False,False,False,0,0,0,0,0,2022-05-28,"['https://docs.google.com/forms/d/e/1FAIpQLSexS0pZuvwzwuYo9ncvb2zU2CtpUQSHJW7nSw-UdzfMlIaTSw/viewform?usp=sharing', 'https://www.paypal.com/cgi-bin/webscr?cmd=_s-xclick&hosted_button_id=AHVQG37W34RJA&source=url']"
1.38,1,0,0,0,2,0,0.0,0.0,0.0,0.0,0,0,0,1,0.12,14,0.0,0,0,0,0,0,0,0,0,1,0,1,1,1,1,1,1,1,learnukrainian.co.uk,co.uk,https://www.learnukrainian.co.uk,-1,0,False,200,False,False,False,False,True,False,77,0,0,0,0,2022-04-12,[]
1.19,1,0,0,0,1,0,0.0,0.0,0.0,0.0,0,0,0,0,0.16,12,0.0,0,0,0,0,0,0,0,0,1,0,1,1,1,1,1,1,1,leaveukraine.com,com,https://www.leaveukraine.com,-1,0,False,200,False,False,False,False,True,False,95,0,0,0,0,2022-02-26,[]
85.99,1,0,0,0,5,1,99.0,0.0,0.0,0.0,1,0,0,0,0.16,18,0.0,0,0,0,0,0,0,0,0,1,0,2,2,2,0,0,2,0,leaveukrainesafely.com,com,https://www.leaveukrainesafely.com,200,0,False,200,False,False,False,False,True,False,55,0,0,0,0,2022-03-09,['https://docs.google.com/forms/d/e/1FAIpQLSfE75YP3IDI5mxijzETlGpqWRNc2yOFK6uwDMIfGXNLluLqfg/viewform']
543.09,0,0,0,0,10,14,38.14,12.96,0.0,0.21,0,0,1,0,0.01,24,0.0,1,0,0,0,0,0,0,0,0,0,0,0,0,0,0,0,0,lebensmittelhilfe-ukraine.de,de,https://www.lebensmittelhilfe-ukraine.de,200,0,False,200,False,False,False,False,False,False,0,0,0,0,0,2022-03-04,"['https://bsky.app/profile/bmel.de', 'https://www.twitter.com/BMEL', 'https://www.instagram.com/lebensministerium', 'https://www.youtube.com/channel/UC8vNeptksGfl32FMaj-NBqw', 'https://apd-ukraine.de/de', 'https://deine-ukraine-hilfe.de', 'https://www.brot-bruecke-ukraine.eu/unsere-partner', 'https://www.aktion-deutschland-hilft.de', 'https://entwicklung-hilft.de', 'https://www.aktionsbuendnis-katastrophenhilfe.de', 'https://www.deutsche-stiftung-engagement-und-ehrenamt.de/ukrainehilfe', 'https://ukraine.lnob.net', 'https://www.ukrainehilfe.de', 'https://ukrainehilfe-breitscheid.de']"
0.11,1,0,0,0,1,0,0.0,0.0,0.0,0.0,0,0,0,0,0.05,13,0.0,1,0,0,0,0,0,0,0,1,0,1,1,1,1,1,1,0,legacy-ukraine.org,org,https://www.legacy-ukraine.org,200,1,False,200,False,False,False,False,True,False,61,0,0,0,0,2022-06-02,[]
5.44,1,0,0,0,3,0,0.0,0.0,0.0,0.0,0,0,1,0,0.01,17,0.0,0,0,0,0,0,0,0,0,0,1,1,1,1,1,1,1,0,legalguideukraine.de,de,https://www.legalguideukraine.de,200,0,False,200,False,False,False,False,False,False,0,0,0,0,0,2022-03-14,[]
130.31,1,0,0,0,1,0,0.0,0.0,0.0,0.0,0,0,1,0,0.06,12,0.0,0,0,0,0,0,0,0,0,1,0,0,0,0,0,0,0,0,legalukraine.eu,eu,https://www.legalukraine.eu,404,0,False,200,False,False,False,False,True,False,55,0,0,0,0,2022-07-06,[]
282.55,1,0,0,0,141,2,21.5,0.5,0.0,0.0,0,0,0,0,0.16,13,0.0,1,0,0,0,0,0,0,0,0,0,0,0,0,0,0,0,0,legion-ukraine.com,com,https://www.legion-ukraine.com,200,0,False,200,False,False,False,False,True,False,61,0,0,0,0,2022-04-18,"['https://www.liqpay.ua', 'https://horoshop.ua/ua']"
461.22,0,0,0,0,1,0,0.0,0.0,0.0,0.0,0,0,1,0,0.01,17,0.0,0,0,0,0,0,0,1,0,0,0,0,0,0,0,0,0,0,leipzigforukraine.de,de,https://www.leipzigforukraine.de,200,1,False,200,False,False,False,False,False,False,0,0,0,0,0,2022-04-12,[]
57.23,1,1,0,0,32,4,41.25,8.23,0.25,1.0,0,0,1,0,0.01,19,0.0,2,0,0,1,0,0,0,0,0,0,2,2,2,0,2,2,0,leipzig-helps-ukraine.de,de,https://www.leipzig-helps-ukraine.de,200,0,False,200,False,False,False,False,False,False,0,0,0,0,0,2022-02-27,"['https://t.me/leipzig_helps_ukraine', 'https://instagram.com/leipzig_helps_ukraine', 'https://twitter.com/LeipzigHelpsUA', 'https://www.linkedin.com/company/leipzig-helps-ukraine']"
0.11,1,0,0,0,1,0,0.0,0.0,0.0,0.0,0,0,0,0,0.16,18,0.0,0,0,0,0,0,0,0,0,1,1,1,1,1,1,1,1,1,lessonsfromukraine.com,com,https://www.lessonsfromukraine.com,200,1,False,200,True,False,False,False,True,False,77,0,0,0,0,2022-03-07,[]
970.66,0,1,0,1,2,11,43.27,16.07,0.0,0.36,0,1,0,0,0.02,15,0.0,0,0,0,1,0,0,0,0,1,0,0,0,0,0,0,0,0,letshelpukraine.ca,ca,https://www.letshelpukraine.ca,-1,0,False,200,False,False,False,False,False,False,0,0,0,0,0,2022-03-17,"['https://website9508.wixsite.com/letshelpukraine', 'https://docs.google.com/spreadsheets/d/195udJFR4Hg7NUqq_0Wa_jwgJC0WzS4W7tWjAf7AJ0gw', 'https://www.facebook.com/yevgen.kotyukh', 'http://www.linkedin.com/in/natalia-ruemmele-0521151b', 'https://pomogaem.com.ua/eng', 'https://republicpilgrim.org/en', 'https://www.bronx-hub.org/en', 'https://www.paypal.com/donate/?hosted_button_id=H2R3S3RKVLHDN', 'https://send.monobank.ua/3m5VXUVM8M', 'https://twitter.com/UkraineDarling', 'https://www.instagram.com/ukrainedarling']"
55.62,1,0,0,0,2,0,0.0,0.0,0.0,0.0,0,0,0,0,0.05,18,0.0,0,0,0,0,0,0,0,0,1,0,0,0,0,0,0,0,0,lettersfromukraine.org,org,https://www.lettersfromukraine.org,200,0,False,200,False,False,False,False,True,False,55,0,0,0,0,2022-02-26,[]
39.16,1,0,0,0,11,3,34.0,0.82,0.0,1.0,0,0,0,1,0.05,12,0.077,0,0,0,0,0,0,0,1,1,0,2,2,2,0,2,2,0,lewes4ukraine.org.uk,org.uk,https://www.lewes4ukraine.org.uk,200,0,False,200,False,False,False,False,False,False,40,0,0,0,0,2022-03-24,"['https://facebook.com/lewes4ukraine', 'https://twitter.com/lewes4ukraine', 'https://instagram.com/lewes4ukraine']"
1379.75,1,0,0,0,9,7,56.71,30.46,0.0,0.71,0,1,0,0,0.05,14,0.0,0,0,0,0,0,0,0,0,1,0,0,0,0,0,0,0,0,libertyukraine.org,org,https://www.libertyukraine.org,200,0,False,200,False,False,False,False,False,False,0,0,0,0,0,2022-03-25,"['https://www.facebook.com/LibertyUkraineFoundation', 'https://www.instagram.com/libertyukraine', 'http://www.twitter.com/LibertyUkraineF', 'https://www.youtube.com/channel/UCqdbNpyWVjXvY815kWpkpBA', 'https://www.reddit.com/user/liberty_ukraine', 'https://www.linkedin.com/company/29024596', 'https://www.paypal.com/donate/?hosted_button_id=ABE5CMAQTU8FW&fbclid=IwAR1o2QyEEIm37Cj8dBMlr4Tt5-2srcoszTqAbMeWDp2aTqfyuKpVmfCzdkM']"
54.63,1,1,0,1,8,4,40.75,12.46,0.0,0.5,0,1,0,0,0.05,11,0.083,0,0,0,0,0,0,0,1,1,0,0,2,2,0,2,2,0,life4ukraine.org,org,https://www.life4ukraine.org,200,0,False,200,False,False,False,False,False,False,0,0,0,0,0,2022-04-20,"['https://www.paypal.com/donate/?hosted_button_id=9SFNPD5D9DSUG', 'https://www.facebook.com/life4ukraine', 'https://www.instagram.com/life4ukraine', 'https://www.exxodigital.com']"
3.48,1,0,0,0,1,1,26.0,0.0,0.0,0.0,0,0,0,0,0.05,14,0.0,0,0,0,0,0,0,1,0,1,0,2,2,2,0,2,2,1,lifeforukraine.org,org,https://www.lifeforukraine.org,200,0,False,200,True,False,False,False,True,False,77,0,0,0,0,2022-04-12,['http://www.squarespace.com']
92.66,1,1,0,0,4,3,56.67,28.11,0.0,0.0,0,0,0,0,0.02,15,0.0,0,0,0,0,0,0,0,0,1,0,0,0,0,0,0,0,0,lifelineukraine.ca,ca,https://www.lifelineukraine.ca,200,0,False,200,False,False,False,False,True,False,61,0,0,0,0,2022-04-23,"['https://lifelineukraine.poweredbymagnet.ca', 'https://windmillmicrolending.org', 'https://magnet.whoplusyou.com/lp/lifelineukraine/job_search?board=Lifeline%20Ukraine%20Community']"
356.22,1,0,1,0,13,2,46.5,6.5,0.0,0.5,0,0,0,0,0.05,15,0.0,1,0,0,0,0,0,0,0,0,0,0,0,0,0,0,0,0,lifeline-ukraine.org,org,https://www.lifeline-ukraine.org,200,0,False,200,False,False,False,False,False,False,0,0,0,0,0,2022-04-01,"['https://www.linkedin.com/company/lifeline-ukraine-org', 'https://www.internetdienstennederland.nl']"
195.12,1,0,0,0,9,7,70.71,60.23,0.0,0.29,0,0,0,0,0.05,13,0.0,0,0,0,0,0,0,0,0,1,0,0,0,0,0,0,0,0,liftupukraine.org,org,https://www.liftupukraine.org,200,0,False,200,False,False,False,False,True,False,61,0,0,0,0,2022-03-02,"['https://www.facebook.com/liftupukraineorg', 'https://www.instagram.com/liftupukraineorg', 'https://docs.google.com/document/d/e/2PACX-1vTjRW9pjBPA9lBjZDm6FOH1EXrxRMrnHkYnkjdZ15DjEUamyOd3nNVW47jyBHo5rKHcvF73xbmURthV/pub', 'https://airtable.com/shrhE1NOUyQJhqceg', 'https://www.gov.pl/web/ua', 'https://legionofukraine.com/?gclid=CjwKCAiAvaGRBhBlEiwAiY-yMHpsgntipoi30TQze0-dx5FuyShV3czj6dCRe-ISdKpWauzlB0GsyBoCW6UQAvD_BwE&fbclid=IwAR0bI9XwZoHtpeIeykgjqaTfgrL0B22HE-pUfDnqEsA4OzMga_-zmfWRcVA', 'http://l4gg.org/TPS-Ukraine']"
208.63,1,0,0,0,18,3,43.33,9.29,0.0,0.67,0,0,1,0,0.01,13,0.071,0,0,0,0,0,0,0,1,0,0,0,0,0,0,0,0,0,lights4ukraine.de,de,https://www.lights4ukraine.de,-1,0,False,200,False,False,False,False,False,False,0,0,0,0,0,2022-03-30,"['https://show4me.com/lights4ukraine', 'https://www.instagram.com/lights4ukraine', 'https://www.youtube.com/channel/UCkJlTbv7alpBGOln__4bURA']"
138.04,1,0,0,0,3,1,29.0,0.0,0.0,0.0,0,0,0,0,0.01,12,0.0,0,0,0,0,0,0,0,0,0,0,0,0,0,0,0,0,0,likarukraine.cz,cz,https://www.likarukraine.cz,200,0,False,200,False,False,False,False,False,False,35,0,0,0,0,2022-04-20,['https://tilda.cc/?upm=5453758']
208.56,1,0,0,0,20,2,43.0,17.0,0.0,0.0,0,0,0,0,0.03,16,0.0,0,0,0,1,0,0,0,0,0,0,0,0,0,0,0,0,0,lilleaideukraine.fr,fr,https://www.lilleaideukraine.fr,200,0,False,301,False,False,False,False,False,False,0,0,0,0,0,2022-03-30,"['https://www.service-public.fr/particuliers/actualites/A15542', 'https://pevele-digitale.fr']"
8.56,0,0,0,0,1,0,0.0,0.0,0.0,0.0,0,0,1,0,0.01,21,0.0,2,0,0,0,0,0,1,0,0,0,1,1,1,1,1,1,1,linguistics-for-ukraine.de,de,https://www.linguistics-for-ukraine.de,-1,0,False,200,True,False,False,False,True,False,77,0,0,0,0,2022-03-06,[]
665.45,1,0,0,0,3,5,49.4,20.29,0.0,0.8,0,0,0,0,0.05,19,0.0,2,0,0,1,0,0,0,0,1,0,0,0,0,0,0,0,0,logistic-aide-ukraine.org,org,https://www.logistic-aide-ukraine.org,200,0,False,200,False,False,False,False,True,False,55,0,0,0,0,2022-03-04,"['https://instagram.com/logistic_aide_ukraine?utm_medium=copy_link', 'https://www.facebook.com/Logistic.Aide.Ukraine', 'https://twitter.com/aide_ukraine', 'https://www.linkedin.com/showcase/logistic-aide-ukraine/about/?viewAsMember=true', 'https://www.validaide.com']"
117.99,1,0,0,0,7,4,68.75,12.58,0.0,1.0,0,0,0,0,0.05,25,0.0,0,0,0,0,0,0,1,0,1,0,0,0,0,0,0,0,1,londondonationsforukraine.org,org,https://www.londondonationsforukraine.org,200,0,False,200,False,False,False,False,True,False,82,0,0,0,0,2022-03-26,"['https://www.facebook.com/profile.php?id=100091941705915', 'https://www.instagram.com/ukrainian.social.club/?igshid=YmMyMTA2M2Y=', 'https://twitter.com/ProsperityUA/status/1511317090090762245?t=9g_VXoYMc7IcnQYpJdSk_A&s=08', 'https://www.youtube.com/channel/UCFMwIugHZ2BjtmYJd379RnA/videos']"
147.2,1,1,0,0,32,1,38.0,0.0,0.0,0.0,0,0,1,0,0.01,11,0.0,0,0,0,0,0,0,0,0,0,0,0,0,0,0,0,0,0,loveukraine.blog,blog,https://www.loveukraine.blog,200,0,False,200,False,False,False,False,True,False,55,0,0,0,0,2022-03-18,['https://wordpress.com/?ref=footer_blog']
1.06,1,0,0,0,1,0,0.0,0.0,0.0,0.0,0,0,0,0,0.02,11,0.0,0,0,0,0,0,0,0,0,1,0,1,1,1,1,1,1,1,loveukraine.ca,ca,https://www.loveukraine.ca,-1,0,False,200,False,False,False,False,True,False,75,0,0,0,0,2022-04-02,[]
2.08,1,0,0,0,1,0,0.0,0.0,0.0,0.0,0,0,1,0,0.06,11,0.0,0,0,0,0,0,0,0,0,1,0,1,1,1,1,1,1,0,loveukraine.eu,eu,https://www.loveukraine.eu,200,0,False,200,False,False,False,False,True,False,55,0,0,0,0,2022-03-03,[]
1011.84,1,0,0,0,8,3,28.0,0.82,0.0,1.0,0,0,1,0,0.26,11,0.0,0,0,0,0,0,0,0,0,0,0,0,0,0,0,0,0,0,loveukraine.shop,shop,https://www.loveukraine.shop,200,0,False,200,False,False,False,False,True,False,55,0,0,0,0,2022-03-31,"['https://www.facebook.com/wix', 'https://www.instagram.com/wix', 'https://www.twitter.com/wix']"
491.93,1,0,0,0,19,9,52.0,23.52,0.0,0.11,0,0,0,1,0.12,19,0.0,0,0,0,0,0,0,0,0,1,0,0,0,0,0,0,0,0,loveukraineringwood.co.uk,co.uk,https://www.loveukraineringwood.co.uk,200,0,False,200,False,False,False,False,True,False,55,0,0,0,0,2022-04-07,"['https://www.justgiving.com/page/luke-max-tom-1699721699096?newPage=true', 'https://www.acts4sharing.org', 'https://www.davidlloyd.co.uk/clubs/ringwood/club-facilities', 'https://paper-mountain.co.uk/?fbclid=IwAR1tdO3yKPT71pMbDHfIHzRemD9VSMVxM981IUETs2n3t8aYuJylqG02x38', 'https://www.poulnerchapel.org.uk', 'https://www.ringwoodartsociety.org', 'https://www.facebook.com/RingwoodRT', 'https://www.ringwoodbenefice.org.uk', 'https://www.hants.gov.uk/librariesandarchives/library/libraryfinder/ringwood']"
426.22,0,0,0,0,1,68,52.94,34.89,0.0,0.04,0,0,0,0,0.16,8,0.0,0,0,0,0,0,0,0,0,1,0,0,0,0,0,0,0,0,lukraine.com,com,https://www.lukraine.com,200,1,False,200,False,False,False,False,False,False,0,0,0,0,0,2022-03-17,"['http://phpadsnew.wn.com/www/delivery/ck.php?n=af9a85ca&cb=INSERT_RANDOM_NUMBER_HERE', 'http://twitter.com/home?status=https://wn.com/L_Ukraine', 'http://www.facebook.com/sharer.php?u=https://wn.com/L_Ukraine', 'http://maps.google.com/?q=Ukraine', 'http://.wikipedia.org', 'http://www.vechirka.uafor.net/sport/summer/0604204006.php', 'http://zakon4.rada.gov.ua/laws/show/30-2006-%D0%BF', 'http://myradio.com.ua/alias/RnB128.m3u', 'http://radio-world.elektrowave.org:8128', 'http://195.248.234.146:8000/radio1.m3u', 'http://pop.ct.fm/pop_ct_fm_mac.pls', 'http://live.galaradio.com:8000/kiev.m3u', 'http://radio.rivne.net:8000/listen.pls', 'http://91.194.250.169:8000/ur4-mp3-m', 'http://radio.tstu.edu.ua:8000/heavy.m3u', 'http://server.gik-team.net.ua:8000/live128', 'http://stream.ck.ua:8000/101FM.m3u', 'http://yaltafm.dyndns.tv:8000/online.m3u', 'http://213.85.130.203:8080/stream.mp3.m3u', 'http://radio.crimusic.info:8000/estetika128.m3u', 'http://195.66.65.146:8080/ekvator.m3u', 'http://online.1043.com.ua:8000/1043fm.m3u', 'http://rad.radio-n.com:8000', 'http://212.66.57.18:8000/listen.pls', 'http://www.radiobengel.com.ua/download/32kbps.m3u', 'http://rmix.dp.ua/listen_high.m3u', 'http://91.194.251.74:8000/superfm128.mp3.m3u', 'http://nashe.ua/nashe.m3u', 'http://xhost.feosky.net:8000/57358.m3u', 'http://www.prosto.fm/files/ProstoRadio128-Odessa.m3u', 'http://narodnoe.fm/files/NaRadiO128.m3u', 'http://online-rusradio.tavrmedia.ua/RusRadio.m3u', 'http://cast.loungefm.com.ua/loungefm.m3u', 'http://80.245.113.11:8076', 'http://mfile.akamai.com/10619/live/reflector:31070.asx', 'http://fm.odtrk.km.ua:8000/listen.pls', 'http://psyradio.com.ua/PsyRadio_256kbps.m3u', 'https://youtube.com', 'https://i.ytimg.com/vi/6tIdjM077Lw/0.jpg', 'https://sputnikglobe.com/20240411/west-not-condemning-ukraine-looks-like-indirect-support-of-attacks-on-zaporozhye-power-plant-1117878311.html', 'https://www.publicnow.com/view/14771D21BFEB77B5B361E616C96DBFD95C249D03?1712875592\n', 'https://scnow.com/ap/international/ukraines-parliament-passes-a-controversial-law-to-boost-much-needed-conscripts-as-war-drags-on/article_65553d1a-c16c-5c07-a7a2-42954eb4130c.html', 'https://www.standard.co.uk/news/politics/grant-shapps-ukraine-russian-europe-salisbury-b1150977.html', 'https://rumble.com/v4oyfls-us-support-for-ukraine-indispensable-japan-pm.html', 'https://www.startribune.com/editorial-minnesota-group-rallies-to-stand-with-ukraine/600358189', 'https://www.thesun.co.uk/news/27261099/brit-laser-weapon-dragonfire-rushed-ukraine', 'https://indianexpress.com/article/india/ukraine-swiss-plan-june-meet-russia-presence-sooner-or-later-india-invited-9265202', 'https://www.independent.co.uk/news/world/europe/ukraine-russia-war-news-latest-putin-drones-b2526946.html', 'https://www.bitchute.com/video/jPZA1mqAbtyb', 'https://edition.cnn.com/2024/04/11/climate/bogota-water-rationing-drought-climate-intl/index.html', 'https://www.livemint.com/news/world/on-pm-modi-s-border-row-comments-china-says-noted-the-remarks-11712842841959.html', 'https://www.aljazeera.com/news/2024/4/11/turning-a-blind-eye-zelenskyy-slams-allies-as-russia-intensifies-attacks', 'https://www.beijingnews.net/news/274251548/israel-accused-of-using-ai-to-target-thousands-in-gaza-as-killer-algorithms-outpace-international-law', 'https://www.sfgate.com/news/world/article/mali-s-junta-suspends-all-political-activities-19397053.php', 'https://www.rte.ie/news/middle-east/2024/0411/1442892-biden-iran-israel', 'https://www.newstatesman.com/politics/uk-politics/2024/04/rishi-sunaks-shelf-life-is-over', 'https://www.dubai.com', 'https://travelagents.com', 'https://globalweather.com', 'https://worldphotos.com', 'https://cheese.com', 'https://broadcasts.com', 'https://metas.com', 'https://students.com', 'https://emissions.com', 'https://population.com', 'https://domaines.com', 'https://wages.com']"
87.64,1,0,0,0,14,2,31.5,10.5,0.0,0.5,0,0,0,0,0.16,16,0.0,0,0,0,0,0,0,0,0,0,0,0,0,0,0,0,0,0,madebyukrainians.com,com,https://www.madebyukrainians.com,200,0,False,301,False,False,False,False,False,False,0,0,0,0,0,2022-03-31,"['http://www.cridio.com', 'https://www.instagram.com/madebyukrainians']"
176.46,1,0,0,0,9,12,45.25,30.84,0.0,0.08,0,0,0,0,0.05,15,0.0,0,0,0,0,0,0,1,0,1,0,0,0,0,0,0,0,0,magicforukraine.org,org,https://www.magicforukraine.org,200,0,False,200,False,False,False,False,False,False,0,0,0,0,0,2022-03-11,"['https://www.golosameriki.com/a/magic-for-ukraine/6526732.html', 'http://goindietv.net/movies/kartoon-circus-tv-channel', 'https://www.magicsam.com', 'https://www.washingtonmagic.com', 'https://www.voanews.com', 'https://www.magicalwisdom.com', 'https://hospitalmagic.org/Views/ASPX/Home/about-sam', 'https://openmicmagic.com/#home', 'https://www.dallasmagic.org', 'https://themagiccircle.co.uk', 'https://www.facebook.com/groups/393417645054233', 'https://www.godaddy.com/websites/website-builder?isc=pwugc&utm_source=wsb&utm_medium=applications&utm_campaign=en-us_corp_applications_base']"
1.09,1,0,0,0,1,0,0.0,0.0,0.0,0.0,0,0,0,0,0.16,20,0.0,0,0,0,0,0,1,0,0,1,0,1,1,1,1,1,1,0,makeukrainefreeagain.com,com,https://www.makeukrainefreeagain.com,-1,0,False,200,False,False,False,False,False,False,0,0,0,0,0,2022-03-05,[]
165.9,1,0,0,0,11,10,79.4,36.12,0.0,0.1,0,0,0,1,0.12,14,0.067,0,0,0,0,0,0,0,1,1,0,0,0,0,0,0,0,0,malvern4ukraine.co.uk,co.uk,https://www.malvern4ukraine.co.uk,-1,0,False,200,False,False,False,False,True,False,61,0,0,0,0,2022-04-27,"['https://assets.publishing.service.gov.uk/government/uploads/system/uploads/attachment_data/file/1064315/Ukraine_Welcome_Guidance.pdf', 'https://www.redcross.org.uk/get-help/get-help-as-a-refugee/help-for-refugees-from-ukraine', 'https://en.wikipedia.org/wiki/Malvern,_Worcestershire', 'https://swlondonccg.nhs.uk/guides/how-the-nhs-works-a-guide-for-migrants', 'https://www.malvernhills.gov.uk/community/support-for-ukraine/homes-for-ukraine-scheme-in-malvern/welcome-to-malvern-hills-guide', 'https://www.facebook.com/groups/malvernhomesforukraine', 'https://www.theaa.com/about-us/newsroom/support-for-ukraine?fbclid=IwAR0bDf9GR-FVL_oUCGJU083QFd2D_7neyKAWQnaNMUsI0XIxYCM_wJoWug8', 'https://resetuk.org/toolkits/homes-for-ukraine/training-and-support', 'https://sanctuaryfoundation.org.uk/course', 'https://www.bearleftstudio.com']"
53.18,1,1,0,0,5,1,18.0,0.0,0.0,0.0,0,0,0,0,0.01,13,0.071,0,0,0,0,0,0,0,1,0,0,0,0,0,0,2,0,0,maremy4ukraine.ch,ch,https://www.maremy4ukraine.ch,200,0,False,200,False,False,False,False,False,False,0,0,0,0,0,2022-03-03,['https://campax.org']
51.9,1,0,0,0,21,2,41.0,2.0,0.0,1.0,0,0,0,0,0.16,15,0.0,0,0,0,0,0,0,0,0,0,0,2,2,2,0,0,2,0,maritimeukraine.com,com,https://www.maritimeukraine.com,200,0,False,200,False,False,False,False,False,False,0,0,0,0,0,2022-03-31,"['https://www.facebook.com/maritimecluster.ua', 'https://www.twitter.com/maritimeukraine']"
59.24,1,0,0,0,21,1,57.0,0.0,0.0,0.0,0,0,0,0,0.04,17,0.0,2,0,0,0,0,0,0,0,0,0,2,2,2,0,0,2,0,math-suport-ukraine.jp,jp,https://www.math-suport-ukraine.jp,200,0,False,200,False,False,False,False,False,False,0,0,0,0,0,2022-04-15,['https://kaken.nii.ac.jp/ja/grant/KAKENHI-PROJECT-20K20824']
40.94,0,0,0,0,4,4,37.25,9.26,0.0,0.75,0,0,0,0,0.16,13,0.0,0,0,0,0,0,0,1,0,1,0,2,2,2,0,0,2,0,mayforukraine.com,com,https://www.mayforukraine.com,200,0,False,301,False,False,False,False,True,False,55,0,0,0,0,2022-04-29,"['https://www.facebook.com/campaigns4humanity', 'https://www.twitter.com/Camps4Humanity', 'https://www.instagram.com/CampaignsForHumanity', 'https://mapofpeace.org']"
0.11,1,0,0,0,1,0,0.0,0.0,0.0,0.0,0,0,0,0,0.02,14,0.0,0,0,0,1,0,0,0,0,1,0,1,1,1,1,1,1,0,mbhelpsukraine.ca,ca,https://www.mbhelpsukraine.ca,-1,0,False,200,False,False,False,False,True,False,61,0,0,0,0,2022-03-03,[]
138.69,1,1,0,0,17,6,94.83,48.22,0.0,0.5,0,0,0,0,0.16,10,0.0,0,0,0,0,0,0,0,0,1,0,0,0,0,0,0,0,0,mccukraine.com,com,https://www.mccukraine.com,200,0,False,200,False,False,False,False,True,False,55,0,0,0,0,2022-06-08,"['https://platfor.ma/topic/moyi-geroyi-yak-ukrayinski-muzejnyky-shukayut-po-vsomu-svitu-sposib-dopomogty-odyn-odnomu', 'https://www.theguardian.com/world/2022/mar/09/ukrainians-in-race-to-save-a-nations-cultural-heritage', 'https://shotam.info/rosiyski-bomby-vluchaiut-u-zaklady-kultury-ne-vypadkovo-khto-riatuie-ukrainski-muzei-pid-chas-viyny/?fbclid=IwAR12ZkuMgA3FbyiaUPILgfipUAzqnAbwLiPlGTKgDJeUtBalNtmwTgt-g9w', 'https://facebook.com/Museum-Crisis-Center-105862425394603', 'https://www.youtube.com/channel/UCd5F_gH8-GrT_NahWf3eB3Q', 'https://www.linkedin.com/company/museum-crisis-center']"
0.11,1,0,0,0,1,0,0.0,0.0,0.0,0.0,0,0,0,0,0.16,15,0.0,0,0,0,0,0,0,1,0,0,0,1,1,1,1,1,1,1,mealsforukraine.com,com,https://www.mealsforukraine.com,-1,0,False,423,False,False,False,False,True,False,75,0,0,0,0,2022-03-27,[]
724.85,1,0,0,0,15,6,54.17,11.65,0.0,0.0,0,0,1,0,0.01,14,0.0,0,0,0,0,1,0,0,0,1,0,0,0,0,0,0,0,0,medcareukraine.de,de,https://www.medcareukraine.de,200,0,False,200,False,False,False,False,True,False,72,0,0,0,0,2022-03-18,"['https://www.germany4ukraine.de/hilfeportal-en/medical-care', 'https://www.zusammengegencorona.de/impfen/#deutschlandkarte', 'https://www.aponet.de/apotheke/notdienstsuche', 'https://www.german-hospital-directory.com/app/search', 'https://www.kbv.de/html/arztsuche.php', 'https://www.migration-gesundheit.bund.de/en/health-care-system/emergencies']"
724.85,1,0,0,0,14,6,54.17,11.65,0.0,0.0,0,0,0,0,0.05,14,0.0,0,0,0,0,1,0,0,0,1,0,0,0,0,0,0,0,0,medcareukraine.org,org,https://www.medcareukraine.org,200,0,False,200,False,False,False,False,True,False,72,0,0,0,0,2022-03-18,"['https://www.germany4ukraine.de/hilfeportal-en/medical-care', 'https://www.zusammengegencorona.de/impfen/#deutschlandkarte', 'https://www.aponet.de/apotheke/notdienstsuche', 'https://www.german-hospital-directory.com/app/search', 'https://www.kbv.de/html/arztsuche.php', 'https://www.migration-gesundheit.bund.de/en/health-care-system/emergencies']"
0.11,1,0,0,0,5,2,33.5,9.5,0.0,0.5,0,0,0,0,0.05,14,0.222,0,0,0,1,0,0,0,0,0,0,2,2,2,0,2,2,0,medhelpukraine2022.org,org,https://www.medhelpukraine2022.org,-1,0,False,200,False,False,False,False,True,False,55,0,0,0,0,2022-03-02,"['https://uk.wordpress.org', 'https://www.youtube.com/watch?v=6pCv9XmuFPo']"
21.8,1,1,0,0,4,10,44.0,17.24,0.0,0.0,0,0,0,0,0.05,15,0.0,0,0,0,0,0,0,1,0,1,0,2,2,2,0,2,2,0,mediaforukraine.org,org,https://www.mediaforukraine.org,200,0,False,200,False,False,False,False,True,False,55,0,0,0,0,2022-03-26,"['https://fundacjawprost.pl/pomoc-ukrainskim-dziennikarzom', 'https://drive.google.com/drive/u/1/folders/1Bc0PqYHPreMJJqHboZDDEHajMPctiRhq', 'https://pomagam.pl/helpforjournalists', 'https://www.siepomaga.pl/pomocukrainskimdziennikarzom', 'https://donorbox.org/helpforukrainianjournalists', 'https://zrzutka.pl/z/helpukrainianjournalists', 'https://fanimani.pl/zbiorka/pomoc-ukrainskim-dziennikarzom', 'https://www.wprostukraine.eu', 'https://www.wprost.pl', 'http://www.pmpg.pl']"
1.08,1,0,0,0,1,0,0.0,0.0,0.0,0.0,0,0,0,1,0.12,17,0.0,0,0,0,1,0,0,0,0,1,0,1,1,1,1,1,1,1,medicalaidukraine.co.uk,co.uk,https://www.medicalaidukraine.co.uk,-1,0,False,200,False,False,False,False,True,False,75,0,0,0,0,2022-03-08,[]
457.07,1,1,0,0,2,1,57.0,0.0,0.0,1.0,0,0,0,0,0.05,19,0.0,2,0,0,0,0,0,1,0,0,0,0,0,0,0,0,0,0,medicines-for-ukraine.org,org,https://www.medicines-for-ukraine.org,200,0,False,200,False,False,False,False,False,False,0,0,0,0,0,2022-04-04,['https://www.facebook.com/MoHsupport/?ref=pages_you_manage']
41.44,1,0,0,0,12,2,40.5,24.5,0.0,0.0,0,0,0,0,0.16,18,0.0,0,0,0,0,0,0,1,0,1,0,2,2,2,0,0,2,0,medicinestoukraine.com,com,https://www.medicinestoukraine.com,200,0,False,200,False,False,False,False,False,False,0,0,0,0,0,2022-03-10,"['https://epheu.eu', 'https://www.justgiving.com/fundraising/medicines-to-ukraine-cafod']"
449.6,1,0,0,0,3,6,39.83,14.79,0.0,0.67,0,0,0,0,0.05,15,0.0,0,0,0,0,0,0,0,0,1,0,0,0,0,0,0,0,0,medicineukraine.org,org,https://www.medicineukraine.org,200,0,False,200,False,False,False,False,False,False,0,0,0,0,0,2022-07-23,"['https://givealittle.co/campaigns/9d218f55-6b4a-423b-9f45-5268eb199428', 'https://www.instagram.com/medicineukraine', 'http://wix.com/?utm_campaign=vir_created_with', 'http://www.twitter.com/wix', 'http://www.youtube.com/user/Wix', 'http://www.facebook.com/wix']"
1.02,1,0,0,0,1,0,0.0,0.0,0.0,0.0,0,0,0,0,0.16,14,0.0,0,0,0,0,0,0,0,0,1,0,1,1,1,1,1,1,1,medicinukraine.com,com,https://www.medicinukraine.com,-1,0,False,200,False,False,False,False,True,False,75,0,0,0,0,2022-07-08,[]
29.25,1,0,0,0,3,1,24.0,0.0,0.0,0.0,0,0,1,0,0.01,14,0.0,2,0,0,0,0,0,1,0,0,0,2,2,2,0,2,2,0,meds-for-ukraine.de,de,https://www.meds-for-ukraine.de,-1,0,False,200,False,False,False,False,False,False,0,0,0,0,0,2022-03-07,['https://de.wordpress.org']
113.11,1,0,0,0,4,8,28.0,10.89,0.12,0.0,0,0,0,0,0.05,14,0.0,0,0,0,0,0,0,1,0,1,0,0,0,0,0,0,0,0,medsforukraine.org,org,https://www.medsforukraine.org,200,0,False,200,False,False,False,False,False,False,0,0,0,0,0,2022-04-14,"['https://gofund.me/21b5dcf1', 'https://www.americares.org', 'https://www.roche.com', 'https://sunpharma.com', 'https://www.accordhealthcare.us', 'https://www.viatris.com/en', 'http://prco.com.ua', 'https://nmu.ua/zagalni-vidomosti/istoriya/brief-history']"
5.03,1,0,0,0,1,2,27.5,3.5,0.0,0.0,0,0,0,0,0.03,10,0.167,0,0,0,0,0,0,0,0,0,0,2,2,2,0,2,2,0,medukraine39.fr,fr,https://www.medukraine39.fr,200,0,False,200,False,False,False,False,False,False,0,0,0,0,0,2022-03-24,"['https://www.ovhcloud.com', 'https://docs.ovh.com/fr/hosting']"
17.69,1,0,0,0,10,0,0.0,0.0,0.0,0.0,0,0,0,0,0.05,15,0.0,0,0,0,0,0,0,1,0,1,0,0,2,1,0,1,1,0,meestforukraine.org,org,https://www.meestforukraine.org,200,0,False,200,False,False,False,False,True,False,55,0,0,0,0,2022-04-02,[]
0.26,1,0,0,0,2,1,26.0,0.0,0.0,0.0,0,0,0,0,0.16,15,0.0,0,0,0,0,0,0,1,0,1,0,2,2,2,0,2,2,0,memesforukraine.com,com,https://www.memesforukraine.com,200,0,False,200,False,False,False,False,True,False,55,0,0,0,0,2022-03-16,['https://stashl.ink/ukraine']
813.59,1,0,0,0,7,1,44.0,0.0,0.0,1.0,0,0,0,0,0.16,18,0.0,0,0,0,0,0,0,1,0,1,0,0,0,0,0,0,0,0,memoriesforukraine.com,com,https://www.memoriesforukraine.com,-1,0,False,200,False,False,False,False,False,False,0,0,0,0,0,2022-06-16,['https://www.instagram.com/memoriesforukraine']
1.58,1,0,0,0,1,0,0.0,0.0,0.0,0.0,0,0,0,0,0.16,15,0.0,0,0,0,0,0,0,0,0,1,0,1,1,1,1,1,1,0,memoryofukraine.com,com,https://www.memoryofukraine.com,200,0,False,200,False,False,False,False,False,False,0,0,0,0,0,2022-04-05,[]
181.72,1,1,0,0,3,5,41.0,20.62,0.4,0.4,0,0,0,0,0.05,24,0.0,0,0,0,0,0,0,0,0,1,0,0,0,0,0,0,0,0,mentalhealthofukrainians.org,org,https://www.mentalhealthofukrainians.org,200,0,False,200,False,False,False,False,False,False,0,0,0,0,0,2022-07-10,"['https://gofund.me/b0330315', 'http://www.facebook.com/groups/mentalhealthofukrainians', 'https://www.barnardos.org.uk/what-we-do/helping-families/ukrainian-helpline', 'https://www.mind.org.uk', 'https://wa.me/447909138133']"
72.15,1,0,0,0,17,0,0.0,0.0,0.0,0.0,0,0,0,0,0.16,13,0.0,1,0,0,0,0,0,1,0,1,0,0,0,0,0,0,0,0,menton-ukraine.com,com,https://www.menton-ukraine.com,-1,0,False,200,False,False,False,False,False,False,40,0,0,0,0,2022-07-08,[]
470.08,1,0,0,0,1,0,0.0,0.0,0.0,0.0,0,0,0,0,0.16,15,0.0,0,0,0,0,0,0,1,0,1,0,0,0,0,0,0,0,0,merchforukraine.com,com,https://www.merchforukraine.com,200,0,False,200,False,False,False,False,False,False,0,0,0,0,0,2022-03-02,[]
55.93,1,0,0,0,2,1,61.0,0.0,0.0,0.0,0,1,0,0,0.05,12,0.0,0,0,0,0,0,0,0,0,0,0,2,2,2,0,2,2,0,mercyukraine.org,org,https://www.mercyukraine.org,200,0,False,302,False,False,False,False,False,False,0,0,0,0,0,2022-03-02,['https://www.paypal.com/donate/?hosted_button_id=VM7TVFBB7XWCW']
584.33,1,0,0,0,4,3,31.67,5.91,0.0,1.0,0,0,0,0,0.16,14,0.0,0,0,0,0,0,0,1,0,1,0,0,0,0,0,0,0,0,metaforukraine.com,com,https://www.metaforukraine.com,-1,0,False,200,False,False,False,False,False,False,0,0,0,0,0,2022-06-04,"['https://www.instagram.com/metaforukraine', 'https://www.facebook.com/wix', 'https://www.twitter.com/wix']"
359.07,1,0,0,0,1,51,36.53,14.03,0.0,0.06,0,0,0,0,0.16,18,0.0,0,0,0,0,0,0,0,0,1,0,0,0,0,0,0,0,0,metaversityukraine.com,com,https://www.metaversityukraine.com,-1,0,False,200,False,False,False,False,False,False,0,0,0,0,0,2022-06-04,"['http://phpadsnew.wn.com/www/delivery/ck.php?n=af9a85ca&cb=INSERT_RANDOM_NUMBER_HERE', 'http://twitter.com/home?status=https://wn.com/Meta_Versity_Ukraine', 'http://www.facebook.com/sharer.php?u=https://wn.com/Meta_Versity_Ukraine', 'http://maps.google.com/?q=Ukraine', 'http://.wikipedia.org', 'http://www.vechirka.uafor.net/sport/summer/0604204006.php', 'http://zakon4.rada.gov.ua/laws/show/30-2006-%D0%BF', 'http://myradio.com.ua/alias/RnB128.m3u', 'http://radio-world.elektrowave.org:8128', 'http://195.248.234.146:8000/radio1.m3u', 'http://pop.ct.fm/pop_ct_fm_mac.pls', 'http://live.galaradio.com:8000/kiev.m3u', 'http://radio.rivne.net:8000/listen.pls', 'http://91.194.250.169:8000/ur4-mp3-m', 'http://radio.tstu.edu.ua:8000/heavy.m3u', 'http://server.gik-team.net.ua:8000/live128', 'http://stream.ck.ua:8000/101FM.m3u', 'http://yaltafm.dyndns.tv:8000/online.m3u', 'http://213.85.130.203:8080/stream.mp3.m3u', 'http://radio.crimusic.info:8000/estetika128.m3u', 'http://195.66.65.146:8080/ekvator.m3u', 'http://online.1043.com.ua:8000/1043fm.m3u', 'http://rad.radio-n.com:8000', 'http://212.66.57.18:8000/listen.pls', 'http://www.radiobengel.com.ua/download/32kbps.m3u', 'http://rmix.dp.ua/listen_high.m3u', 'http://91.194.251.74:8000/superfm128.mp3.m3u', 'http://nashe.ua/nashe.m3u', 'http://xhost.feosky.net:8000/57358.m3u', 'http://www.prosto.fm/files/ProstoRadio128-Odessa.m3u', 'http://narodnoe.fm/files/NaRadiO128.m3u', 'http://online-rusradio.tavrmedia.ua/RusRadio.m3u', 'http://cast.loungefm.com.ua/loungefm.m3u', 'http://80.245.113.11:8076', 'http://mfile.akamai.com/10619/live/reflector:31070.asx', 'http://fm.odtrk.km.ua:8000/listen.pls', 'http://psyradio.com.ua/PsyRadio_256kbps.m3u', 'https://youtube.com', 'https://i.ytimg.com/vi/0QMZmS8-DIM/0.jpg', 'https://www.dubai.com', 'https://travelagents.com', 'https://globalweather.com', 'https://worldphotos.com', 'https://cheese.com', 'https://broadcasts.com', 'https://metas.com', 'https://students.com', 'https://emissions.com', 'https://population.com', 'https://domaines.com', 'https://wages.com']"
55.55,1,1,0,0,18,0,0.0,0.0,0.0,0.0,0,0,0,0,0.05,13,0.0,0,0,0,0,0,0,0,0,0,0,0,0,0,0,2,0,0,milkofukraine.org,org,https://www.milkofukraine.org,200,0,False,200,False,False,False,False,False,False,0,0,0,0,0,2022-06-10,[]
111.0,1,0,0,0,83,5,34.2,11.82,0.2,0.6,0,0,0,0,0.13,10,0.0,0,0,0,0,0,0,0,0,0,0,0,0,0,0,0,0,0,milukraine.net,net,https://www.milukraine.net,200,0,False,403,False,False,False,False,False,False,0,0,0,0,0,2022-06-02,"['https://www.facebook.com/MIL.Ukraine', 'https://www.youtube.com/channel/UCYrTuKRibAoA_sow9t7hyRQ', 'https://t.me/MILUkraine', 'https://interlink.academy', 'https://www.auswaertiges-amt.de']"
205.2,1,0,0,0,11,2,21.5,3.5,0.0,0.0,0,0,0,0,0.16,11,0.0,0,0,0,0,0,0,0,0,1,0,0,0,0,0,0,0,0,miofukraine.com,com,https://www.miofukraine.com,200,0,False,200,False,False,False,False,True,False,55,0,0,0,0,2022-06-25,"['https://cazino-vip.org/ru', 'https://nap-ua.org']"
24.53,1,0,0,0,5,1,21.0,0.0,0.0,0.0,0,0,1,0,0.08,12,0.077,0,0,0,0,1,0,0,1,1,0,2,2,2,0,2,2,0,mitts4ukraine.art,art,https://www.mitts4ukraine.art,200,0,False,200,False,False,False,False,False,False,0,0,0,0,0,2022-04-29,['https://wordpress.org']
7.49,1,0,0,0,2,1,39.0,0.0,0.0,0.0,0,0,0,0,0.16,16,0.0,0,0,0,0,0,0,1,0,1,0,2,2,2,0,2,2,0,mitzvaforukraine.com,com,https://www.mitzvaforukraine.com,-1,0,False,200,False,False,False,False,False,False,0,0,0,0,0,2022-05-12,['https://wordpress.com/?ref=private_site']
4.6,1,0,0,0,1,1,21.0,0.0,0.0,0.0,0,0,1,0,0.01,35,0.0,3,0,0,0,0,0,0,0,0,0,1,2,2,0,2,2,0,mk-ukraine-fluechtlingshilfe-waldkirch.de,de,https://www.mk-ukraine-fluechtlingshilfe-waldkirch.de,200,0,False,200,False,False,False,False,False,False,0,0,0,0,0,2022-05-12,['https://www.strato.de']
129.28,1,0,0,0,5,2,96.0,34.0,0.0,0.5,0,0,0,0,0.16,12,0.0,0,0,0,0,0,0,1,0,0,0,0,0,0,0,0,0,0,mnforukraine.com,com,https://www.mnforukraine.com,-1,0,False,200,False,False,False,False,True,False,55,0,0,0,0,2022-03-28,"['https://www.youtube.com/channel/UClzNEkS0ez0Z_pq2e-2pmJQ/about', 'https://tithe.ly/give_new/www/?fbclid=IwAR2clpa1mbfHfuRuaOCrddCkQBrPgcGjkG2MnXcHKA70HQguppTTgtrDH9A#/tithely/give-one-time/3327364']"
44.33,1,0,0,0,108,2,22.0,3.0,0.0,0.0,0,0,0,0,0.16,13,0.0,1,0,0,0,0,0,0,0,1,0,0,2,1,-1,0,0,0,mobile-ukraine.com,com,https://www.mobile-ukraine.com,200,0,False,200,False,False,False,False,False,False,0,0,0,0,0,2022-05-06,"['http://rexta.ru/rss', 'https://comfy.ua/smartfon']"
107.41,1,0,0,0,78,16,39.44,20.54,0.0,0.19,0,0,0,0,0.55,10,0.0,1,0,0,0,0,0,0,0,0,0,0,0,0,0,0,0,0,moe-ukraine.info,info,https://www.moe-ukraine.info,-1,0,False,200,False,False,False,False,False,False,44,0,0,0,0,2022-06-06,"['https://zakon.rada.gov.ua/laws/show/246-2016-%D0%BF#Text', 'https://exam.mova.gov.ua/courses/course-v1:NKSDM+TESTTM+2021_T1/about', 'https://www.mev.gov.ua/storinka/kontakty-postachalnykiv', 'https://data.gov.ua/organization/c6b6ba44-f4f4-4224-b466-75c09d1ff357', 'https://www.facebook.com/minenergoUkraine', 'https://twitter.com/minenergo_ua', 'https://www.youtube.com/channel/UCs5LXaFnHdDHbuKhiU0uh-g/videos?view_as=subscriber', 'http://www.president.gov.ua', 'http://www.ccu.gov.ua', 'http://www.rnbo.gov.ua', 'https://diia.gov.ua', 'https://creativecommons.org/licenses/by/4.0/deed.uk', 'https://eu-ua.kmu.gov.ua', 'https://eiti.gov.ua', 'https://recovery.gov.ua', 'https://u24.gov.ua/uk']"
81.55,1,1,0,0,1,0,0.0,0.0,0.0,0.0,0,0,1,0,0.01,11,0.0,0,0,0,0,0,0,0,0,1,0,0,0,0,0,0,0,1,moinukraine.de,de,https://www.moinukraine.de,200,0,False,200,False,False,False,False,True,False,75,0,0,0,0,2022-03-15,[]
1.2,1,0,0,0,1,0,0.0,0.0,0.0,0.0,0,0,0,0,0.16,18,0.0,0,0,0,0,0,0,2,0,1,0,1,1,1,1,1,1,1,molotovsforukraine.com,com,https://www.molotovsforukraine.com,-1,0,False,200,False,False,False,False,True,False,95,0,0,0,0,2022-03-04,[]
958.28,1,0,0,0,3,4,85.75,62.01,0.0,0.0,0,0,0,0,0.16,22,0.0,1,0,0,0,0,0,0,0,0,0,0,0,0,0,0,0,0,momentsofrefuge-ukraine.com,com,https://www.momentsofrefuge-ukraine.com,200,0,False,200,False,False,False,False,True,False,55,0,0,0,0,2022-04-15,"['https://connect.clickandpledge.com/w/Form/9760eacc-0f49-4917-9693-c68630c743f3', 'https://www.momentsofrefuge.com', 'https://interagencystandingcommittee.org/system/files/2022-03/Mental%20Health%20and%20Psychosocial%20Support%2C%20Humanitarian%20Response%20in%20Ukraine%20and%20Neighbouring%20Countries.pdf', 'https://wix.com?utm_campaign=vir_created_with']"
0.49,1,0,0,0,1,0,0.0,0.0,0.0,0.0,0,0,0,0,0.03,18,0.0,1,0,0,0,0,0,0,0,1,0,1,1,1,1,1,1,1,montpeyroux-ukraine.fr,fr,https://www.montpeyroux-ukraine.fr,-1,0,False,200,False,False,False,False,True,False,77,0,0,0,0,2022-05-13,[]
989.52,1,0,0,0,9,5,55.8,24.38,0.2,0.6,1,0,0,0,0.05,17,0.0,0,0,0,0,0,0,1,0,1,0,0,0,0,0,0,0,0,moseleyforukraine.org,org,https://www.moseleyforukraine.org,200,0,False,200,False,False,False,False,True,False,55,0,0,0,0,2022-04-12,"['https://www.justgiving.com/campaign/MoseleyforUkraine?invite=true', 'https://docs.google.com/forms/d/e/1FAIpQLSfy97rH77DRldxmzebF5Gj6CwzwAgX0wO2ZKWOD2U7hIs_cNQ/viewform', 'https://t.me/+jlp_jMKvmq05YWNk', 'https://www.instagram.com/moseleyforukraine', 'https://www.facebook.com/Moseleyforukraine']"
1191.01,1,1,0,0,3,8,31.62,7.45,0.0,0.38,0,0,0,0,0.16,18,0.182,0,0,0,0,0,0,0,0,1,0,0,0,0,0,0,0,0,motherstearukraine2022.com,com,https://www.motherstearukraine2022.com,200,1,False,200,False,False,False,False,False,False,0,0,0,0,0,2022-03-08,"['https://www.facebook.com/wix', 'https://twitter.com/wix', 'https://www.instagram.com/wix', 'https://help.unicef.org/ukraine-emergency', 'https://voices.org.ua/en/donat', 'https://novaukraine.org', 'https://www.caritas.org/donate-now', 'https://wix.com?utm_campaign=vir_created_with']"
135.66,1,0,0,0,22,3,39.0,3.56,0.0,1.0,0,0,0,0,0.05,13,0.0,0,0,0,0,0,0,0,0,1,0,0,0,0,0,0,0,0,motherukraine.org,org,https://www.motherukraine.org,200,0,False,200,False,False,False,False,False,False,0,0,0,0,0,2022-07-14,"['https://www.facebook.com/MotherForUkraine', 'https://twitter.com/MotherUkraine_', 'https://www.instagram.com/motherforukraine']"
374.39,1,0,1,0,28,28,37.93,49.76,0.0,0.18,0,0,0,0,0.05,11,0.0,0,0,0,0,0,0,0,0,1,0,0,0,0,0,0,0,0,moveukraine.org,org,https://www.moveukraine.org,200,1,False,200,False,False,False,False,False,False,0,0,0,0,0,2022-04-28,"['https://scontent-ord5-2.cdninstagram.com/v/t39.30808-6/436570698_17949012899784211_1901548764671635406_n.jpg?_nc_cat=100&ccb=1-7&_nc_sid=18de74&_nc_ohc=NMQ7vNZUK38Ab6Ak6lM&_nc_ht=scontent-ord5-2.cdninstagram.com&edm=ANo9K5cEAAAA&oh=00_AfBTnBfI4zGrZwJhA_Wg86l98K_I3xmPCi3ffZGeGTqrWg&oe=661DB8F7', 'https://www.instagram.com/p/C5nJdGEsTTi', 'https://appliedhopefoundation.earth', 'https://www.bluecheck.in', 'https://gocampaign.org', 'https://ridgefieldresponds.org', 'https://www.iom.int', 'https://www.peopleinneed.net', 'https://www.bighelpgroup.com', 'https://rokada.org.ua', 'https://mgcetalon.org.ua', 'https://www.goodvalley.com/ua', 'https://www.unocha.org', 'https://intelligencenation.org', 'https://www.ukredu.org', 'https://sjc.ucu.edu.ua/ ', 'https://porcelain-dent.com.ua', 'https://eum4eg.com/uk', 'https://association-d.ch', 'https://ukraine.hia.hu/ua', 'https://www.terredeshommes.org', 'https://www.mimojo.co', 'https://siobhanstrust.uk', 'https://kachorovska.com', 'https://www.facebook.com/MoveUkraine', 'https://www.youtube.com/channel/UCBIkQnd4Vo336No6YUeRWLA', 'https://www.linkedin.com/company/moveukraine', 'https://twitter.com/moveukraine?lang=en']"
48.01,1,0,0,0,13,4,43.0,15.86,0.0,0.75,0,0,0,0,0.05,11,0.0,0,0,0,0,0,0,0,0,1,0,2,2,2,0,0,2,0,moyaukraine.org,org,https://www.moyaukraine.org,200,0,False,200,False,False,False,False,False,False,0,0,0,0,0,2022-04-30,"['http://www.facebook.com/moyaukraine', 'https://www.instagram.com/moyaukraine/?igshid=YmMyMTA2M2Y%3D', 'https://www.youtube.com/channel/UCuEsZctyjMrdIRysJ0AaNhA', 'https://nosite.com.ua']"
150.5,1,0,0,0,19,0,0.0,0.0,0.0,0.0,0,0,0,0,0.16,14,0.0,0,0,0,0,0,0,0,0,0,0,0,0,0,0,0,0,0,mriyaofukraine.com,com,https://www.mriyaofukraine.com,200,0,False,200,False,False,False,False,True,False,61,0,0,0,0,2022-03-28,[]
39.48,1,0,0,0,8,2,29.5,8.5,0.0,0.0,0,0,0,0,0.05,12,0.0,1,0,0,0,0,0,0,0,1,0,2,2,0,0,0,0,1,mriya-ukraine.org,org,https://www.mriya-ukraine.org,200,0,False,200,False,False,False,False,True,False,90,0,0,0,0,2022-03-16,"['https://themegrill.com/themes/spacious', 'https://wordpress.org']"
76.39,1,0,0,0,2,1,27.0,0.0,0.0,0.0,0,0,1,0,0.01,15,0.0,2,0,0,0,0,0,0,0,0,0,0,0,0,0,0,0,1,muc-hilft-ukraine.de,de,https://www.muc-hilft-ukraine.de,200,0,False,500,False,False,False,False,True,False,75,0,0,0,0,2022-02-28,['https://en-gb.wordpress.org']
88.63,1,0,0,0,11,5,35.8,6.97,0.0,0.8,0,0,1,0,0.01,20,0.0,2,0,0,0,0,0,0,0,1,0,0,0,0,0,0,0,0,muenchen-hilft-ukraine.de,de,https://www.muenchen-hilft-ukraine.de,200,1,False,307,False,False,False,False,False,False,0,0,0,0,0,2022-03-08,"['https://www.iubenda.com/privacy-policy/71269201', 'https://twitter.com/mhucare', 'https://www.facebook.com/mhucare', 'https://www.linkedin.com/company/mhucare', 'https://www.instagram.com/mhucare']"
34.25,1,0,0,1,7,2,29.0,8.0,0.0,0.5,0,0,0,0,0.16,11,0.083,0,0,0,0,0,0,0,1,1,0,2,2,2,0,2,2,1,mums4ukraine.com,com,https://www.mums4ukraine.com,200,0,False,200,False,False,False,False,True,False,75,0,0,0,0,2022-03-17,"['https://www.facebook.com/Mums4Ukraine', 'https://wordpress.org']"
34.25,1,0,0,1,6,2,29.0,8.0,0.0,0.5,0,0,0,0,0.05,11,0.083,0,0,0,0,0,0,0,1,1,1,2,2,2,0,2,2,1,mums4ukraine.org,org,https://www.mums4ukraine.org,200,0,False,200,False,False,False,False,True,False,75,0,0,0,0,2022-03-17,"['https://www.facebook.com/Mums4Ukraine', 'https://wordpress.org']"
8.51,0,0,0,0,1,0,0.0,0.0,0.0,0.0,0,0,1,0,0.01,13,0.071,0,0,0,0,0,0,0,1,1,0,1,1,1,1,1,1,1,munich4ukraine.de,de,https://www.munich4ukraine.de,-1,0,False,200,True,True,False,False,True,False,85,0,0,0,0,2022-03-08,[]
43.19,1,0,0,0,10,3,33.33,13.02,0.0,0.33,0,0,0,0,0.16,19,0.0,0,0,0,0,0,0,1,0,1,0,2,2,2,0,0,2,0,musiciansforukraine.com,com,https://www.musiciansforukraine.com,200,0,False,200,False,False,False,False,False,False,0,0,0,0,0,2022-03-04,"['https://www.facebook.com/groups/musiciansforukraine', 'https://hetpoorthuisbrugge.be', 'https://atlesque.dev']"
370.36,1,0,0,0,1,0,0.0,0.0,0.0,0.0,0,0,0,0,0.05,25,0.0,0,0,0,1,0,0,1,0,1,0,0,0,0,0,0,0,0,musiciansunitedforukraine.org,org,https://www.musiciansunitedforukraine.org,404,0,False,200,False,False,False,False,True,False,55,0,0,0,0,2022-05-17,[]
1037.65,1,0,0,0,10,2,28.5,5.5,0.0,1.0,0,0,0,0,0.05,16,0.0,0,0,0,1,0,0,0,0,1,0,0,0,0,0,0,0,1,mutualaidukraine.org,org,https://www.mutualaidukraine.org,404,0,False,200,False,False,False,False,True,False,75,0,0,0,0,2022-07-22,"['https://www.facebook.com/MAUKRAINE', 'https://twitter.com/wix']"
3.63,1,0,0,0,1,1,26.0,0.0,0.0,0.0,0,0,0,0,0.02,9,0.0,0,0,0,0,0,0,0,0,0,0,2,2,2,0,2,2,0,myukraine.ca,ca,https://www.myukraine.ca,200,1,False,200,False,False,False,False,False,False,0,0,0,0,0,2022-03-13,['https://BuyThisDomain.info']
72.05,1,0,0,1,28,3,43.33,4.03,0.0,0.67,0,0,1,0,0.25,9,0.0,0,0,0,1,0,0,0,0,1,0,0,2,2,0,2,2,0,myukraine.help,help,https://www.myukraine.help,200,0,False,200,False,False,False,False,False,False,0,0,0,0,0,2022-06-19,"['https://myukrainehelp.pay.whitepay.com/?fiat=true', 'https://www.facebook.com/my.ukraine.help', 'https://www.instagram.com/my.ukraine.help']"
248.09,1,0,0,0,1,0,0.0,0.0,0.0,0.0,0,0,0,0,0.13,9,0.0,0,0,0,0,0,0,0,0,1,0,0,0,0,0,0,0,0,myukraine.net,net,https://www.myukraine.net,200,0,False,200,False,False,False,False,False,False,0,0,0,0,0,2022-02-26,[]
11.85,1,0,0,0,5,0,0.0,0.0,0.0,0.0,0,0,0,0,0.05,9,0.0,0,0,0,0,0,0,0,0,1,0,0,2,1,0,1,1,0,myukraine.org,org,https://www.myukraine.org,200,0,False,200,False,False,False,False,False,False,0,0,0,0,0,2022-03-01,[]
1779.84,1,0,0,0,11,3,30.33,7.13,0.0,1.0,0,0,1,0,0.29,9,0.0,0,0,0,0,0,0,0,0,0,0,0,0,0,0,0,0,0,myukraine.us,us,https://www.myukraine.us,200,0,False,200,False,False,False,False,True,False,55,0,0,0,0,2022-04-27,"['https://www.facebook.com/wix', 'https://twitter.com/Wix', 'https://www.linkedin.com/company/wix-com']"
2.41,1,0,0,0,1,0,0.0,0.0,0.0,0.0,0,0,0,0,0.16,16,0.0,0,0,0,0,0,0,0,0,0,0,1,1,1,1,1,1,0,myukrainestories.com,com,https://www.myukrainestories.com,200,1,False,200,False,False,False,False,False,False,0,0,0,0,0,2022-03-23,[]
2.41,1,0,0,0,1,0,0.0,0.0,0.0,0.0,0,0,0,0,0.13,16,0.0,0,0,0,0,0,0,0,0,1,0,1,1,1,1,1,1,0,myukrainestories.net,net,https://www.myukrainestories.net,200,1,False,200,False,False,False,False,False,False,0,0,0,0,0,2022-03-23,[]
1.08,1,0,0,0,1,0,0.0,0.0,0.0,0.0,0,0,0,0,0.05,19,0.0,0,0,0,0,0,0,1,0,1,0,1,1,1,1,1,1,0,napavalleytoukraine.org,org,https://www.napavalleytoukraine.org,-1,0,False,301,False,False,False,False,False,False,0,0,0,0,0,2022-03-18,[]
793.99,1,0,0,0,4,2,190.0,96.0,0.0,0.0,0,0,0,0,0.16,21,0.0,0,0,0,0,0,0,0,0,1,0,0,0,0,0,0,0,0,nashvillelovesukraine.com,com,https://www.nashvillelovesukraine.com,-1,0,False,200,False,False,False,False,True,False,55,0,0,0,0,2022-05-01,"['https://www.etsy.com/shop/SirisMeditativeArt?ref=simple-shop-header-name&listing_id=1220456065', 'https://www.airbnb.com/rooms/44331141?adults=1&guests=1&s=42&unique_share_id=2a331731-a7bb-4193-b95b-c22bfd618d70&_branch_match_id=1048750443666115385&_branch_referrer=H4sIAAAAAAAAA8soKSkottLXT0zKS9LLTdUPsvAodAwNKE7NTwIAvjJSIhsAAAA%3D&source_impression_id=p3_1651279818_4FEE7EvTHXEhaWPQ']"
99.39,1,0,0,0,6,1,43.0,0.0,0.0,1.0,0,0,0,0,0.05,18,0.0,0,0,0,0,0,0,0,0,1,0,0,0,0,0,0,0,0,neighborsofukraine.org,org,https://www.neighborsofukraine.org,404,0,False,200,False,False,False,False,True,False,55,0,0,0,0,2022-04-26,['https://www.facebook.com/boundlessnonprofit']
161.39,1,1,0,0,6,8,35.5,10.0,0.0,0.0,0,0,1,0,0.01,20,0.0,1,0,0,0,0,0,0,0,0,0,0,0,0,0,0,0,1,netzwerk-ukrainehilfe.de,de,https://www.netzwerk-ukrainehilfe.de,200,0,False,200,False,False,False,False,True,False,82,0,0,0,0,2022-03-24,"['https://www.koeln-freiwillig.de/kurzzeitengagement', 'https://www.kinderschutzbund-koeln.de', 'http://koelner-stiftungen.de', 'https://www.spielecircus.de', 'https://www.koelner-fluechtlingsrat.de', 'https://dohle-stiftung.com', 'https://www.rheinflanke.de', 'https://wordpress.org/plugins/gdpr-cookie-compliance']"
0.82,1,0,0,0,1,0,0.0,0.0,0.0,0.0,0,0,1,0,0.01,20,0.0,2,0,0,0,0,0,0,0,0,0,1,1,1,1,1,1,1,netzwerk-ukraine-hilfe.de,de,https://www.netzwerk-ukraine-hilfe.de,200,0,False,200,False,False,False,False,True,False,75,0,0,0,0,2022-03-10,[]
25.1,1,0,0,0,1,1,42.0,0.0,0.0,0.0,0,0,0,0,0.16,28,0.0,0,0,0,0,0,0,0,0,1,0,2,2,2,0,0,2,1,neurolanguagecoachingukraine.com,com,https://www.neurolanguagecoachingukraine.com,200,1,False,200,True,False,False,False,True,False,77,0,0,0,0,2022-03-07,['https://www.sedo.com/services/parking.php3']
1.54,1,0,0,0,1,1,33.0,0.0,0.0,0.0,0,0,0,0,0.16,18,0.0,0,0,0,0,0,0,1,0,1,0,2,2,2,0,2,2,1,neverforgetukraine.com,com,https://www.neverforgetukraine.com,-1,0,False,200,True,False,False,False,True,False,77,0,0,0,0,2022-06-04,['https://www.enable-javascript.com']
780.82,1,1,0,1,16,2,48.0,0.0,0.0,1.0,0,0,0,1,0.12,24,0.0,0,0,0,0,0,0,0,0,1,0,0,0,0,0,0,0,0,newforesthomesforukraine.co.uk,co.uk,https://www.newforesthomesforukraine.co.uk,200,0,False,200,False,False,False,False,False,False,0,0,0,0,0,2022-04-05,"['https://chat.whatsapp.com/CEmwZHqLdSHAU34e8DiZ1v', 'https://www.facebook.com/groups/1611600599214998']"
73.31,1,0,0,0,1,6,35.0,13.35,0.0,0.33,0,0,0,0,0.05,18,0.0,0,0,0,0,0,0,0,0,1,0,0,0,0,0,0,0,0,newhorizonsukraine.org,org,https://www.newhorizonsukraine.org,-1,0,False,301,False,False,False,False,False,False,0,0,0,0,0,2022-06-26,"['https://nhukr.org', 'https://www.flipcause.com/secure/cause_pdetails/MTUzNDMz', 'https://www.facebook.com/newhorizons.ngo.ukraine', 'https://www.instagram.com/nhukr.ngo', 'https://www.elegantthemes.com', 'https://www.wordpress.org']"
0.0,1,0,0,0,1,0,0.0,0.0,0.0,0.0,0,0,1,0,0.13,16,0.0,0,0,0,0,0,0,0,0,1,0,1,1,1,1,1,1,0,newsukrainetoday.ru,ru,https://www.newsukrainetoday.ru,-1,0,False,200,False,False,False,False,True,False,55,0,0,0,0,2022-07-14,[]
56.56,1,1,0,1,4,3,47.0,14.35,0.0,0.67,0,0,0,0,0.05,10,0.0,1,0,0,0,0,0,0,0,0,0,2,2,2,0,2,2,0,new-ukraine.org,org,https://www.new-ukraine.org,200,0,False,200,False,False,False,False,False,False,0,0,0,0,0,2022-06-20,"['https://test18.ukrmisto.com/#about', 'https://www.facebook.com/FondNovaUkraine', 'https://www.instagram.com/fondnovaukraine?igsh=MWZzazNzMWRtZnZpdg==']"
109.85,1,0,0,0,8,6,41.17,12.33,0.0,0.5,0,0,0,0,0.16,14,0.0,0,0,0,0,0,0,0,0,1,0,0,0,0,0,0,0,0,nextgenukraine.com,com,https://www.nextgenukraine.com,-1,0,False,200,False,False,False,False,False,False,0,0,0,0,0,2022-05-24,"['https://www.adeccojobsforukraine.com/candidate', 'https://www.facebook.com/profile.php?id=100087659787586', 'https://twitter.com/nextgen_ukraine', 'https://instagram.com/nextgen.ukraine?igshid=YmMyMTA2M2Y=', 'https://www.elegantthemes.com', 'https://www.wordpress.org']"
109.85,1,0,0,0,8,6,41.17,12.33,0.0,0.5,0,0,0,0,0.05,14,0.0,0,0,0,0,0,0,0,0,1,0,0,0,0,0,0,0,0,nextgenukraine.org,org,https://www.nextgenukraine.org,-1,0,False,200,False,False,False,False,False,False,0,0,0,0,0,2022-05-24,"['https://www.adeccojobsforukraine.com/candidate', 'https://www.facebook.com/profile.php?id=100087659787586', 'https://twitter.com/nextgen_ukraine', 'https://instagram.com/nextgen.ukraine?igshid=YmMyMTA2M2Y=', 'https://www.elegantthemes.com', 'https://www.wordpress.org']"
2.77,1,0,0,0,1,0,0.0,0.0,0.0,0.0,0,0,1,0,0.06,13,0.0,0,0,0,0,0,0,1,0,1,0,1,1,1,1,1,1,0,ngoforukraine.eu,eu,https://www.ngoforukraine.eu,-1,0,False,200,False,False,False,False,False,False,0,0,0,0,0,2022-03-17,[]
1054.02,1,0,0,0,24,8,35.75,9.71,0.12,0.38,0,1,0,0,0.05,9,0.1,0,0,0,0,0,0,0,1,1,0,0,0,0,0,0,0,0,nh4ukraine.org,org,https://www.nh4ukraine.org,200,0,False,200,False,False,False,False,False,False,0,0,0,0,0,2022-04-26,"['https://www.paypal.com/donate?campaign_id=TYUNUB8VFAM8G', 'https://www.facebook.com/nh4ukraine', 'http://www.instagram.com/nh4ukraine', 'https://www.linkedin.com/company/nh4ukraine-org', 'https://bit.ly/NH4Ukraine_May_2023', 'http://united-ukraine.org', 'https://kyivindependent.com', 'https://deepstatemap.live/en']"
57.78,0,0,0,0,1,2,47.5,23.5,0.0,0.0,0,0,0,0,0.05,11,0.0,0,0,0,0,0,0,0,0,1,0,2,0,2,0,0,0,0,nhfcukraine.org,org,https://www.nhfcukraine.org,200,0,False,200,False,False,False,False,False,False,0,0,0,0,0,2022-07-13,"['https://nhfc-ukraine.org', 'https://nhfc.networkforgood.com/projects/154505-help-orphans-in-ukraine']"
138.85,1,0,0,0,14,8,34.25,11.33,0.12,0.5,0,0,0,0,0.05,11,0.0,1,0,0,0,0,0,0,0,1,0,0,0,0,0,0,0,0,nika-ukraine.org,org,https://www.nika-ukraine.org,-1,0,False,200,False,False,False,False,False,False,0,0,0,0,0,2022-06-24,"['https://instagram.com/o.vilsanovskij', 'https://www.facebook.com/profile.php?id=100089883101659', 'https://t.me/prankota_ch', 'https://linktr.ee/OstanniyCapitalist', 'https://gladpet.org', 'https://help-ukraine-muenchen.de', 'https://www.linkedin.com/company/80482335/admin', 'https://web.besale.com.ua']"
16.57,1,0,0,0,1,0,0.0,0.0,0.0,0.0,0,0,0,0,0.05,20,0.0,0,0,0,0,0,0,1,0,0,0,1,2,1,0,1,1,0,nobelprizeforukraine.org,org,https://www.nobelprizeforukraine.org,200,0,False,200,False,False,False,False,False,False,0,0,0,0,0,2022-03-07,[]
1.09,1,0,0,0,1,0,0.0,0.0,0.0,0.0,0,0,0,0,0.16,20,0.0,0,0,0,0,0,0,0,0,0,1,1,1,1,1,1,1,0,noflyzoneoverukraine.com,com,https://www.noflyzoneoverukraine.com,-1,0,False,200,False,False,False,False,False,False,85,0,0,0,0,2022-03-16,[]
64.95,1,0,0,0,19,3,42.33,13.82,0.0,0.0,0,1,0,0,0.05,16,0.0,0,0,0,0,0,0,0,0,0,0,0,2,0,0,2,0,0,nordicsosukraine.org,org,https://www.nordicsosukraine.org,200,0,False,200,False,False,False,False,False,False,0,0,0,0,0,2022-03-09,"['https://www.paypal.com/donate/?hosted_button_id=VWBE75KJ2BYUJ', 'https://www.voluntarysupportnorway.com', 'https://www.operationaid.org']"
172.41,1,0,0,1,29,8,64.88,30.79,0.0,0.38,0,0,0,1,0.12,21,0.0,0,0,0,0,0,0,0,0,1,0,0,0,0,0,0,0,1,northdevonwithukraine.co.uk,co.uk,https://www.northdevonwithukraine.co.uk,200,0,False,200,False,False,False,False,True,False,82,0,0,0,0,2022-03-14,"['https://www.google.com/maps/d/u/0/viewer?ll=51.44823988508867%2C-4.358044786132815&mid=1W5kdOnYEIdkZ8xpPUhG2eTYqb48HSsXs&z=9', 'https://www.cognitoforms.com/ThePickwellFoundation1/OfferingAccommodationForHomesForUkraineScheme', 'https://www.thepickwellfoundation.org.uk', 'https://www.gov.uk/government/news/government-extends-stay-for-ukrainians-in-the-uk', 'https://pickwellfoundation.ombea.com', 'https://twitter.com/PickwellFounder', 'https://www.facebook.com/northdevonandtorridgewithukraine', 'https://www.instagram.com/thepickwellfoundation']"
455.73,1,0,0,0,9,5,61.6,22.36,0.0,0.4,1,0,0,0,0.16,15,0.0,0,0,0,0,0,0,0,0,0,0,0,0,0,0,0,0,0,notaloneukraine.com,com,https://www.notaloneukraine.com,200,0,False,200,False,False,False,False,True,False,55,0,0,0,0,2022-04-11,"['https://www.instagram.com/notalone.ukraine', 'https://www.facebook.com/notalone.ukraine', 'https://secure.wayforpay.com/donate/notaloneukraine', 'https://docs.google.com/forms/d/e/1FAIpQLSd7PY_Wk0OxIjbuPooWWC7Yi6wTyA-lIpQhhhcZNvGpOs1pIw/viewform', 'https://weblium.com?utm_medium=madeonweblium&utm_source=notaloneukraine.com']"
338.57,1,0,0,0,1,4,39.25,10.47,0.0,0.75,0,0,0,0,0.05,16,0.0,0,0,0,0,0,0,0,0,0,0,0,0,0,0,0,0,0,notesfromukraine.org,org,https://www.notesfromukraine.org,-1,0,False,200,False,False,False,False,False,False,0,0,0,0,0,2022-07-01,"['https://ucmfnyc.com/ucmf-2024', 'https://www.facebook.com/UCMFNYC', 'https://www.youtube.com/channel/UCcWGvWv8e9Vu79FzaJmsyJg', 'https://www.instagram.com/ucmfnyc/?hl=en']"
182.04,1,0,0,0,4,3,68.0,45.52,0.0,0.33,0,0,0,0,0.16,15,0.0,1,0,0,0,0,0,0,0,1,0,0,0,0,0,0,0,0,nothilfe-ukraine.com,com,https://www.nothilfe-ukraine.com,200,0,False,200,False,False,False,False,False,False,0,0,0,0,0,2022-03-03,"['https://www.instagram.com/nothilfe_ukraine', 'https://www.kontaktmission.org', 'https://forms.office.com/pages/responsepage.aspx?id=7ta1CKBCKkOGu1rIYAWqragd3TGdIhJNktN7yib7Zj1UQVFMTlJBOVdJWUtXMFFDUjQxTktPM09LTS4u']"
1.19,1,0,0,0,1,0,0.0,0.0,0.0,0.0,0,0,0,0,0.55,11,0.0,0,0,0,0,0,0,0,0,1,1,1,1,1,1,1,1,1,novaukraine.info,info,https://www.novaukraine.info,-1,0,False,200,False,False,False,False,True,False,95,0,0,0,0,2022-03-02,[]
66.68,1,0,0,0,7,1,33.0,0.0,0.0,1.0,0,0,0,0,0.01,12,0.0,2,0,0,0,0,0,0,0,1,0,0,0,0,0,0,0,0,now-in-ukraine.media,media,https://www.now-in-ukraine.media,200,0,False,200,False,False,False,False,False,False,40,0,0,0,0,2022-03-05,['http://twitter.com/now_in_ukraine']
1172.07,1,0,0,0,1,3,65.67,28.0,0.0,0.0,0,0,0,0,0.16,10,0.0,0,0,0,0,0,0,0,0,1,0,0,0,0,0,0,0,0,nrpukraine.com,com,https://www.nrpukraine.com,200,0,False,200,False,False,False,False,True,False,55,0,0,0,0,2022-03-24,"['https://e36fcba2-72f3-426b-ad5b-98172fc8aeb8.usrfiles.com/ugd/70eaaa_0d953673f2af4ec289191984e70cb5be.pdf', 'https://onrealm.org/nrpastors/give/Ukraine', 'https://www.nrpastors.com/post/ukraine-perspective']"
173.03,1,0,0,0,6,4,28.0,0.71,0.0,1.0,0,0,0,0,0.16,22,0.0,0,0,0,1,0,0,1,0,1,0,0,0,0,0,0,0,0,nursesunitedforukraine.com,com,https://www.nursesunitedforukraine.com,-1,0,False,200,False,False,False,False,False,False,85,0,0,0,0,2022-03-24,"['https://facebook.com/sitepad', 'https://twitter.com/sitepad', 'https://instagram.com/sitepad', 'https://linkedin.com/sitepad']"
128.18,1,0,0,0,18,3,66.0,18.02,0.0,0.33,0,0,0,0,0.16,9,0.1,0,0,0,0,0,0,0,1,1,1,0,0,0,0,0,0,0,ny4ukraine.com,com,https://www.ny4ukraine.com,200,0,False,200,False,False,False,False,False,False,0,0,0,0,0,2022-05-19,"['https://ukraine2023.itemorder.com/shop/home', 'https://sites.google.com/ny4ukraine.com/ny4ukraine/about-us/our-partners-and-supporters', 'https://youtube.com/playlist?list=PLy1-ZxgLpZtygb3s8EHeTGAvRW9NP-UhN']"
1225.51,1,0,0,0,3,7,74.43,40.37,0.0,0.43,0,1,0,0,0.16,10,0.091,0,0,0,0,0,0,0,1,1,0,0,0,0,0,0,0,0,nyc4ukraine.com,com,https://www.nyc4ukraine.com,200,0,False,200,False,False,False,False,True,False,55,0,0,0,0,2022-03-13,"['https://venmo.com/code?user_id=3493338955121934631&created=1648799423', 'https://click.cash.app/ui6m/b6ca51f0?deep_link_value=https://cash.app/$NYC4Ukraine', 'https://www.paypal.com/donate/?hosted_button_id=UKP5YL6FG3XAW&source=qr', 'https://enroll.zellepay.com/qr-codes?data=eyJuYW1lIjoiRklSU1QgVUtSQUlOSUFOIEFTU0VNQkxZIE9GIEdPRCIsInRva2VuIjoibnljNHVrcmFpbmVAZ21haWwuY29tIiwiYWN0aW9uIjoicGF5bWVudCJ9', 'https://www.facebook.com/NYCornerstone', 'https://www.youtube.com/channel/UClnqxJ6lvXDHfPOdrcnmtOA', 'https://www.instagram.com/nycornerstone']"
285.94,1,0,0,0,149,4,42.75,20.61,0.0,0.75,0,0,0,0,0.16,11,0.0,1,0,0,0,0,0,0,0,1,0,0,0,0,0,0,0,0,oase-ukraine.com,com,https://www.oase-ukraine.com,200,0,False,200,False,False,False,False,False,False,0,0,0,0,0,2022-03-31,"['https://www.facebook.com/oaseukraine', 'https://www.instagram.com/oase_bis_ukraine', 'https://www.youtube.com/channel/UChhLA3fHaBDZHclOJ7b35fA?view_as=subscriber', 'https://chumak.pro']"
1.07,1,0,0,0,1,0,0.0,0.0,0.0,0.0,0,0,0,0,0.16,13,0.0,0,0,0,0,0,0,0,0,0,1,1,1,1,1,1,1,0,occupyukraine.com,com,https://www.occupyukraine.com,-1,0,False,200,False,False,False,False,False,False,0,0,0,0,0,2022-03-05,[]
1.07,1,0,0,0,1,0,0.0,0.0,0.0,0.0,0,0,0,0,0.05,13,0.0,0,0,0,0,0,0,0,0,0,1,1,1,1,1,1,1,0,occupyukraine.org,org,https://www.occupyukraine.org,-1,0,False,200,False,False,False,False,False,False,0,0,0,0,0,2022-03-04,[]
115.97,1,0,0,0,36,6,38.17,9.89,0.0,0.5,0,0,0,0,0.05,18,0.0,0,0,0,0,1,0,0,0,1,0,0,0,0,0,0,0,0,oceanofhopeukraine.org,org,https://www.oceanofhopeukraine.org,-1,0,False,301,False,False,False,False,False,False,0,0,0,0,0,2022-03-26,"['https://www.facebook.com/oceanofhopeukraine', 'https://www.instagram.com/oceanofhopeukra', 'https://www.linkedin.com/company/ocean-of-hope-ukraine', 'http://www.elegantthemes.com', 'http://www.wordpress.org', 'https://cookiedatabase.org/tcf/purposes']"
119.84,1,0,0,0,5,4,66.25,24.57,0.0,0.25,0,0,0,0,0.16,9,0.0,0,0,0,0,0,0,0,0,1,0,0,0,0,0,0,0,0,ocukraine.com,com,https://www.ocukraine.com,200,0,False,200,False,False,False,False,True,False,55,0,0,0,0,2022-03-21,"['https://www.statista.com/topics/9087/russia-ukraine-war-2022/#dossierKeyfigures', 'https://globalfirstresponder.org/donate', 'https://www.facebook.com/donate/318830303619967', 'https://certmissions.servicereef.com/events/cert-international-2/moldova-medical-dental-mission-e122']"
3.67,1,0,0,0,1,1,52.0,0.0,0.0,0.0,0,0,1,0,0.08,17,0.0,0,0,0,0,0,0,0,0,0,1,2,2,2,0,2,2,0,odbudujemyukraine.pl,pl,https://www.odbudujemyukraine.pl,200,0,False,200,False,False,False,False,False,False,35,0,0,0,0,2022-04-30,['https://www.aftermarket.pl/?utm_source=parking_click']
95.09,1,0,0,0,34,1,42.0,0.0,0.0,1.0,0,0,0,0,0.05,17,0.0,0,0,0,0,0,0,0,0,1,0,0,0,0,0,0,0,0,oftukrainemission.org,org,https://www.oftukrainemission.org,200,0,False,200,False,False,False,False,True,False,55,0,0,0,0,2022-07-15,['https://www.facebook.com/OFTUkraineMission']
196.96,1,0,0,0,1,1,100.0,0.0,0.0,0.0,0,0,1,0,0.01,20,0.0,0,0,0,0,0,0,0,0,1,0,0,0,0,0,0,0,0,okhumanrightsukraine.de,de,https://www.okhumanrightsukraine.de,200,0,False,200,False,False,False,False,False,False,40,0,0,0,0,2022-03-30,['https://www.one.com/en/websitebuilder?utm_source=hosted_by&utm_medium=hosted_by&utm_campaign=default']
4.43,1,0,0,0,1,2,24.5,0.5,0.0,1.0,0,0,1,0,0.01,20,0.0,3,0,0,0,0,0,0,0,0,0,2,1,2,0,2,2,0,ok-human-rights-ukraine.de,de,https://www.ok-human-rights-ukraine.de,503,0,False,200,False,False,False,False,False,False,0,0,0,0,0,2022-04-04,"['https://www.facebook.com', 'https://www.instagram.com']"
84.84,1,0,0,0,3,0,0.0,0.0,0.0,0.0,0,0,0,0,0.0,21,0.0,0,0,0,0,0,0,0,0,0,0,0,0,0,0,0,0,0,oldhamukrainecatholic.church,church,https://www.oldhamukrainecatholic.church,404,0,False,200,False,False,False,False,True,False,55,0,0,0,0,2022-03-09,[]
75.96,1,0,0,0,6,1,54.0,0.0,0.0,0.0,0,0,0,0,0.05,15,0.0,1,0,0,1,0,0,0,0,1,0,0,0,0,0,0,0,0,olney-ukraineaid.org,org,https://www.olney-ukraineaid.org,200,1,False,200,False,False,False,False,True,False,55,0,0,0,0,2022-04-03,['https://www.justgiving.com/crowdfunding/savetheukraine']
176.33,0,0,0,0,3,2,52.0,30.0,0.0,0.0,0,0,1,0,0.01,13,0.0,2,0,0,0,0,0,0,0,0,0,0,0,0,0,0,0,0,om-fuer-ukraine.de,de,https://www.om-fuer-ukraine.de,200,0,False,200,False,False,False,False,False,False,0,0,0,0,0,2022-03-01,"['https://drive.google.com/file/d/1PXmD_JjfZ77qqbKsWMggjF4eF18TTGx_/view?usp=sharing', 'https://www.moin.media']"
3.3,1,0,0,0,1,0,0.0,0.0,0.0,0.0,0,0,1,0,0.06,14,0.0,0,0,0,0,0,0,1,0,1,0,1,1,1,1,1,1,0,oncoforukraine.eu,eu,https://www.oncoforukraine.eu,200,0,False,200,False,False,False,False,False,False,0,0,0,0,0,2022-03-22,[]
0.71,1,0,0,0,1,1,75.0,0.0,0.0,0.0,0,0,0,0,0.01,20,0.0,0,0,0,0,0,0,0,0,1,0,2,2,2,0,0,2,1,onderwijsvoorukraine.nl,nl,https://www.onderwijsvoorukraine.nl,200,0,False,200,False,False,False,False,True,False,75,0,0,0,0,2022-04-01,['https://www.rijksoverheid.nl/onderwerpen/onderwijs-oekraiense-vluchtelingen']
78.2,1,0,0,0,1,4,46.75,5.76,0.0,0.5,0,1,0,0,0.16,23,0.0,0,0,0,0,0,0,1,0,1,0,0,2,0,0,2,0,0,onedreamforoneukrainian.com,com,https://www.onedreamforoneukrainian.com,200,0,False,200,False,False,False,False,False,False,40,0,0,0,0,2022-05-03,"['https://account.venmo.com/u/Nick-Lessismore', 'https://www.paypal.com/paypalme/forced2disagree', 'https://www.instagram.com/forced2disagree', 'https://www.youtube.com/channel/UCLWzGVug-j1KGIUU3FHnw7g']"
595.79,0,1,0,0,49,5,47.8,41.85,0.0,0.4,0,0,0,0,0.16,22,0.0,0,0,0,0,0,0,0,0,1,0,0,0,0,0,0,0,0,onemillionukrainemeals.com,com,https://www.onemillionukrainemeals.com,-1,0,False,200,False,False,False,False,False,False,0,0,0,0,0,2022-03-03,"['https://ifapray.org', 'https://www.eventbrite.com/e/ifa-massachusetts-policy-prayer-event-a-day-of-prayer-equipping-tickets-841792091807?aff=oddtdtcreator', 'https://www.facebook.com/IFAPray', 'http://twitter.com/ifapray', 'https://rumble.com/user/ifapray']"
595.79,0,1,0,0,49,5,47.8,41.85,0.0,0.4,0,0,0,0,0.05,22,0.0,0,0,0,0,0,0,0,0,1,0,0,0,0,0,0,0,0,onemillionukrainemeals.org,org,https://www.onemillionukrainemeals.org,200,1,False,200,False,False,False,False,False,False,0,0,0,0,0,2022-03-03,"['https://ifapray.org', 'https://www.eventbrite.com/e/ifa-massachusetts-policy-prayer-event-a-day-of-prayer-equipping-tickets-841792091807?aff=oddtdtcreator', 'https://www.facebook.com/IFAPray', 'http://twitter.com/ifapray', 'https://rumble.com/user/ifapray']"
194.51,1,0,0,0,2,2,63.0,2.0,0.0,0.0,0,1,0,0,0.16,14,0.0,0,0,0,0,0,0,0,0,1,0,0,0,0,0,0,0,0,oneofusukraine.com,com,https://www.oneofusukraine.com,200,0,False,200,False,False,False,False,True,False,55,0,0,0,0,2022-03-11,"['https://www.paypal.com/donate/?hosted_button_id=UZFRDKLWG6W5Q', 'https://www.amazon.com/registries/custom/29VVVMTY555FF/guest-view']"
194.51,1,0,0,0,2,2,63.0,2.0,0.0,0.0,0,1,0,0,0.05,14,0.0,0,0,0,0,0,0,0,0,1,0,0,0,0,0,0,0,0,oneofusukraine.org,org,https://www.oneofusukraine.org,200,0,False,200,False,False,False,False,True,False,55,0,0,0,0,2022-03-11,"['https://www.paypal.com/donate/?hosted_button_id=UZFRDKLWG6W5Q', 'https://www.amazon.com/registries/custom/29VVVMTY555FF/guest-view']"
3.06,1,0,0,0,1,0,0.0,0.0,0.0,0.0,0,0,0,0,0.16,19,0.0,0,0,0,0,0,0,1,0,1,0,1,1,1,1,1,1,0,oneplanetforukraine.com,com,https://www.oneplanetforukraine.com,200,0,False,200,False,False,False,False,False,False,0,0,0,0,0,2022-02-26,[]
15.91,1,0,0,0,1,1,77.0,0.0,0.0,0.0,0,0,0,0,0.16,19,0.0,0,0,0,0,0,0,0,0,0,0,2,2,2,0,0,2,1,onlinecasinoukraine.com,com,https://www.onlinecasinoukraine.com,200,0,False,200,False,False,False,False,True,False,95,0,0,0,0,2022-04-22,['https://www.mydomaincontact.com/index.php?domain_name=onlinecasinoukraine.com']
7.67,1,0,0,0,1,4,42.0,10.68,0.0,0.0,0,0,0,0,0.05,18,0.0,0,0,0,0,0,0,1,0,1,0,2,2,2,0,2,2,0,openeyesforukraine.org,org,https://www.openeyesforukraine.org,200,0,False,0,False,False,False,False,True,False,55,0,0,0,0,2022-03-29,"['https://openeyes.org.ua/en', 'https://donate.stripe.com/6oE6rI2R43W6e0U5kk', 'https://www.flipcause.com/secure/cause_pdetails/MTUxNzY2', 'https://www.softserveinc.com/en-us/contact']"
95.95,1,0,0,0,6,4,45.5,21.85,0.0,0.25,0,0,0,0,0.02,13,0.0,0,0,0,0,0,0,1,0,0,0,0,0,0,0,0,0,0,opentoukraine.se,se,https://www.opentoukraine.se,200,0,False,200,False,False,False,False,True,False,35,0,0,0,0,2022-04-26,"['https://www.google.se/maps/dir//J%C3%A4gerhorns+v%C3%A4g+8%2C+141+75+Kungens+Kurva', 'https://www.facebook.com/RKskarholmen', 'https://www.svenskakyrkan.se/sofia/barn', 'https://www.tomtit.se/en']"
92.19,1,0,0,0,5,1,158.0,0.0,0.0,0.0,0,0,0,0,0.05,15,0.0,0,0,0,0,0,0,1,0,1,0,2,2,2,0,0,2,0,operaforukraine.org,org,https://www.operaforukraine.org,200,0,False,200,False,False,False,False,True,False,55,0,0,0,0,2022-04-25,['https://www.google.com/url?q=https%3A%2F%2Fwww.instagram.com%2Fp%2FCbaN02cM_iW%2F%3Futm_source%3Dig_web_copy_link&sa=D&sntz=1&usg=AOvVaw0bKykZ5sPnGpB4dBNlQJvX']
85.75,1,0,0,1,5,0,0.0,0.0,0.0,0.0,0,0,0,0,0.16,26,0.0,0,0,0,0,0,0,0,0,0,0,0,0,0,0,0,0,1,operationsafeharborukraine.com,com,https://www.operationsafeharborukraine.com,200,0,False,200,False,False,False,False,True,False,87,0,0,0,0,2022-03-22,[]
144.66,1,0,0,0,15,3,55.0,29.81,0.33,0.67,0,0,1,0,0.01,18,0.0,2,0,0,0,0,0,0,0,0,0,0,0,0,0,0,0,1,ortenau-fuer-ukraine.de,de,https://www.ortenau-fuer-ukraine.de,200,0,False,200,False,False,False,False,True,False,82,0,0,0,0,2022-03-09,"['https://docs.google.com/document/d/1vHPjGxUjqxlFuhOuMOEpvl17u5b19Ppwj2cAqEd0IEU/edit?usp=sharing', 'https://t.me/alert_ukraine', 'https://www.youtube.com/watch?v=hhBfNDVs-PY']"
89.0,1,0,0,0,73,1,60.0,0.0,0.0,1.0,0,0,0,0,0.05,21,0.0,0,0,0,1,1,0,0,0,1,0,0,2,2,0,0,0,0,orthopedichelpukraine.org,org,https://www.orthopedichelpukraine.org,404,0,False,200,False,False,False,False,True,False,55,0,0,0,0,2022-05-10,['https://www.linkedin.com/company/orthopedic-help-for-ukraine']
46.36,1,0,0,0,41,0,0.0,0.0,0.0,0.0,0,0,0,0,0.05,20,0.0,0,0,0,1,0,0,1,0,1,0,0,2,1,0,2,2,0,ortopedichelpukraine.org,org,https://www.ortopedichelpukraine.org,200,0,False,200,False,False,False,False,False,False,0,0,0,0,0,2022-05-01,[]
1.18,1,0,0,0,1,0,0.0,0.0,0.0,0.0,0,0,0,0,0.05,10,0.0,0,0,0,0,0,0,0,0,1,0,1,1,1,1,1,1,1,ortukraine.org,org,https://www.ortukraine.org,-1,0,False,200,False,False,False,False,True,False,95,0,0,0,0,2022-07-02,[]
303.66,1,1,1,0,18,0,0.0,0.0,0.0,0.0,0,0,0,0,0.16,15,0.0,0,0,0,0,0,0,1,0,1,0,0,0,0,0,0,0,0,osintforukraine.com,com,https://www.osintforukraine.com,200,0,False,200,False,False,False,False,False,False,0,0,0,0,0,2022-05-02,[]
11.72,1,0,0,0,10,3,36.33,10.5,0.0,0.0,0,0,0,0,0.16,12,0.0,0,0,0,0,0,0,0,0,1,0,2,2,2,0,0,2,0,osintukraine.com,com,https://www.osintukraine.com,200,1,False,200,False,False,False,False,False,False,0,0,0,0,0,2022-04-21,"['https://github.com/osintukraine', 'https://ko-fi.com/E1E2E81MW', 'https://status.ukrainewararchive.eu/status/uptime\n']"
72.93,1,0,0,0,1,2,31.5,9.5,0.0,0.0,0,0,0,0,0.16,13,0.0,2,0,0,0,0,0,1,0,0,1,0,0,0,0,2,0,0,otk-for-ukraine.com,com,https://www.otk-for-ukraine.com,200,0,False,200,False,False,False,False,True,False,55,0,0,0,0,2022-03-10,"['https://softgiving.com', 'https://softgivinghero.com/giveaway-rules']"
173.36,1,0,0,0,17,3,50.33,20.76,0.0,0.67,0,0,0,0,0.01,20,0.0,0,0,0,0,0,0,0,0,1,0,0,0,0,0,0,0,0,ourdailybreadukraine.nl,nl,https://www.ourdailybreadukraine.nl,200,0,False,200,False,False,False,False,False,False,40,0,0,0,0,2022-07-14,"['https://www.facebook.com/ourdailybreadukraine', 'https://www.linkedin.com/company/our-daily-bread-ukraine/?originalSubdomain=nl', 'http://www.webwinkelvisie.nl']"
140.52,1,0,0,0,9,2,82.0,41.0,0.0,0.0,0,1,0,0,0.16,17,0.056,0,0,0,1,0,0,0,1,1,0,0,0,0,0,0,0,0,oursupport4ukraine.com,com,https://www.oursupport4ukraine.com,200,0,False,200,False,False,False,False,True,False,72,0,0,0,0,2022-03-02,"['https://app.collectionpot.com/pot/3103239', 'https://www.paypal.com/donate/?business=37JYRW78VG5U8&no_recurring=0&item_name=Help+Us+To+Help+Ukraine%21&currency_code=GBP']"
0.7,1,0,0,0,1,1,56.0,0.0,0.0,0.0,0,0,0,0,0.16,14,0.0,0,0,0,0,0,0,1,0,1,0,2,2,2,0,2,2,0,pacsforukraine.com,com,https://www.pacsforukraine.com,200,1,False,0,False,False,False,False,True,False,55,0,0,0,0,2022-04-23,['http://go.microsoft.com/fwlink/?linkid=66138&clcid=0x409']
3.49,1,0,0,0,1,1,26.0,0.0,0.0,0.0,0,0,0,0,0.16,17,0.056,0,0,0,0,0,0,0,1,1,0,2,2,2,0,2,2,1,paintadove4ukraine.com,com,https://www.paintadove4ukraine.com,200,0,False,200,True,False,False,False,True,False,77,0,0,0,0,2022-03-08,['http://www.squarespace.com']
3.49,1,0,0,0,1,1,26.0,0.0,0.0,0.0,0,0,0,0,0.05,17,0.056,0,0,0,0,0,0,0,1,1,0,2,2,2,0,2,2,1,paintadove4ukraine.org,org,https://www.paintadove4ukraine.org,200,0,False,200,True,False,False,False,True,False,77,0,0,0,0,2022-03-08,['http://www.squarespace.com']
110.4,1,0,0,0,8,4,46.25,16.93,0.25,0.75,1,0,0,0,0.16,16,0.0,0,0,0,0,0,0,0,0,1,0,0,0,0,0,0,0,0,paintballukraine.com,com,https://www.paintballukraine.com,200,0,False,200,False,False,False,False,True,False,61,0,0,0,0,2022-04-06,"['https://www.facebook.com/paintball.ukraine', 'https://www.instagram.com/nplu.ua', 'https://www.youtube.com/channel/UCv1WwldvTJvMNZrl2S3j_dg?sub_confirmation=1', 'https://forms.gle/yUoTYUy2GXUrnWFf6']"
149.54,1,0,0,0,2,9,79.67,56.07,0.0,0.0,0,0,0,0,0.16,17,0.0,0,0,0,0,0,0,1,0,1,0,0,0,0,0,0,0,0,palletsforukraine.com,com,https://www.palletsforukraine.com,200,0,False,200,False,False,False,False,False,False,0,0,0,0,0,2022-03-20,"['https://www.rescue.org', 'https://www.projectdynamo.org', 'https://www.today.com/parents/babies/us-veteran-rescues-ukrainians-war-russia-rcna19968\xa0', 'https://www.independent.co.uk/news/world/americas/project-dynamo-rescue-evacuations-ukraine-b2039086.html', 'https://www.npr.org/2022/03/05/1084739721/airbnb-ukraine-direct-aid?utm_source=hs_email&utm_medium=email&_hsenc=p2ANqtz-8IK7yaA9HSxkjdOMPAZQuufymMdW-rTD1UbBFfDqaUyZaaz6NYhvR0J3ATzXdDo9KKkNzH', 'https://www.thedenverchannel.com/about/community-affairs/denver-family-creating-and-selling-ukrainian-flags-to-raise-money-for-various-charities', 'https://kdvr.com/news/local/denver-family-makes-wooden-flags-to-support-ukraine', 'https://policies.google.com/privacy', 'https://www.guirys.com']"
134.67,1,0,0,0,38,2,53.5,7.5,0.0,1.0,0,0,1,0,0.01,13,0.0,0,0,0,0,0,0,1,0,0,0,0,0,0,0,0,0,1,panforukraine.de,de,https://www.panforukraine.de,200,0,False,200,False,False,False,False,True,False,82,0,0,0,0,2022-03-09,"['https://www.linkedin.com/company/panforukraine', 'https://www.instagram.com/panforukraine/?utm_medium=copy_link']"
99.68,1,0,0,0,19,5,56.0,39.79,0.2,0.6,0,0,0,0,0.05,17,0.0,0,0,0,0,0,0,1,0,0,0,0,0,0,0,0,0,0,parentsforukraine.org,org,https://www.parentsforukraine.org,200,0,False,200,False,False,False,False,False,False,0,0,0,0,0,2022-03-08,"['https://nssu.gov.ua/volonterstvo', 'https://docs.google.com/spreadsheets/d/1cpTzy6HqwkqY6vs9eEnIsFjzII4JbSyX/edit?usp=sharing&ouid=117516349581763636331&rtpof=true&sd=true', 'https://www.facebook.com/102285955748738', 'https://www.instagram.com/parentsforukraine', 'https://t.me/parentsforukraine']"
105.15,1,0,0,0,16,13,172.0,138.68,0.0,0.23,0,0,0,0,0.16,20,0.0,0,0,0,0,0,0,0,0,1,0,2,2,2,0,0,2,1,parishukrainerefugee.com,com,https://www.parishukrainerefugee.com,200,0,False,200,False,False,False,False,True,True,75,0,0,0,0,2022-04-04,"['https://stclarem.churchgiving.com/ws/opportunities/SupportForUkraine', 'https://www.give-newsletter.cloud/index.php?pagina=newsletter&action=link&idnewsletter=111&logN=434152495441532D494E54&idlink=707&users=23472', 'https://www.facebook.com/sharer/sharer.php?u=https://parishukrainerefugee.com/caritas-ukraine-conference-on-humanitarian-situation-in-ukraine', 'https://twitter.com/intent/tweet?url=https://parishukrainerefugee.com/caritas-ukraine-conference-on-humanitarian-situation-in-ukraine', 'https://pinterest.com/pin/create/button/?url=https://parishukrainerefugee.com/caritas-ukraine-conference-on-humanitarian-situation-in-ukraine/&media=&description=Caritas%20Ukraine%20Conference%20On%20Humanitarian%20Situation%20In%20Ukraine', 'https://plus.google.com/share?url=https://parishukrainerefugee.com/caritas-ukraine-conference-on-humanitarian-situation-in-ukraine', 'http://www.linkedin.com/shareArticle?url=https://parishukrainerefugee.com/caritas-ukraine-conference-on-humanitarian-situation-in-ukraine/&title=Caritas%20Ukraine%20Conference%20On%20Humanitarian%20Situation%20In%20Ukraine', 'http://www.tumblr.com/share/link?url=https%3A%2F%2Fparishukrainerefugee.com%2Fcaritas-ukraine-conference-on-humanitarian-situation-in-ukraine%2F&name=Caritas+Ukraine+Conference+On+Humanitarian+Situation+In+Ukraine&description=%26nbsp%3B+CONFERENCE+INVITATION+Caritas+Internationalis+is+inviting+you+to%C2%A0a+conference+on+Caritas+work+and+on+the+humanitarian+situation+in+Ukraine+On+the+occasion+of+the+visit+to+Rome+of+the+President+of+Caritas+Ukraine%2C+Tetiana+Stawnychy%2C+and+Secretary+General+of+Caritas-Spes+Ukraine%2C+Fr+Vyacheslav+Grynevych+SAC%2C+Caritas+Internationalis+organizes+a%26hellip%3B', 'http://reddit.com/submit?url=https://parishukrainerefugee.com/caritas-ukraine-conference-on-humanitarian-situation-in-ukraine/&title=Caritas%20Ukraine%20Conference%20On%20Humanitarian%20Situation%20In%20Ukraine', 'https://www.nationalreview.com/news/detroit-man-captured-by-russians-and-accused-of-spying-rescued-in-daring-civilian-mission', 'https://www.wxyz.com/news/national/russia-ukraine-conflict/grosse-', 'https://www.dailywire.com/news/ukranians-are-like-our-brothers-the-story-of-polish-volunteers-rushing-to-ukraine-to-aid-in-the-war-effort', 'http://wp-royal.com']"
1.38,1,0,0,0,1,2,25.0,1.0,0.0,0.0,0,0,0,0,0.16,14,0.0,0,0,0,0,1,0,0,0,1,0,2,2,2,0,2,2,0,partnerukraine.com,com,https://www.partnerukraine.com,200,0,False,200,False,False,False,False,False,False,0,0,0,0,0,2022-06-21,"['http://ukraine.com.ua/wiki', 'http://adm.tools/support']"
129.28,1,0,0,1,34,8,68.62,26.89,0.0,0.5,0,0,0,0,0.16,21,0.0,0,0,0,0,0,0,1,0,0,0,0,0,0,0,0,0,0,pathfindersforukraine.com,com,https://www.pathfindersforukraine.com,200,0,False,301,False,False,False,False,False,False,85,0,0,0,0,2022-03-26,"['https://drive.google.com/drive/folders/1frVAGvgY4c9OL09Qx6TK2EJ-aRvM1sLz?usp=sharing', 'https://www.linkedin.com/groups/12792611', 'https://www.985fm.ca/audio/472389/un-quebecois-aide-les-ukrainiens-qui-veulent-trouver-refuge-au-canada', 'https://www.youtube.com/watch?v=DPqS1V5I6fY', 'https://www.ctvnews.ca/video?clipId=2410201&fbclid=IwAR0eOoh1G1OpOPMq8f59sCAhxnH7DIAvqwfQFkZBtk1gxhpZKwxNEDK-Llo', 'https://www.tvanouvelles.ca/2022/03/15/il-sort-sa-belle-famille-dukraine-1', 'https://www.facebook.com/PathfindersForUkraine', 'https://www.instagram.com/pathfindersforukraine']"
107.39,1,0,0,0,4,5,32.8,8.49,0.0,0.6,0,0,0,0,0.16,14,0.0,0,0,0,0,0,0,1,0,1,0,0,0,0,0,0,0,0,pawsforukraine.com,com,https://www.pawsforukraine.com,200,0,False,200,False,False,False,False,True,False,55,0,0,0,0,2022-03-19,"['https://mightyvet.org/donate-ukr', 'https://trupanion.com', 'https://www.facebook.com/hashtag/pawsforukraine', 'https://www.instagram.com/trupanion', 'https://twitter.com/trupanion']"
107.39,1,0,0,0,4,5,32.8,8.49,0.0,0.6,0,0,0,0,0.05,14,0.0,0,0,0,0,0,0,1,0,1,0,0,0,0,0,0,0,0,pawsforukraine.org,org,https://www.pawsforukraine.org,200,0,False,200,False,False,False,False,True,False,55,0,0,0,0,2022-03-19,"['https://mightyvet.org/donate-ukr', 'https://trupanion.com', 'https://www.facebook.com/hashtag/pawsforukraine', 'https://www.instagram.com/trupanion', 'https://twitter.com/trupanion']"
4.1,1,0,0,0,1,0,0.0,0.0,0.0,0.0,0,0,0,0,0.16,12,0.077,0,0,0,0,0,0,0,1,1,1,1,1,1,1,1,1,0,peace2ukraine.com,com,https://www.peace2ukraine.com,200,1,False,200,False,False,False,False,True,False,55,0,0,0,0,2022-03-11,[]
24.79,1,0,0,0,1,1,42.0,0.0,0.0,0.0,0,0,0,0,0.16,12,0.077,0,0,0,0,0,0,0,1,0,0,2,2,2,0,2,2,1,peace4ukraine.com,com,https://www.peace4ukraine.com,200,1,False,200,True,False,False,False,True,False,77,0,0,0,0,2022-02-28,['https://www.sedo.com/services/parking.php3']
62.17,1,0,0,0,3,1,25.0,0.0,0.0,0.0,0,0,0,0,0.05,12,0.077,0,0,0,0,0,0,0,1,0,0,0,0,0,0,2,0,0,peace4ukraine.org,org,https://www.peace4ukraine.org,200,0,False,200,False,False,False,False,True,False,55,0,0,0,0,2022-03-03,['https://medialifeline.net']
190.32,1,0,1,1,14,6,59.67,31.34,0.17,0.0,0,0,0,0,0.05,12,0.067,2,0,0,0,0,0,0,0,0,0,0,0,0,0,0,0,0,peace-4-ukraine.org,org,https://www.peace-4-ukraine.org,200,1,False,200,False,False,False,False,True,False,55,0,0,0,0,2022-03-08,"['https://jamestown.org/event/in-person-event-july-26-demystifying-russias-tactical-nukes-and-raising-the-wests-nuclear-iq', 'https://zakon.rada.gov.ua/laws/show/254%D0%BA/96-%D0%B2%D1%80?lang=en#Text', 'https://scholarship.law.vanderbilt.edu/vjtl/vol36/iss1/11', 'https://www.ipcc.ch/sr15/chapter/spm', 'https://wordpress.com/?ref=footer_custom_powered', 'https://wp.me/PdMu9T-4h']"
26.58,1,0,0,0,13,0,0.0,0.0,0.0,0.0,0,0,0,0,0.01,15,0.0,2,0,0,0,0,0,1,0,1,0,0,2,1,0,1,1,0,peace-for-ukraine.ch,ch,https://www.peace-for-ukraine.ch,200,0,False,200,False,False,False,False,True,False,55,0,0,0,0,2022-03-11,[]
184.84,1,0,0,0,27,4,57.0,22.66,0.0,0.75,0,0,1,0,0.07,15,0.0,0,0,1,0,0,0,1,0,0,0,0,0,0,0,0,0,0,peaceforukraine.charity,charity,https://www.peaceforukraine.charity,200,0,False,503,False,False,False,False,False,False,0,0,0,0,0,2022-07-21,"['https://www.facebook.com/sharer.php?u=https://peaceforukraine.charity', 'https://twitter.com/intent/tweet?text=Home&url=https://peaceforukraine.charity', 'https://www.instagram.com/?url=https://peaceforukraine.charity', 'https://social1.com']"
0.8,1,0,0,0,1,0,0.0,0.0,0.0,0.0,0,0,1,0,0.01,15,0.0,2,0,0,0,0,0,1,0,0,0,1,1,1,1,1,1,1,peace-for-ukraine.de,de,https://www.peace-for-ukraine.de,200,0,False,200,False,False,False,False,True,False,75,0,0,0,0,2022-03-02,[]
4.29,1,0,0,0,1,0,0.0,0.0,0.0,0.0,0,0,0,0,0.13,15,0.0,0,0,0,0,0,0,1,0,1,0,1,1,1,1,1,1,1,peaceforukraine.net,net,https://www.peaceforukraine.net,-1,0,False,200,False,False,False,False,True,False,75,0,0,0,0,2022-03-26,[]
649.64,1,0,0,0,14,6,72.0,28.59,0.0,0.5,0,1,1,0,0.01,17,0.0,2,0,0,0,0,0,1,0,1,0,0,0,0,0,0,0,0,peaceforukraine-e-v.de,de,https://www.peaceforukraine-e-v.de,-1,0,False,200,False,False,False,False,True,False,55,0,0,0,0,2022-05-03,"['https://www.facebook.com/PeaceforUkraine-110667201597171', 'https://instagram.com/peaceforukraine.e.v', 'https://www.youtube.com/channel/UCo8dh5zaAJdh0kRZxYtwGrg/featured', 'https://www.paypal.com/donate/?hosted_button_id=DMLYPLV8XHCKN', 'https://docs.google.com/document/d/1JADSg0t50TA6mX1gJy_PUjfazPLq-bu_/edit?usp=sharing&ouid=105814806057491123890&rtpof=true&sd=true', 'https://weblium.com?utm_medium=madeonweblium&utm_source=peaceforukraine-e-v.de']"
13.45,1,0,0,0,1,1,37.0,0.0,1.0,0.0,0,0,0,0,0.16,25,0.0,0,0,0,0,1,0,0,0,1,0,2,2,2,0,2,2,0,peaceinheartsofukrainians.com,com,https://www.peaceinheartsofukrainians.com,200,0,False,200,False,False,False,False,False,False,0,0,0,0,0,2022-03-22,['https://goo.gl/maps/YkgZBH2vTWjLhE7H8']
37.7,1,0,0,0,32,8,48.62,22.58,0.0,0.5,1,0,0,0,0.05,14,0.0,0,0,0,0,0,0,0,0,1,0,2,2,2,0,2,2,0,peaceinukraine.org,org,https://www.peaceinukraine.org,200,0,False,200,False,False,False,False,False,False,0,0,0,0,0,2022-02-28,"['https://twitter.com/codepink', 'https://www.facebook.com/codepinkalert', 'https://www.instagram.com/codepinkalert', 'https://www.youtube.com/channel/UCSTEGsYwuvPpwjtIufg7gzA', 'https://docs.google.com/forms/d/1yPbsDYUzqi737Oi6xQWF_ZcVXGSeq_WGK9JCy9_MT74/viewform?edit_requested=true', 'https://www.codepink.org/nomoremilitaryaid', 'https://www.codenation.com/?codepink', 'http://nationbuilder.com/?recruiter_id=716045']"
508.92,1,0,0,0,6,5,51.0,16.55,0.2,0.8,0,0,0,0,0.16,17,0.0,0,0,0,1,0,0,0,0,0,0,0,0,0,0,0,0,0,peoplehelpukraine.com,com,https://www.peoplehelpukraine.com,200,0,False,200,False,False,False,False,True,False,55,0,0,0,0,2022-04-21,"['https://msng.link/o/?380936610374=vi', 'https://wa.me/+380936610374', 'https://www.facebook.com/Peoplehelpukraine-103178325766596', 'https://www.instagram.com/people_help_ukraine/?igshid=YmMyMTA2M2Y', 'https://www.linkedin.com/in/help-ukraine-0a1b7a241/?original_referer=']"
298.93,1,1,0,0,12,0,0.0,0.0,0.0,0.0,0,0,0,0,0.05,17,0.0,2,0,0,1,0,0,0,0,1,0,0,0,0,0,0,0,0,people-help-ukraine.org,org,https://www.people-help-ukraine.org,200,0,False,200,False,False,False,False,True,False,55,0,0,0,0,2022-04-08,[]
9.43,1,0,0,0,4,1,34.0,0.0,0.0,1.0,0,0,0,0,0.05,17,0.0,0,0,0,0,0,0,0,0,1,0,2,2,2,0,2,2,0,peoplewithukraine.org,org,https://www.peoplewithukraine.org,200,0,False,200,False,False,False,False,True,False,55,0,0,0,0,2022-03-07,['https://twitter.com/pplwithukraine']
95.36,1,0,0,0,22,9,104.11,140.65,0.33,0.33,1,0,0,0,0.05,15,0.0,1,0,0,0,0,0,0,0,1,0,2,2,2,0,0,2,0,peremoga-ukraine.org,org,https://www.peremoga-ukraine.org,200,0,False,200,False,False,False,False,False,False,0,0,0,0,0,2022-06-30,"['https://t.me/peremogadp', 'https://www.facebook.com/prmg.ukraine', 'https://instagram.com/prmg.ukraine', 'https://docs.google.com/forms/d/e/1FAIpQLScD3KKn7rx4SjjToHuVq-6BQMjDp3wg_R-8FNoJeKCBiLFcRw/viewform', 'https://www.liqpay.ua/api/3/checkout?data=eyJ2ZXJzaW9uIjozLCJhY3Rpb24iOiJzdWJzY3JpYmUiLCJhbW91bnQiOiIxMDAiLCJjdXJyZW5jeSI6IlVBSCIsImRlc2NyaXB0aW9uIjoi0KnQvtC80ZbRgdGP0YfQvdCwINC/0ZbQtNGC0YDQuNC80LrQsCIsInB1YmxpY19rZXkiOiJpNzUwNjcwMjMxMzgiLCJsYW5ndWFnZSI6InVrIiwicmVzdWx0X3VybCI6Imh0dHBzOi8vd3d3LnBlcmVtb2dhLXVrcmFpbmUub3JnL3VhL3RoYW5rcyIsInN1YnNjcmliZSI6MSwic3Vic2NyaWJlX2RhdGVfc3RhcnQiOiJub3ciLCJzdWJzY3JpYmVfcGVyaW9kaWNpdHkiOiJtb250aCJ9&signature=ncy5Lv/eNpeWFNd3X8bXLf8t+mU=', 'https://wck.org', 'https://send.monobank.ua/jar/22Leqa9aY2?fbclid=PAAab0Edaa2zLjk7pg_SJEqJSQpc2vx9QfFzKheOu1cxAhQaviKPtNsZKI1eM_aem_AWUXud7hv2o8Rb5PCu7uSc5qJi0W3ixbdtD_29mlNk8LTgzEsxT-N3WHixCufyuXUno', 'https://forms.gle/kkjkBFbf2ia2fsRS7', 'https://goo.gl/maps/vwgJvWJ7WDhTqcyT8']"
80.61,1,0,0,0,4,1,27.0,0.0,1.0,1.0,0,0,1,0,0.15,14,0.0,1,0,0,0,0,0,0,0,0,0,0,0,0,0,2,0,0,perevod-ukraine.site,site,https://www.perevod-ukraine.site,200,0,False,200,False,False,False,False,True,False,55,0,0,0,0,2022-04-27,['https://t.me/Perevod_to_ukr']
95.07,1,1,0,0,5,5,61.4,34.2,0.0,0.6,0,1,1,0,0.01,18,0.0,1,0,0,0,0,0,0,0,0,0,0,2,2,0,0,0,1,perspektive-ukraine.de,de,https://www.perspektive-ukraine.de,200,0,False,200,False,False,False,False,True,False,82,0,0,0,0,2022-03-18,"['https://www.facebook.com/PerspektiveUkraine', 'https://www.instagram.com/perspektiveukraine.ev', 'https://www.linkedin.com/company/perspektive-ukraine', 'https://www.openpetition.de/petition/online/offener-brief-substanzielle-langfristige-verbindliche-unterstuetzung-fuer-die-ukraine', 'https://paypal.me/perspektiveukraine']"
114.49,1,0,0,0,8,2,37.5,9.5,0.0,0.5,0,0,0,0,0.02,12,0.0,0,0,0,0,0,0,1,0,1,0,0,0,0,0,0,0,0,pgforukraine.ca,ca,https://www.pgforukraine.ca,200,0,False,301,False,False,False,False,True,False,55,0,0,0,0,2022-03-31,"['https://www.shiftcreative.ca', 'https://www.facebook.com/groups/369749481398437']"
114.49,1,0,0,0,9,2,37.5,9.5,0.0,0.5,0,0,0,0,0.16,12,0.0,0,0,0,0,0,0,1,0,1,0,0,0,0,0,0,0,0,pgforukraine.com,com,https://www.pgforukraine.com,200,0,False,200,False,False,False,False,True,False,55,0,0,0,0,2022-03-31,"['https://www.shiftcreative.ca', 'https://www.facebook.com/groups/369749481398437']"
2.77,1,0,0,0,1,0,0.0,0.0,0.0,0.0,0,0,1,0,0.06,22,0.0,0,0,0,0,0,0,1,0,1,0,1,1,1,1,1,1,0,philanthropyforukraine.eu,eu,https://www.philanthropyforukraine.eu,-1,0,False,200,False,False,False,False,False,False,0,0,0,0,0,2022-03-11,[]
416.81,0,0,0,0,1,71,56.68,38.19,0.0,0.04,0,0,0,0,0.16,13,0.0,0,0,0,0,0,0,1,0,1,0,0,0,0,0,0,0,0,photosukraine.com,com,https://www.photosukraine.com,200,1,False,302,False,False,False,False,False,False,0,0,0,0,0,2022-03-17,"['http://phpadsnew.wn.com/www/delivery/ck.php?n=af9a85ca&cb=INSERT_RANDOM_NUMBER_HERE', 'http://twitter.com/home?status=https://wn.com/Photos_Ukraine', 'http://www.facebook.com/sharer.php?u=https://wn.com/Photos_Ukraine', 'http://maps.google.com/?q=Ukraine', 'http://.wikipedia.org', 'http://www.vechirka.uafor.net/sport/summer/0604204006.php', 'http://zakon4.rada.gov.ua/laws/show/30-2006-%D0%BF', 'http://myradio.com.ua/alias/RnB128.m3u', 'http://radio-world.elektrowave.org:8128', 'http://195.248.234.146:8000/radio1.m3u', 'http://pop.ct.fm/pop_ct_fm_mac.pls', 'http://live.galaradio.com:8000/kiev.m3u', 'http://radio.rivne.net:8000/listen.pls', 'http://91.194.250.169:8000/ur4-mp3-m', 'http://radio.tstu.edu.ua:8000/heavy.m3u', 'http://server.gik-team.net.ua:8000/live128', 'http://stream.ck.ua:8000/101FM.m3u', 'http://yaltafm.dyndns.tv:8000/online.m3u', 'http://213.85.130.203:8080/stream.mp3.m3u', 'http://radio.crimusic.info:8000/estetika128.m3u', 'http://195.66.65.146:8080/ekvator.m3u', 'http://online.1043.com.ua:8000/1043fm.m3u', 'http://rad.radio-n.com:8000', 'http://212.66.57.18:8000/listen.pls', 'http://www.radiobengel.com.ua/download/32kbps.m3u', 'http://rmix.dp.ua/listen_high.m3u', 'http://91.194.251.74:8000/superfm128.mp3.m3u', 'http://nashe.ua/nashe.m3u', 'http://xhost.feosky.net:8000/57358.m3u', 'http://www.prosto.fm/files/ProstoRadio128-Odessa.m3u', 'http://narodnoe.fm/files/NaRadiO128.m3u', 'http://online-rusradio.tavrmedia.ua/RusRadio.m3u', 'http://cast.loungefm.com.ua/loungefm.m3u', 'http://80.245.113.11:8076', 'http://mfile.akamai.com/10619/live/reflector:31070.asx', 'http://fm.odtrk.km.ua:8000/listen.pls', 'http://psyradio.com.ua/PsyRadio_256kbps.m3u', 'https://youtube.com', 'https://i.ytimg.com/vi/Xs8ahvtB1Dc/0.jpg', 'http://www.china.org.cn/world/Off_the_Wire/2024-04/11/content_117118378.htm', 'https://www.aol.co.uk/news/ukraine-war-briefing-russian-strikes-002736683.html', 'https://www.famagusta-gazette.com/2024/04/11/switzerland-to-host-a-high-level-peace-conference-for-ukraine', 'https://hungarytoday.hu/new-package-of-agricultural-measures-announced-at-the-government-press-briefing', 'https://www.aljazeera.com/news/2024/4/11/ukraine-parliament-passes-mobilisation-bill-to-boost-troop-numbers', 'https://www.washingtonblade.com/2024/04/11/gay-polish-government-minister-represents-change-of-course/?utm_source=rss&utm_medium=rss&utm_campaign=gay-polish-government-minister-represents-change-of-course', 'https://www.gulf-times.com/article/680467/international/swiss-to-host-ukraine-peace-conference-in-june-without-russia', 'https://www.themoscowtimes.com/2024/04/10/moscow-slams-planned-ukraine-peace-summit-as-us-project-a84804', 'https://www.dailymail.co.uk/news/article-13293315/Ukraine-prisoners-frontline-Russian-troops-key-differences.html', 'https://www.businessinsider.com/ukraine-was-crushing-in-avdiivka-before-ammo-stopped-us-veteran-2024-4', 'https://asiatimes.com/2024/04/air-defenses-gone-russia-dominates-ukraine-airspace', 'https://www.livemint.com/news/world/trump-house-speaker-mike-johnson-to-discuss-election-integrity-on-friday-11712785342441.html', 'https://www.guampdn.com/news/national/missiles-kill-7-in-ukraine-as-deadly-drone-strike-hits-russia/article_3bb057e0-a84d-5011-a24a-9bb1477aa872.html', 'https://edition.cnn.com/2024/04/11/climate/bogota-water-rationing-drought-climate-intl/index.html', 'https://www.beijingnews.net/news/274251548/israel-accused-of-using-ai-to-target-thousands-in-gaza-as-killer-algorithms-outpace-international-law', 'https://www.startribune.com/wife-of-julian-assange-says-bidens-comments-mean-case-could-be-moving-in-the-right-direction/600358068', 'https://www.sfgate.com/news/world/article/mali-s-junta-suspends-all-political-activities-19397053.php', 'https://www.rte.ie/news/middle-east/2024/0411/1442892-biden-iran-israel', 'https://www.newstatesman.com/politics/uk-politics/2024/04/rishi-sunaks-shelf-life-is-over', 'https://koreatimes.co.kr/www/opinion/2024/04/197_372291.html?utm_source=fl', 'https://www.dubai.com', 'https://travelagents.com', 'https://globalweather.com', 'https://worldphotos.com', 'https://cheese.com', 'https://broadcasts.com', 'https://metas.com', 'https://students.com', 'https://emissions.com', 'https://population.com', 'https://domaines.com', 'https://wages.com']"
66.16,0,0,0,0,8,3,39.33,10.21,0.0,0.33,0,0,0,0,0.16,17,0.0,0,0,0,0,0,0,1,0,1,0,0,0,0,0,0,0,0,pilatesforukraine.com,com,https://www.pilatesforukraine.com,200,0,False,200,False,False,False,False,True,False,55,0,0,0,0,2022-03-10,"['https://justgiving.com/fundraising/pilatesforukraine', 'https://vimeo.com/690889383', 'https://www.instagram.com/pennybpilates']"
1.19,1,0,0,0,1,0,0.0,0.0,0.0,0.0,0,0,0,0,0.16,11,0.083,0,0,0,0,0,0,0,1,0,0,1,1,1,1,1,1,1,pins4ukraine.com,com,https://www.pins4ukraine.com,-1,0,False,200,False,False,False,False,True,False,95,0,0,0,0,2022-04-23,[]
376.81,0,1,1,1,1,14,72.21,44.73,0.0,0.36,0,0,0,0,0.16,18,0.0,3,0,0,0,0,0,0,0,0,0,0,0,0,0,0,0,1,pin-up-casino-ukraine.com,com,https://www.pin-up-casino-ukraine.com,200,0,False,200,False,False,False,False,True,False,78,0,0,0,0,2022-05-08,"['https://www.youtube.com/channel/UCWoMBXSaOzjarobVR8sSTjg', 'https://www.instagram.com/roulette_roulette.net_', 'https://roulette-roulette.net', 'https://gotocld.com/?a=233635&c=367463&co=291048&mt=5', 'https://windetta.com/en-ca?token=WZSQjCF-n7lH991hB89I4mNd7ZgqdRLk', 'https://eastrk-dt.com/?a=233635&c=322238&co=291048&mt=5', 'https://en.wikipedia.org/wiki/Roulette', 'https://www.facebook.com/sharer/sharer.php?u=https%3A%2F%2Froulette-roulette.net%2F', 'https://twitter.com/intent/tweet?text=Top%2010%20Online%20Roulette%20Casino%20for%20Real%20Money%20in%20Canada&url=https%3A%2F%2Froulette-roulette.net%2F', 'https://www.linkedin.com/sharing/share-offsite/?url=https%3A%2F%2Froulette-roulette.net%2F', 'https://telegram.me/share/url?url=https%3A%2F%2Froulette-roulette.net%2F&text=Top%2010%20Online%20Roulette%20Casino%20for%20Real%20Money%20in%20Canada', 'http://reddit.com/submit?url=https%3A%2F%2Froulette-roulette.net%2F&title=Top%2010%20Online%20Roulette%20Casino%20for%20Real%20Money%20in%20Canada', 'https://wordpress.org', 'https://mercurytheme.com']"
234.49,1,0,0,1,12,3,40.0,3.56,0.0,1.0,0,0,0,0,0.05,17,0.0,0,0,0,0,0,0,1,0,1,0,0,0,0,0,0,0,0,pitchinforukraine.org,org,https://www.pitchinforukraine.org,200,0,False,200,False,False,False,False,True,False,35,0,0,0,0,2022-05-30,"['https://www.facebook.com/PitchInForUkraine', 'https://twitter.com/PitchIn4Ukraine', 'https://www.instagram.com/PitchInForUkraine']"
40.35,1,1,0,0,3,2,49.5,11.5,0.0,0.5,0,1,0,0,0.16,15,0.0,0,0,0,0,0,0,1,0,1,0,2,2,2,0,2,2,0,pizzaforukraine.com,com,https://www.pizzaforukraine.com,200,0,False,200,False,False,False,False,True,False,55,0,0,0,0,2022-04-18,"['https://www.paypal.com/donate/?hosted_button_id=WLPT63UJMR5DJ', 'https://www.instagram.com/natashale777']"
148.68,1,0,0,1,2,17,49.94,28.41,0.12,0.18,0,1,0,0,0.05,15,0.0,0,0,0,0,0,0,1,0,1,0,0,0,0,0,0,0,0,pizzaforukraine.org,org,https://www.pizzaforukraine.org,200,0,False,200,False,False,False,False,False,False,40,0,0,0,0,2022-03-31,"['https://facebook.com/pizzaforukraine', 'https://instagram.com/pizzaforukraine', 'https://www.paypal.com/donate/?hosted_button_id=Q9FF8C8QLX5A4', 'https://donate.stripe.com/6oE9EygaSfUR4Mg7st', 'http://eepurl.com/iACizc', 'https://mailchi.mp/6e8c5fda6950/pizza-for-ukraine-newsletter-issue-1', 'https://www.pizzaepastaitaliana.it/archivio/una-pizza-per-la-pace', 'https://lavocedinewyork.com/food/2023/06/06/una-pizza-napoletana-per-lucraina-liniziativa-di-corey-watson', 'https://youtu.be/sa18o86lxww', 'https://www.pizzanapoletana.org/en/209-pizza_for_ukraine_a_former_avpn_student_in_lviv_to_bake_pizza_and_help_civilians', 'https://ooni.com', 'https://www.mulinocaputo.it/?lang=en', 'https://www.compagniamercantiledoltremare.com/en', 'https://gimetal.it/en/news-events/pizza-for-ukraine', 'https://www.sunmix.it', 'https://cambro.com', 'https://directories.onepercentfortheplanet.org/profile/pizza-for-ukraine']"
31.0,1,0,0,0,2,11,43.73,36.7,0.09,0.0,0,0,0,0,0.16,15,0.0,0,0,0,0,0,0,1,0,1,1,2,2,2,0,2,2,0,planeforukraine.com,com,https://www.planeforukraine.com,200,0,False,301,False,False,False,False,False,False,0,0,0,0,0,2022-03-03,"['https://docs.google.com/document/d/1quqN62MFpmEZ-OK_Zdr5NBz_erXi8WohsXUMH9Sb7Ls/edit', 'https://web.archive.org/web/20220305212820/https://docs.google.com/spreadsheets/d/1521vG5w1CAkwRmbSEffpUz6-cqg_ho9gn__PsqESlqc/edit#gid=1594159159', 'https://amzn.to/3KghwL7', 'https://edmonton.mfa.gov.ua/en', 'https://uccab.ca', 'https://www.firefighteraidukraine.com', 'https://friendsofukrainefoundation.com', 'https://www.nationalstarroofing.ca', 'https://idealrenovationsnj.com', 'https://wordpress.org', 'https://www.wpzoom.com']"
0.01,1,0,0,0,1,0,0.0,0.0,0.0,0.0,0,0,1,0,0.06,14,0.0,0,0,0,0,0,0,1,0,1,0,1,1,1,1,1,1,0,playforukraine.eu,eu,https://www.playforukraine.eu,200,1,False,200,False,False,False,False,False,False,0,0,0,0,0,2022-03-02,[]
1.19,1,0,0,0,1,0,0.0,0.0,0.0,0.0,0,0,0,0,0.05,14,0.0,0,0,0,0,0,0,1,0,1,1,1,1,1,1,1,1,1,playforukraine.org,org,https://www.playforukraine.org,200,1,False,200,True,False,False,False,True,False,95,0,0,0,0,2022-03-03,[]
233.1,1,0,0,0,7,3,54.67,10.87,0.0,0.33,0,0,0,0,0.16,25,0.0,0,0,0,1,0,0,1,0,1,0,0,0,0,0,0,0,0,plebeianhelpersforukraine.com,com,https://www.plebeianhelpersforukraine.com,-1,0,False,301,False,False,False,False,False,False,0,0,0,0,0,2022-06-08,"['https://donorbox.org/plebeianhelpers-for-ukraine', 'https://www.charitynavigator.org/ein/882574641', 'https://www.instagram.com/plebeianhelpers/?hl=hi&ref=LiveInstagram.com']"
37.85,1,0,0,0,1,1,27.0,0.0,0.0,0.0,0,0,0,1,0.12,16,0.0,0,0,0,0,0,0,1,0,1,0,0,2,2,0,2,2,0,pledgeforukraine.co.uk,co.uk,https://www.pledgeforukraine.co.uk,-1,0,False,200,False,False,False,False,False,False,0,0,0,0,0,2022-03-30,['https://www.wearenova.co.uk']
158.39,1,0,0,0,2,1,90.0,0.0,0.0,1.0,0,0,0,0,0.01,14,0.0,0,0,0,0,0,0,1,0,0,0,0,0,0,0,0,0,0,pointofukraine.at,at,https://www.pointofukraine.at,200,0,False,200,False,False,False,False,False,False,0,0,0,0,0,2022-03-26,['https://www.facebook.com/Point-of-Ukraine-Ukrainische-Community-in-O%C3%96-102536809062822']
207.03,1,1,0,0,7,3,44.67,32.22,0.0,0.33,0,0,1,0,0.06,14,0.0,0,0,0,0,0,0,1,0,1,0,0,0,0,0,0,0,0,pointofukraine.eu,eu,https://www.pointofukraine.eu,200,0,False,200,False,False,False,False,True,False,61,0,0,0,0,2022-03-25,"['https://www.facebook.com/Point-of-Ukraine-Ukrainische-Community-in-O%C3%96-102536809062822', 'https://warhelp.eu', 'https://zusammen-helfen.at']"
2.36,1,0,0,0,1,1,18.0,0.0,0.0,0.0,0,0,0,0,0.16,13,0.0,0,0,0,0,0,0,0,0,1,0,2,2,2,0,2,2,0,polandukraine.com,com,https://www.polandukraine.com,200,0,False,200,False,False,False,False,True,False,55,0,0,0,0,2022-03-07,['https://cargo.site']
351.31,1,1,0,1,1,4,87.0,52.48,0.0,0.25,0,0,0,0,0.16,13,0.0,0,0,0,0,0,0,0,0,1,0,0,0,0,0,0,0,0,poryadukraine.com,com,https://www.poryadukraine.com,200,0,False,200,False,False,False,False,True,False,55,0,0,0,0,2022-04-01,"['https://send.monobank.ua/5L2QwHyLSa', 'https://www.privat24.ua/rd/transfer_to_card?hash=rd/transfer_to_card/%7B%22from%22:%22%22,%22to%22:%225168%207574%200570%201725%22,%22ccy%22:%22UAH%22,%22amt%22:%22100%22%7D', 'https://instagram.com/poryad_ukraine?utm_medium=copy_link', 'https://drive.google.com/file/d/1Zdy0PMt2j9gaEUwmealj3hora9WnMB7n/view?usp=drivesdk']"
44.87,1,0,0,0,5,3,43.33,4.03,0.0,0.67,0,0,0,0,0.16,15,0.0,0,0,0,0,0,0,0,0,1,0,2,2,2,0,0,2,0,postcodeukraine.com,com,https://www.postcodeukraine.com,200,0,False,200,False,False,False,False,False,False,0,0,0,0,0,2022-05-08,"['https://www.facebook.com/postcodeukraine', 'https://www.instagram.com/postcodeukraine', 'https://secure.wayforpay.com/donate/d43064908d82b']"
1637.45,1,0,0,0,31,5,77.6,35.09,0.0,0.6,0,0,0,0,0.16,12,0.0,0,0,0,0,0,0,0,0,1,0,0,0,0,0,0,0,0,pourlukraine.com,com,https://www.pourlukraine.com,200,0,False,200,False,False,False,False,False,False,0,0,0,0,0,2022-06-25,"['https://www.coe.int/fr/web/portal/-/situation-of-ukrainian-children-pace-calls-for-urgent-measures-and-international-co-operation', 'https://www.facebook.com/pour.l.ukraine.pour.leur.liberte.et.la.notre', 'https://twitter.com/UkraineVictoire', 'https://bsky.app/profile/pourlukraine.bsky.social', 'https://www.linkedin.com/company/pour-l-ukraine-pour-leur-libert%C3%A9-et-la-n%C3%B4tre/?viewAsMember=true']"
30.25,1,0,0,0,15,1,24.0,0.0,0.0,0.0,0,0,1,1,2.63,11,0.083,0,0,0,0,1,0,0,1,0,0,2,2,2,0,2,2,1,pray4ukraine.pp.ua,pp.ua,https://www.pray4ukraine.pp.ua,-1,0,False,200,False,True,False,False,True,False,91,0,0,0,0,2022-03-29,['https://uk.wordpress.org']
269.26,1,0,0,0,8,0,0.0,0.0,0.0,0.0,0,0,0,0,0.02,11,0.083,0,0,0,0,1,0,0,1,1,0,0,0,0,0,0,0,0,pray4ukraine.team,team,https://www.pray4ukraine.team,200,1,False,200,False,False,False,False,True,False,55,0,0,0,0,2022-03-05,[]
36.19,1,0,0,0,2,2,71.5,30.5,0.0,0.0,0,0,0,0,0.2,11,0.083,0,0,0,0,1,0,0,1,0,0,2,2,2,0,2,2,1,pray4ukraine.world,world,https://www.pray4ukraine.world,-1,0,False,200,True,True,False,False,True,False,85,0,0,0,0,2022-02-28,"['https://dan.com/?utm_campaign=Parking&utm_medium=parking&utm_source=.world&utm_term=pray4ukraine.world', 'https://www.trustpilot.com/review/dan.com']"
0.11,1,0,0,0,1,0,0.0,0.0,0.0,0.0,0,0,0,0,0.13,14,0.0,0,0,0,0,1,0,1,0,0,0,1,1,1,1,1,1,1,prayforukraine.net,net,https://www.prayforukraine.net,200,1,False,200,True,False,False,False,True,False,90,0,0,0,0,2022-02-26,[]
64.74,1,0,0,0,53,3,27.67,4.19,0.0,0.33,0,0,1,0,0.06,12,0.077,0,0,0,0,0,0,0,1,0,0,0,0,0,0,2,0,0,print4ukraine.eu,eu,https://www.print4ukraine.eu,200,0,False,200,False,False,False,False,False,False,0,0,0,0,0,2022-06-21,"['http://gofile.me/6WOS9/GADA6bYEK', 'https://joomshaper.com', 'https://twitter.com/Glia_Intl']"
1.19,1,0,0,0,1,0,0.0,0.0,0.0,0.0,0,0,0,0,0.16,15,0.0,0,0,0,0,0,0,1,0,1,0,1,1,1,1,1,1,1,printforukraine.com,com,https://www.printforukraine.com,-1,0,False,200,False,False,False,False,True,False,95,0,0,0,0,2022-03-04,[]
100.42,1,0,0,0,15,1,39.0,0.0,0.0,1.0,0,0,0,0,0.16,16,0.0,0,0,0,0,0,0,1,0,1,0,0,0,0,0,0,0,0,printsforukraine.com,com,https://www.printsforukraine.com,200,0,False,200,False,False,False,False,False,False,0,0,0,0,0,2022-03-07,['http://instagram.com/prints.for.ukraine']
8.18,1,0,0,0,19,0,0.0,0.0,0.0,0.0,0,0,0,0,0.16,11,0.0,0,0,0,0,0,0,0,0,1,0,1,1,1,-1,2,1,0,produkraine.com,com,https://www.produkraine.com,200,0,False,200,False,False,False,False,False,False,0,0,0,0,0,2022-05-30,[]
91.22,1,0,0,0,8,1,50.0,0.0,0.0,1.0,0,0,0,0,0.16,23,0.0,0,0,0,0,0,0,0,0,0,0,0,0,0,0,0,0,0,projectsunflowerukraine.com,com,https://www.projectsunflowerukraine.com,401,0,False,200,False,False,False,False,True,False,55,0,0,0,0,2022-03-01,['https://www.instagram.com/projectsunflower.ukraine']
0.11,1,0,0,0,1,0,0.0,0.0,0.0,0.0,0,0,0,0,0.05,22,0.0,0,0,0,0,0,0,0,0,0,1,1,1,1,1,1,1,1,protectpeopleinukraine.org,org,https://www.protectpeopleinukraine.org,200,1,False,200,True,False,False,False,True,False,90,0,0,0,0,2022-04-14,[]
41.67,1,0,0,0,5,12,95.0,52.34,0.0,0.17,0,0,0,0,0.01,14,0.0,0,0,0,0,0,0,0,0,0,0,2,2,2,0,0,2,0,protectukraine.nl,nl,https://www.protectukraine.nl,200,0,False,200,False,False,False,False,False,False,0,0,0,0,0,2022-07-23,"['https://www.linkedin.com/company/protectukraine/?viewAsMember=true', 'https://www.instagram.com/protect_ukraine.nl', 'https://www.ewmagazine.nl/auteur/jaap-scholten', 'https://www.theguardian.com/world/2022/mar/28/the-drone-operators-who-halted-the-russian-armoured-vehicles-heading-for-kyiv?CMP=Share_iOSApp_Other', 'https://www.nporadio1.nl/fragmenten/nos-radio-1-journaal/5280498b-d9d8-4ac2-bffb-a9bfe43da243/2022-01-26-wanneer-is-het-tijd-om-uit-oekraine-te-vertrekken', 'https://www.nrc.nl/nieuws/2022/11/17/nu-vrede-sluiten-met-rusland-is-misdadig-a4148615', 'https://www.boerderij.nl/nederlandse-agrarier-in-oekraine-verschrikkelijk-wat-hier-gebeurt', 'https://open.spotify.com/episode/2UXtmjbV9lln0ccZ7fANuD', 'https://www.volkskrant.nl/columns-opinie/de-oekrainers-hebben-me-laten-zien-hoe-je-dapper-kunt-zijn~b1358be9', 'https://fd.nl/politiek/1481586/je-moet-poetin-knetterhard-aanpakken-dat-is-de-enige-taal-die-hij-verstaat?utm_medium=social&utm_source=app&utm_campaign=earned&utm_content=20230719&utm_term=app-android&gift=QEO4a', 'https://assets-global.website-files.com/6568f1e5a03d2fb5f1ad919a/6601a3b679598e3a3c286843_Policy%20Plan%20V2.pdf', 'https://deleeuwkyiv.nl']"
18.87,1,0,0,0,4,9,32.67,10.82,0.0,0.22,0,0,1,0,0.1,14,0.0,1,0,0,0,0,0,0,0,1,0,2,2,2,0,2,2,0,protect-ukraine.today,today,https://www.protect-ukraine.today,200,0,False,200,False,False,False,False,False,False,0,0,0,0,0,2022-03-10,"['https://www.supportukraine.co', 'https://ukrainianlegion.com', 'https://helpheroesofukraine.com', 'https://www.comebackalive.in.ua', 'https://usa.mfa.gov.ua/en/ukraine-and-usa/ukrainians-us', 'https://uaccusa.org', 'https://www.facebook.com/serhiyprytula', 'https://geometria.us', 'https://www.instagram.com/protectukraine2022']"
13.48,1,0,0,0,8,6,75.67,22.28,0.0,0.5,0,0,0,0,0.16,17,0.0,0,0,0,0,0,0,0,0,0,0,2,2,2,0,0,2,0,protectukrainenow.com,com,https://www.protectukrainenow.com,-1,0,False,200,False,False,False,False,True,False,55,0,0,0,0,2022-03-17,"['https://www.appropriations.senate.gov/imo/media/doc/national_security_act_bill_text.pdf', 'https://www.cnn.com/2024/02/28/politics/pentagon-considering-tapping-last-source-ukraine-funding/index.html', 'https://twitter.com/search?q=%23Call4Ukraine', 'https://www.irs.gov/charities-non-profits/lobbying', 'https://www.facebook.com/sharer.php?u=https%3A%2F%2Fprotectukrainenow.org%2F', 'https://www.linkedin.com/sharing/share-offsite/?url=https%3A%2F%2Fprotectukrainenow.org%2F']"
24.62,1,0,0,0,8,6,77.0,22.79,0.0,0.5,0,0,0,0,0.05,17,0.0,0,0,0,0,0,0,0,0,1,0,2,2,2,0,0,2,0,protectukrainenow.org,org,https://www.protectukrainenow.org,200,0,False,200,False,False,False,False,False,False,0,0,0,0,0,2022-03-17,"['https://www.appropriations.senate.gov/imo/media/doc/national_security_act_bill_text.pdf', 'https://www.cnn.com/2024/02/28/politics/pentagon-considering-tapping-last-source-ukraine-funding/index.html', 'https://twitter.com/search?q=%23Call4Ukraine', 'https://www.irs.gov/charities-non-profits/lobbying', 'https://www.facebook.com/sharer.php?u=https%3A%2F%2Fwww.protectukrainenow.org%2F', 'https://www.linkedin.com/sharing/share-offsite/?url=https%3A%2F%2Fwww.protectukrainenow.org%2F']"
87.33,1,1,0,0,1,10,78.4,37.45,0.0,0.4,0,0,0,0,0.05,25,0.0,0,0,0,0,0,0,0,0,0,0,2,2,2,0,0,2,0,protectukrainiandefenders.org,org,https://www.protectukrainiandefenders.org,-1,0,False,200,False,False,False,False,True,False,55,0,0,0,0,2022-07-12,"['https://docs.google.com/spreadsheets/d/1DHPbPComwpW-kW1huk47WiExehQnjv2YDAfOAEnVEPc', 'https://twitter.com/vorobyov', 'https://www.facebook.com/evorobyov', 'https://www.linkedin.com/in/vorobyov', 'https://www.economist.com/international/2023/08/04/what-ukraines-bloody-battlefield-is-teaching-medics', 'https://www.elconfidencial.com/mundo/2023-08-30/china-desangrando-ucrania-torniquetes_3725988', 'https://www.wired.com/story/ukraine-war-trucks-trolls-tourniquets', 'https://wyborcza.pl/7,75399,28761201,ukrainscy-cywile-zrzucaja-sie-na-sprzet-dla-armii-i-sami-dowoza.html', 'https://www.knack.be/nieuws/wereld/mensen-van-het-jaar-2-het-is-belangrijk-dat-je-zelfs-op-de-meest-tragische-ogenblikken-je-gevoel-voor-humor-niet-verliest', 'https://www.youtube.com/watch?v=hXKXrZykLOQ&ab_channel=GeoterricsOutdoorsAustralia']"
224.81,1,0,0,0,20,1,34.0,0.0,0.0,0.0,0,0,0,0,0.16,16,0.0,0,0,0,0,0,0,1,0,1,0,0,0,0,0,0,0,0,psalmsforukraine.com,com,https://www.psalmsforukraine.com,200,0,False,200,False,False,False,False,False,False,0,0,0,0,0,2022-04-21,['https://www.electrodedigital.co.uk']
51.25,1,0,0,0,21,2,33.5,12.5,0.0,0.0,0,0,1,0,0.01,26,0.0,2,0,0,0,0,0,0,0,0,0,0,2,2,0,0,0,0,psychologische-hilfe-ukraine.de,de,https://www.psychologische-hilfe-ukraine.de,200,0,False,200,False,False,False,False,False,False,40,0,0,0,0,2022-05-13,"['https://wordpress.org', 'http://themegraphy.com/wordpress-themes/graphy']"
467.87,1,0,1,0,11,13,20.77,7.42,0.15,0.38,0,0,0,0,0.16,14,0.0,0,0,0,0,0,0,1,0,1,0,0,0,0,0,0,0,0,purrforukraine.com,com,https://www.purrforukraine.com,200,0,False,200,False,False,False,False,False,False,0,0,0,0,0,2022-04-14,"['https://www.facebook.com/purrforukraine', 'https://instagram.com', 'https://x.com', 'https://discord.gg', 'https://t.me', 'https://metamask.io', 'https://chainlist.org', 'https://www.binance.com', 'https://whitebit.com', 'https://ftx.com', 'https://utorg.pro', 'https://opensea.io', 'https://twitter.com/PurrForUkraine']"
47.63,1,0,0,0,16,5,28.8,3.66,0.2,0.6,0,0,1,0,0.01,21,0.0,2,0,0,0,0,0,0,0,0,0,0,2,2,0,0,0,0,queere-nothilfe-ukraine.de,de,https://www.queere-nothilfe-ukraine.de,200,0,False,200,False,False,False,False,False,False,0,0,0,0,0,2022-03-04,"['https://youtu.be/Er_W8eoz7CE', 'http://a.allout.org/s/Wxnxj', 'https://facebook.com/qnukraine', 'https://www.instagram.com/qnukraine', 'https://de.wordpress.org']"
1.19,1,0,0,0,1,0,0.0,0.0,0.0,0.0,0,0,0,0,0.16,15,0.0,0,0,0,0,0,0,1,0,1,1,1,1,1,1,1,1,1,quiltforukraine.com,com,https://www.quiltforukraine.com,-1,0,False,200,False,False,False,False,True,False,95,0,0,0,0,2022-03-31,[]
140.05,1,0,0,0,1,2,24.0,0.0,0.5,0.5,0,0,0,0,0.16,22,0.0,1,0,0,0,0,0,0,0,0,0,0,0,0,0,0,0,0,rabotadevushkam-ukraine.com,com,https://www.rabotadevushkam-ukraine.com,200,0,False,200,False,False,False,False,False,False,85,0,0,0,0,2022-03-09,"['http://girlhunter.com.ua', 'https://t.me/models_hunt']"
186.6,1,0,0,0,43,5,46.4,10.89,0.0,0.8,0,1,0,0,0.16,16,0.0,0,0,0,0,0,1,0,0,0,0,0,0,0,0,0,0,0,radiofreeukraine.com,com,https://www.radiofreeukraine.com,200,1,False,200,False,False,False,False,True,False,61,0,0,0,0,2022-03-06,"['https://www.paypal.com/donate/?hosted_button_id=P2P2AWF46Q2NA', 'https://facebook.com/104656552173008', 'https://twitter.com/radioukraine1', 'https://www.instagram.com/radiofreeukraine2022', 'https://www.youtube.com/channel/UCWqnafjWMOaScsihcaUkBEQ']"
146.28,1,0,0,0,35,1,36.0,0.0,0.0,1.0,0,0,0,0,0.01,12,0.0,0,0,0,0,0,0,0,0,1,1,0,0,0,0,0,0,0,radioukraine.nl,nl,https://www.radioukraine.nl,200,0,False,301,False,False,False,False,False,False,0,0,0,0,0,2022-04-07,['https://api.whatsapp.com/send?phone=']
39.75,1,0,0,0,2,2,32.0,9.0,0.0,0.0,0,1,0,0,0.16,20,0.0,0,0,0,0,0,0,1,0,1,0,2,2,2,0,2,2,0,raiseapintforukraine.com,com,https://www.raiseapintforukraine.com,200,0,False,200,False,False,False,False,False,False,35,0,0,0,0,2022-05-06,"['https://www.paypal.com/pools/c/8Rr5vCtg8x', 'https://feineukraine.de']"
0.11,1,0,0,0,1,0,0.0,0.0,0.0,0.0,0,0,0,0,0.05,15,0.0,0,0,0,0,0,0,1,0,1,0,1,1,1,1,1,1,0,raiseforukraine.org,org,https://www.raiseforukraine.org,200,1,False,200,False,False,False,False,False,False,0,0,0,0,0,2022-04-09,[]
0.11,1,0,0,0,1,0,0.0,0.0,0.0,0.0,0,0,0,0,0.05,15,0.0,0,0,0,0,0,0,1,0,1,1,1,1,1,1,1,1,1,rallyforukraine.org,org,https://www.rallyforukraine.org,200,1,False,200,True,False,False,False,True,False,90,0,0,0,0,2022-03-09,[]
156.44,1,1,0,0,1,4,45.5,9.12,0.0,0.75,0,0,0,0,0.16,20,0.0,0,0,0,0,0,0,0,0,1,0,0,0,0,0,0,0,0,rapidresponseukraine.com,com,https://www.rapidresponseukraine.com,200,0,False,200,False,False,False,False,True,False,55,0,0,0,0,2022-03-13,"['http://www.idonate.ie/RapidResponseUkraine', 'https://www.linkedin.com/in/rapid-response-ukraine-8b1560234', 'https://twitter.com/rapidresponseUA', 'https://www.facebook.com/RapidResponseUkraine']"
14.49,1,0,0,0,1,1,123.0,0.0,0.0,0.0,0,0,0,0,0.16,23,0.0,0,0,0,0,0,0,1,0,1,0,2,2,2,0,0,2,0,rauwalejandroforukraine.com,com,https://www.rauwalejandroforukraine.com,200,0,False,200,False,False,False,False,True,False,55,0,0,0,0,2022-04-23,['https://feverup.com/m/115057?utm_source=fever_originals&utm_medium=landing_medium&utm_term=&utm_campaign=planID_mad&thm=232']
0.83,1,0,0,0,1,0,0.0,0.0,0.0,0.0,0,0,0,0,0.05,13,0.0,0,0,0,0,0,0,1,0,1,0,1,1,1,1,1,1,1,razforukraine.org,org,https://www.razforukraine.org,-1,0,False,200,True,False,False,False,True,False,99,0,0,0,0,2022-03-08,[]
0.83,1,0,0,0,1,0,0.0,0.0,0.0,0.0,0,0,0,0,0.05,15,0.0,0,0,0,0,0,0,0,0,1,0,1,1,1,1,1,1,1,razomgorukraine.org,org,https://www.razomgorukraine.org,-1,0,False,200,True,False,False,False,True,False,99,0,0,0,0,2022-03-08,[]
25.46,1,0,0,0,1,1,156.0,0.0,0.0,0.0,0,0,0,0,0.16,12,0.0,0,0,0,0,0,0,0,0,1,1,2,2,2,0,0,2,1,razomukraine.com,com,https://www.razomukraine.com,200,1,False,200,True,False,False,False,True,True,95,0,0,0,0,2022-06-06,['https://sedo.com/search/details/?partnerid=14460&language=us&domain=razomukraine.com&origin=parking&utm_medium=Parking&utm_campaign=template&utm_source=3141']
65.2,1,0,0,0,92,7,33.43,7.4,0.14,0.43,0,0,0,0,0.16,18,0.0,0,0,0,0,0,0,0,0,0,0,0,2,2,0,0,0,0,readukrainianbooks.com,com,https://www.readukrainianbooks.com,200,0,False,200,False,False,False,False,True,False,61,0,0,0,0,2022-04-27,"['https://ukrainianaudiobooks.com', 'https://leerlibrosespanol.com', 'https://darmoweebooki.com', 'https://t.me/ukrainianbooks', 'https://www.pinterest.com/ReadUkrainianBooks', 'https://twitter.com/ReadUkrainian', 'https://www.facebook.com/Audioknigionlinefree']"
147.63,1,0,1,0,9,3,54.67,5.79,0.0,0.33,0,1,0,0,0.05,18,0.0,0,0,0,1,0,0,1,0,0,0,0,0,0,0,0,0,0,realhelpforukraine.org,org,https://www.realhelpforukraine.org,200,0,False,200,False,False,False,False,False,False,72,0,0,0,0,2022-03-08,"['https://www.paypal.com/donate/?hosted_button_id=GK797HXG86MCJ', 'https://www.facebook.com/groups/844609429668055', 'https://realhelpforukraine.squarespace.com/real-projects']"
1475.52,1,0,1,0,11,8,43.25,18.93,0.12,0.62,0,0,0,0,0.16,14,0.0,0,0,0,0,0,0,0,0,1,0,0,0,0,0,0,0,0,realukrainians.com,com,https://www.realukrainians.com,200,0,False,200,False,False,False,False,False,False,0,0,0,0,0,2022-04-16,"['https://pay.fondy.eu/s/WHOH', 'https://t.me/realukrainians', 'https://www.facebook.com/CharityFundRealUkrainians', 'https://www.instagram.com/real_ukrainians', 'https://twitter.com/RealUkrainians', 'https://www.youtube.com/channel/UCVLqu-GuRhTTSfrWpuG7epQ', 'https://2dlcg.weblium.site', 'https://flandings.io/bdyR2SLpUjbs2D99Xbs4yXUsVkEUMM0NpSazQhlFrewuHSgJUMz5V6AGhEvKpO2F']"
137.52,1,0,0,0,6,1,24.0,0.0,0.0,0.0,0,0,0,0,0.01,20,0.0,2,0,0,0,0,0,0,0,1,0,0,0,0,0,0,0,0,rebstein-hilft-ukraine.ch,ch,https://www.rebstein-hilft-ukraine.ch,-1,0,False,200,False,False,False,False,False,False,40,0,0,0,0,2022-03-04,['https://de.wordpress.org']
66.33,1,0,0,0,1,5,86.8,36.62,0.0,0.0,0,0,0,0,0.13,17,0.0,0,0,0,0,1,0,0,0,1,1,2,2,2,0,2,2,0,rebuildingukraine.net,net,https://www.rebuildingukraine.net,200,0,False,200,False,False,False,False,True,False,55,0,0,0,0,2022-03-05,"['https://www.brookings.edu/blog/up-front/2022/11/03/financing-and-governing-the-recovery-reconstruction-and-modernization-of-ukraine', 'https://www.bbc.com/news/business-63657350', 'https://www.reuters.com/world/europe/eu-set-up-ukraine-post-war-reconstruction-fund-draft-statement-says-2022-03-22', 'https://edition.cnn.com/2023/06/21/investing/ukraine-recovery-conference-private-investors/index.html', 'https://www.givesendgo.com/letsrebuildukraine']"
102.71,1,0,0,0,3,0,0.0,0.0,0.0,0.0,0,0,0,0,0.05,27,0.0,0,0,0,0,1,0,0,0,1,0,0,0,0,0,1,0,0,rebuildingukrainefoundation.org,org,https://www.rebuildingukrainefoundation.org,200,0,False,200,False,False,False,False,True,False,55,0,0,0,0,2022-07-13,[]
36.95,1,0,0,0,6,5,23.4,2.24,0.0,0.8,0,0,0,0,0.16,25,0.0,0,0,0,0,1,0,0,0,1,0,0,2,2,0,2,2,0,rebuildingukrainetogether.com,com,https://www.rebuildingukrainetogether.com,200,0,False,200,False,False,False,False,False,False,0,0,0,0,0,2022-04-11,"['https://www.facebook.com', 'https://twitter.com', 'https://www.instagram.com', 'https://www.linkedin.com', 'https://www.pinterest.com']"
191.0,1,1,0,0,4,3,24.0,0.82,0.0,1.0,0,0,0,0,0.01,14,0.0,1,0,0,0,1,0,0,0,1,0,0,0,0,0,0,0,1,rebuild-ukraine.at,at,https://www.rebuild-ukraine.at,200,0,False,200,False,False,False,False,True,False,82,0,0,0,0,2022-03-19,"['https://www.facebook.com', 'https://www.instagram.com', 'https://www.twitter.com']"
4.42,1,0,0,0,1,1,41.0,0.0,0.0,0.0,0,0,0,0,0.01,14,0.0,0,0,0,0,1,0,0,0,0,0,2,2,2,0,2,2,1,rebuildukraine.ch,ch,https://www.rebuildukraine.ch,200,0,False,200,True,False,False,False,True,False,77,0,0,0,0,2022-07-08,['https://www.infomaniak.com/en/web-hosting']
50.3,1,0,0,0,2,0,0.0,0.0,0.0,0.0,0,0,0,1,0.12,14,0.0,0,0,0,0,1,0,0,0,1,0,0,0,0,0,1,0,0,rebuildukraine.co.uk,co.uk,https://www.rebuildukraine.co.uk,200,0,False,200,False,False,False,False,True,False,55,0,0,0,0,2022-03-13,[]
99.18,1,0,0,0,7,5,28.8,5.27,0.0,0.6,0,0,0,1,0.12,14,0.0,1,0,0,0,1,0,0,0,0,0,0,0,0,0,2,0,0,rebuild-ukraine.co.uk,co.uk,https://www.rebuild-ukraine.co.uk,-1,0,False,200,False,False,False,False,False,False,0,0,0,0,0,2022-03-31,"['https://www.fletcherswaste.co.uk', 'https://simdure.com', 'http://twitter.com/RBUkraine', 'http://facebook.com/UkraineRebuild', 'http://instagram.com/rb.ukraine']"
35.66,1,1,1,1,2,2,69.5,28.5,0.0,0.0,0,0,1,0,0.06,14,0.0,0,0,0,0,1,0,0,0,1,1,2,2,2,0,2,2,1,rebuildukraine.eu,eu,https://www.rebuildukraine.eu,-1,0,False,200,True,False,False,False,True,False,99,0,0,0,0,2022-03-08,"['https://dan.com/?utm_campaign=Parking&utm_medium=parking&utm_source=.eu&utm_term=rebuildukraine.eu', 'https://www.trustpilot.com/review/dan.com']"
4.42,1,0,0,0,1,1,41.0,0.0,0.0,0.0,0,0,0,0,0.03,14,0.0,0,0,0,0,1,0,0,0,0,0,2,2,2,0,2,2,1,rebuildukraine.fr,fr,https://www.rebuildukraine.fr,200,0,False,200,True,False,False,False,True,False,77,0,0,0,0,2022-07-08,['https://www.infomaniak.com/en/web-hosting']
68.97,1,0,0,0,32,2,22.5,2.5,0.0,0.0,0,0,1,0,0.25,14,0.0,1,0,0,1,1,0,0,0,0,0,0,0,0,0,2,0,0,rebuild-ukraine.help,help,https://www.rebuild-ukraine.help,-1,0,False,200,False,False,False,False,False,False,0,0,0,0,0,2022-06-01,"['https://promaster.ua', 'https://mcdonaldpaper.com']"
22.91,0,0,0,0,3,1,29.0,0.0,0.0,0.0,0,0,1,0,0.13,14,0.0,0,0,0,0,1,0,0,0,0,0,2,2,2,0,2,2,0,rebuildukraine.online,online,https://www.rebuildukraine.online,200,0,False,200,False,False,False,False,False,False,40,0,0,0,0,2022-03-30,['https://projectukraine.online']
1.2,1,0,0,0,1,0,0.0,0.0,0.0,0.0,0,0,0,0,0.2,14,0.0,1,0,0,0,1,0,0,0,1,0,1,1,1,1,1,1,0,rebuild-ukraine.world,world,https://www.rebuild-ukraine.world,200,1,False,200,False,False,False,False,False,False,85,0,0,0,0,2022-03-31,[]
67.06,1,0,0,0,9,2,33.0,14.0,0.0,1.0,0,0,0,0,0.05,22,0.0,0,0,0,0,1,0,0,0,0,0,0,0,0,0,2,0,0,rebuildukrainetogether.org,org,https://www.rebuildukrainetogether.org,403,0,False,200,False,False,False,False,False,False,0,0,0,0,0,2022-03-14,"['https://www.facebook.com/rebuildukrainetogether', 'https://twitter.com']"
4.42,1,0,0,0,1,1,41.0,0.0,0.0,0.0,0,0,0,0,0.03,19,0.0,0,0,0,0,0,0,0,0,1,0,2,2,2,0,0,2,1,reconstruireukraine.fr,fr,https://www.reconstruireukraine.fr,200,0,False,200,True,False,False,False,True,False,77,0,0,0,0,2022-07-08,['https://www.infomaniak.com/en/web-hosting']
65.28,1,1,0,1,1,1,42.0,0.0,0.0,1.0,0,0,0,0,0.13,14,0.0,0,0,0,0,0,0,0,0,1,0,0,2,2,0,2,2,0,redlineukraine.net,net,https://www.redlineukraine.net,200,0,False,200,False,False,False,False,False,False,0,0,0,0,0,2022-03-23,['https://www.facebook.com/TheRedLineUkraine']
149.52,0,1,0,0,2,8,29.88,21.48,0.12,0.5,0,0,0,0,0.16,13,0.0,0,0,0,0,0,0,1,0,1,0,0,0,0,0,0,0,0,reformukraine.com,com,https://www.reformukraine.com,200,0,False,200,False,False,False,False,True,False,61,0,0,0,0,2022-04-11,"['https://texaine.wordpress.com/2022/05/30/memorial-day-in-us-immemorial-nightmare-in-ua', 'https://facebook.com', 'https://twitter.com', 'https://instagrame.com', 'https://linkedin.com', 'https://youtube.com', 'https://automattic.com/cookies', 'https://wp.me/P5EA0M-6h']"
143.14,0,0,0,0,75,6,28.5,9.27,0.17,0.5,0,0,1,0,0.01,20,0.0,1,0,0,0,0,0,0,0,1,0,0,0,0,0,0,0,0,reiseberichte-ukraine.de,de,https://www.reiseberichte-ukraine.de,200,0,False,200,False,False,False,False,True,False,35,0,0,0,0,2022-05-03,"['https://www.facebook.com/ReiseberichteUA', 'https://wa.me/4915151759611', 'https://de.wikipedia.org/wiki/HTTP-Cookie', 'https://youtube.com', 'https://gohugo.io', 'https://reiseberichte-ua.de']"
118.58,1,0,0,0,27,12,55.5,31.72,0.0,0.17,0,0,0,0,0.16,15,0.0,1,0,0,0,0,0,1,0,1,0,0,0,0,0,0,0,0,relayfor-ukraine.com,com,https://www.relayfor-ukraine.com,-1,0,False,200,False,False,False,False,False,False,85,0,0,0,0,2022-03-08,"['https://www.facebook.com/groups/relayforukraine', 'https://www.hypergridbusiness.com/2022/11/relay-for-ukraine-presents-grand-opening-of-kisma-in-ukraine', 'https://issuu.com/rezslmagazine/docs/august_2022_final', 'https://www.youtube.com/c/michaelmchughcreative', 'https://u24.gov.ua', 'http://artac.digital', 'https://www.vwbpe.org/conference/vwbpe22-program#event=71068118;instance=20220412100000', 'http://maps.secondlife.com/secondlife/Nagano%20Valley/159/82/3026', 'https://en.wikipedia.org/wiki/Storm_of_Steel', 'https://www.vatican.va/content/francesco/en/events/event.dir.html/content/vaticanevents/en/2022/4/2/malta-autorita-cd.html', 'https://wordpress.org', 'https://cookiedatabase.org/tcf/purposes']"
76.29,1,0,1,0,8,4,42.5,5.32,0.0,1.0,0,0,0,0,0.16,13,0.071,0,0,0,0,0,0,0,1,1,0,0,0,0,0,2,0,0,relief4ukraine.com,com,https://www.relief4ukraine.com,200,0,False,301,False,False,False,False,False,False,46,0,0,0,0,2022-03-10,"['https://www.facebook.com/Relief4UkraineOfficial', 'https://www.instagram.com/relief4ukraine', 'https://twitter.com/Relief4ukraine1', 'https://www.linkedin.com/showcase/relief4ukraine']"
131.99,1,0,0,0,2,6,43.67,25.32,0.17,0.0,0,0,0,0,0.05,16,0.0,0,0,0,0,0,0,1,0,0,0,0,0,0,0,0,0,0,reliefforukraine.org,org,https://www.reliefforukraine.org,200,0,False,200,False,False,False,False,True,False,55,0,0,0,0,2022-03-04,"['https://saltmovement.churchcenter.com/giving/to/ukraine-relief', 'https://saltmovement.us7.list-manage.com/subscribe?id=3ee7a678b3&u=343dc474ed9c890f74db69651', 'https://saltukraine.org', 'https://prayerforukraine.org', 'http://eepurl.com/hq7X1H', 'https://www.saltmovement.org/team']"
0.83,1,0,0,0,1,0,0.0,0.0,0.0,0.0,0,0,0,0,0.16,13,0.0,0,0,0,0,0,0,0,0,0,1,1,1,1,1,1,1,1,reliefukraine.com,com,https://www.reliefukraine.com,-1,0,False,301,True,False,False,False,True,False,99,0,0,0,0,2022-03-01,[]
4.42,1,0,0,0,1,0,0.0,0.0,0.0,0.0,0,0,0,0,0.13,13,0.0,0,0,0,0,0,0,0,0,1,0,1,1,1,1,1,1,0,reliefukraine.net,net,https://www.reliefukraine.net,200,1,False,200,False,False,False,False,True,False,55,0,0,0,0,2022-03-17,[]
83.86,0,0,0,1,6,11,81.36,40.21,0.0,0.0,0,0,0,0,0.05,13,0.0,0,0,0,0,0,0,0,0,1,0,2,2,2,0,0,2,0,remoteukraine.org,org,https://www.remoteukraine.org,200,0,False,200,False,False,False,False,True,False,61,0,0,0,0,2022-02-27,"['https://employukraine.org', 'https://news.un.org/en/story/2022/03/1114342', 'https://www.forbes.com/sites/jonyounger/2022/03/22/freelance-voices-how-global-freelance-platforms-are-supporting-ukrainian-freelancers/?sh=3ba7cc0057bf', 'https://techcrunch.com/2022/03/15/how-european-startups-are-aiding-ukrainian-refugees', 'https://edition.cnn.com/2022/03/28/success/ukrainian-refugee-jobs/index.html', 'https://www.ft.com/content/732a2cb2-3160-4f4a-b736-dc282ccbdd83', 'https://www.cnbc.com/2022/03/11/companies-are-lining-up-to-hire-ukraines-world-renowned-coders.html', 'https://www.businessinsider.com/21-year-old-ukrainian-law-student-describes-fleeing-ukraine-2022-4', 'https://www.consilium.europa.eu/en/press/press-releases/2022/03/04/ukraine-council-introduces-temporary-protection-for-persons-fleeing-the-war', 'https://www.gov.uk/government/news/further-support-for-ukrainians-fleeing-russia-invasion', 'https://talentpools.io']"
31.06,1,0,1,0,13,1,23.0,0.0,0.0,0.0,0,0,0,0,0.16,18,0.0,0,0,0,0,0,0,0,0,1,0,2,2,2,0,2,2,0,renaissanceukraine.com,com,https://www.renaissanceukraine.com,200,0,False,200,False,False,False,False,False,False,0,0,0,0,0,2022-05-21,['https://validatrium.com']
262.3,1,0,0,0,30,3,96.33,32.36,0.0,0.33,0,0,0,0,0.01,13,0.0,0,0,0,0,0,0,0,0,0,0,0,0,0,0,0,0,0,rescueukraine.be,be,https://www.rescueukraine.be,200,0,False,200,False,False,False,False,False,False,35,0,0,0,0,2022-03-13,"['https://websitebuilder.one.com/api/v1/rescueukraine.be/preview-wbtgen/more-button-child-page-id.html', 'https://www.facebook.com/Rescue-Ukraine-105782355391071', 'https://www.google.com/maps/search/?api=1&query=%22Rescue%20Ukraine%2C%20Rue%20du%20Mayeur%201%2C%205377%20Somme-Leuze%2C%20Belgium%22']"
1.07,1,0,0,0,1,0,0.0,0.0,0.0,0.0,0,0,0,0,0.16,15,0.0,0,0,0,0,0,0,0,0,0,0,1,1,1,1,1,1,0,rescueukrainian.com,com,https://www.rescueukrainian.com,-1,0,False,200,False,False,False,False,False,False,0,0,0,0,0,2022-03-03,[]
1.07,1,0,0,0,1,0,0.0,0.0,0.0,0.0,0,0,0,0,0.05,15,0.0,0,0,0,0,0,0,0,0,0,0,1,1,1,1,1,1,0,rescueukrainian.org,org,https://www.rescueukrainian.org,-1,0,False,200,False,False,False,False,False,False,0,0,0,0,0,2022-03-03,[]
25.33,0,0,0,0,1,0,0.0,0.0,0.0,0.0,0,0,0,0,0.02,14,0.0,0,0,0,0,1,0,0,0,1,0,0,0,0,0,1,0,0,restartukraine.io,io,https://www.restartukraine.io,200,0,False,200,False,False,False,False,False,False,72,0,0,0,0,2022-03-17,[]
917.71,1,0,0,0,11,6,27.67,7.27,0.0,0.83,0,0,0,0,0.05,14,0.0,0,0,0,0,0,0,1,0,0,0,0,0,0,0,0,0,0,restoreukraine.org,org,https://www.restoreukraine.org,200,0,False,200,False,False,False,False,False,False,77,0,0,0,0,2022-02-27,"['http://vimeo.com', 'https://www.linkedin.com/company/wix-com', 'http://www.facebook.com/wix', 'http://www.twitter.com/wix', 'https://www.youtube.com/user/Wix', 'https://instagram.com/wix']"
80.47,1,0,0,0,6,6,29.5,7.04,0.17,0.5,0,0,0,0,0.16,9,0.0,0,0,0,0,0,0,0,0,1,0,0,0,0,0,0,0,0,reukraine.com,com,https://www.reukraine.com,200,1,False,200,False,False,False,False,False,False,0,0,0,0,0,2022-03-16,"['https://www.patreon.com/reukraine', 'https://www.facebook.com/reukraine.real', 'https://instagram.com/reukraine.real', 'https://u24.gov.ua/ ', 'https://t.me/reukraine_real', 'https://photo.unian.ua']"
382.44,1,0,0,0,21,49,93.86,37.57,0.04,0.06,0,0,0,0,0.05,9,0.0,0,0,0,0,0,0,0,0,1,0,0,0,0,0,0,0,0,reukraine.org,org,https://www.reukraine.org,200,0,False,200,False,False,False,False,False,False,0,0,0,0,0,2022-03-26,"['https://www.bloomberg.com/news/articles/2022-05-12/temporary-villages-could-shelter-ukraine-s-war-refugees', 'https://p.dw.com/p/49aVw', 'https://www.internimagazine.com/features/interviews/slava-balbek-re-ukraine', 'https://www.msn.com/en-in/news/other/a-ukrainian-architecture-firm-is-developing-modular-homes-that-can-be-scaled-to-the-size-of-a-town-and-house-up-to-8000-refugees-take-a-look-at-the-design/ar-AAVS7Lt', 'https://www.archilovers.com/projects/300038/re-ukraine.html', 'https://www.designboom.com/architecture/balbek-bureau-re-ukraine-modular-town-system-refugees-03-30-2022', 'https://www.architectsjournal.co.uk/news/kyiv-practice-designs-refugee-camp-to-be-built-in-western-ukraine', 'https://dezeen.com/2022/04/26/zelensky-balbek-bureau-kyiv-shelter/?fbclid=IwAR2Bg0EwC1deMmPgJcrpYw-koTIqD6lz_RHytxPuoi_CwGfZFI3wf9Z_eWE', 'https://archinect.com/news/article/150304673/kyiv-based-balbek-bureau-develops-modular-refugee-shelters-for-displaced-ukrainians', 'https://www.fastcompany.com/90779285/ukrainian-architects-are-testing-new-modular-emergency-housing-to-quickly-rebuind', 'https://www.frameweb.com/article/insights/how-the-ukrainian-design-community-and-beyond-is-responding-to-war-in-ukraine', 'https://www.baunetz-id.de/menschen/ukrainische-perspektiven-und-2-20857703', 'https://architektura.muratorplus.pl/projekty/re-ukraine-osiedle-dla-uchodzcow-projektu-ukrainskiego-balbek-bureau_11786.html', 'https://www.azuremagazine.com/article/balbek-bureau-kyiv-architecture-firm-ukraine', 'https://xtech.nikkei.com/atcl/nxt/column/18/00138/040401010', 'https://forbes.cz/provizorni-ale-dustojne-ukrajinsky-architekt-predstavil-modularni-mesta-pro-uprchliky', 'https://www.latimes.com/world-nation/story/2022-04-15/voices-from-ukraine-how-russias-invasion-turned-everyday-people-into-heroes', 'https://www.asb-portal.cz/aktualne/reukraine-projekt-uprchlicke-vesnice-ktera-zachovava-lidskou-dustojnost', 'https://www.propertydesign.pl/architektura/104/balbek_bureau_stworzy_tymczasowe_domy_dla_ukraincow,38950.html', 'https://www.insider.com/ukrainian-architecture-firm-refugee-housing-plan-photos-2022-4', 'https://www.designalive.pl/walcze-w-cyfrowej-armii-z-masowa-rosyjska-propaganda', 'https://www.timeout.com/news/a-ukrainian-architect-has-designed-a-modular-town-that-could-house-up-to-8-000-refugees-040722', 'https://www.stirworld.com/think-opinions-meet-slava-balbek-defender-designer-optimist-behind-the-re-ukraine-project', 'https://www-rtvslo-si.translate.goog/svet/evropa/zakaj-bi-begunci-ziveli-v-zabojnikih-vojni-arhitekt-v-ukrajini-zasnoval-nov-tip-zacasnih-his/630895?_x_tr_hl=sl&_x_tr_pto=wapp&_x_tr_sl=en&_x_tr_tl=sl', 'https://www.businessinsider.es/estudio-arquitectura-ucraniano-casas-modulares-refugiados-1039803', 'https://www.archdaily.com/980964/balbek-bureau-develops-temporary-housing-scheme-for-displaced-ukrainians', 'https://worldarchitecture.org/architecture-news/emvcv/ukrainian-architects-and-designers-raise-their-voices-as-russia-s-invasion-continues.html', 'https://www.newyorker.com/magazine/2022/03/21/what-the-russian-invasion-has-done-to-ukraine', 'https://magazin.aktualne.cz/bydleni/architektura/vesnice-pro-uprchliky-je-jako-skladacka-zelenskyj-ji-posveti', 'https://twitter.com/EarlyStart/status/1508383190821572609', 'https://nv.ua/ukr/ukraine/events/yak-vidomi-restorani-goduyut-ukrajinskih-zahisnikiv-50224949.html', 'https://www.archipanic.com/balbek-bureau-reukraine', 'https://www.springwise.com/innovation/architecture-design/modular-shelters-for-Ukrainian-refugees', 'https://www.ribaj.com/culture/slava-balbek-interview-ukrainian-architect-kyiv-russian-invasion-conflict-2022', 'https://positivr.fr/logements-modulaires-accueillir-millions-refugies-ukrainiens', 'https://vmspace.com/report/report_view.html?base_seq=MjIwOA%3D%3D', 'https://www.spiegel.de/kultur/architektur-fuer-gefluechtete-aus-der-ukraine-das-zuhause-ist-weg-die-wuerde-soll-bleiben-a-006d7e8b-e6f2-4f3d-a8ab-aa5bbf22de4b', 'https://monocle.com/radio/shows/monocle-on-design/554', 'https://www.elledecor.com/it/architettura/a39574360/rifugiati-ucraina-progetto-balbek-bureau', 'https://www.trendhunter.com/trends/re-ukraine', 'https://www.nytimes.com/2022/11/07/magazine/ukraine-rebuild-irpin.html', 'https://www.virovitica.net/privremeno-ali-dostojanstveno-stanovanje/35166', 'https://www.gradnja.rs/kijev-ukrajina-modularno-naselje-balbek-bureau', 'https://wyborcza.pl/magazyn/7,124059,28490762,ludzie-chca-wrocic-do-domu-nawet-zburzonego-dam-im-jasne-miejsce.html', 'https://www.architektur-bauen-handwerk.de/re-ukraine-holzrahmen-module', 'https://www.optimistdaily.com/2022/04/ukrainian-architects-build-modular-shelters-for-refugees', 'https://www.instagram.com/p/C3PjlhMNa5a', 'https://t.me/reukrainesystem', 'https://www.charity.balbek.com']"
0.11,1,0,0,0,1,0,0.0,0.0,0.0,0.0,0,0,0,0,0.16,15,0.0,0,0,0,1,0,0,0,0,1,1,1,1,1,1,1,1,1,reunitedukraine.com,com,https://www.reunitedukraine.com,-1,0,False,200,True,False,False,False,True,False,90,0,0,0,0,2022-07-18,[]
514.4,0,1,0,1,65,8,41.75,11.05,0.0,0.5,0,0,0,0,0.02,18,0.0,0,0,0,0,0,0,0,0,1,0,0,0,0,0,0,0,0,reverberateukraine.io,io,https://www.reverberateukraine.io,200,0,False,200,False,False,False,False,False,False,0,0,0,0,0,2022-03-24,"['https://www.islandrecords.co.uk', 'http://www.facebook.com/islandrecordsuk', 'https://twitter.com/islandrecordsuk', 'http://instagram.com/islandrecordsuk', 'https://www.youtube.com/user/islandrecords', 'https://play.spotify.com/user/islandrecordsuk', 'https://umusicstoresupport.zendesk.com/hc/en-us?store=island_records_', 'https://www.umusic.co.uk/privacy.html']"
0.11,1,0,0,0,1,0,0.0,0.0,0.0,0.0,0,0,0,0,0.05,17,0.0,0,0,0,0,0,0,1,0,1,0,1,1,1,1,1,1,0,ribbonsforukraine.org,org,https://www.ribbonsforukraine.org,-1,0,False,301,False,False,False,False,False,False,0,0,0,0,0,2022-03-17,[]
36.09,1,1,0,0,9,5,40.8,15.99,0.0,0.6,0,0,0,0,0.55,14,0.0,0,0,0,0,0,0,1,0,0,0,2,2,2,0,2,2,0,rideforukraine.info,info,https://www.rideforukraine.info,200,1,False,200,False,False,False,False,False,False,40,0,0,0,0,2022-04-28,"['https://helpukrainehorses.eu', 'https://facebook.com/helpuahorses', 'https://instagram.com/helpukrainehorses', 'https://twitter.com/helpuahorses', 'https://drive.google.com/drive/folders/159MSyUu98yvTMJUiBptXsIUIkJ3EvTsv']"
22.71,1,0,0,0,3,3,63.33,33.04,0.0,0.33,0,0,0,0,0.05,14,0.0,2,0,0,0,0,0,1,0,1,0,2,2,2,0,0,2,0,ride-for-ukraine.org,org,https://www.ride-for-ukraine.org,-1,0,False,200,False,False,False,False,False,False,0,0,0,0,0,2022-07-19,"['https://www.leetchi.com/c/ride-for-ukraine', 'https://instagram.com/ride.for.ukraine', 'https://mailchimp.com/referral/?utm_source=freemium_website&utm_medium=website&utm_campaign=referral_marketing']"
17.3,1,0,0,0,6,6,27.67,9.5,0.0,0.33,0,0,0,0,0.16,15,0.0,0,0,0,0,0,0,0,0,1,0,2,2,2,0,0,2,0,ridewithukraine.com,com,https://www.ridewithukraine.com,200,0,False,200,False,False,False,False,False,False,0,0,0,0,0,2022-03-22,"['https://ride2go.de', 'https://mifaz.de', 'https://bessermitfahren.de', 'https://www.instagram.com/ridewithukraine', 'https://www.twitter.com/ridewithukraine', 'https://mitfahrverband.org']"
17.3,1,0,0,0,6,6,27.67,9.5,0.0,0.33,0,0,1,0,0.01,15,0.0,0,0,0,0,0,0,0,0,0,0,2,2,2,0,2,2,0,ridewithukraine.de,de,https://www.ridewithukraine.de,200,0,False,200,False,False,False,False,False,False,0,0,0,0,0,2022-03-22,"['https://ride2go.de', 'https://mifaz.de', 'https://bessermitfahren.de', 'https://www.instagram.com/ridewithukraine', 'https://www.twitter.com/ridewithukraine', 'https://mitfahrverband.org']"
17.3,1,0,0,0,6,6,27.67,9.5,0.0,0.33,0,0,1,0,0.06,15,0.0,0,0,0,0,0,0,0,0,1,0,2,2,2,0,2,2,0,ridewithukraine.eu,eu,https://www.ridewithukraine.eu,200,0,False,200,False,False,False,False,False,False,0,0,0,0,0,2022-03-19,"['https://ride2go.de', 'https://mifaz.de', 'https://bessermitfahren.de', 'https://www.instagram.com/ridewithukraine', 'https://www.twitter.com/ridewithukraine', 'https://mitfahrverband.org']"
17.3,1,0,0,0,6,6,27.67,9.5,0.0,0.33,0,0,0,0,0.55,15,0.0,0,0,0,0,0,0,0,0,1,0,2,2,2,0,2,2,0,ridewithukraine.info,info,https://www.ridewithukraine.info,200,0,False,200,False,False,False,False,False,False,40,0,0,0,0,2022-03-22,"['https://ride2go.de', 'https://mifaz.de', 'https://bessermitfahren.de', 'https://www.instagram.com/ridewithukraine', 'https://www.twitter.com/ridewithukraine', 'https://mitfahrverband.org']"
17.3,1,0,0,0,6,6,27.67,9.5,0.0,0.33,0,0,0,0,0.13,15,0.0,0,0,0,0,0,0,0,0,1,0,2,2,2,0,0,2,0,ridewithukraine.net,net,https://www.ridewithukraine.net,200,0,False,200,False,False,False,False,False,False,0,0,0,0,0,2022-03-22,"['https://ride2go.de', 'https://mifaz.de', 'https://bessermitfahren.de', 'https://www.instagram.com/ridewithukraine', 'https://www.twitter.com/ridewithukraine', 'https://mitfahrverband.org']"
17.3,1,0,0,0,6,6,27.67,9.5,0.0,0.33,0,0,0,0,0.05,15,0.0,0,0,0,0,0,0,0,0,1,0,2,2,2,0,0,2,0,ridewithukraine.org,org,https://www.ridewithukraine.org,200,0,False,200,False,False,False,False,False,False,0,0,0,0,0,2022-03-22,"['https://ride2go.de', 'https://mifaz.de', 'https://bessermitfahren.de', 'https://www.instagram.com/ridewithukraine', 'https://www.twitter.com/ridewithukraine', 'https://mitfahrverband.org']"
79.71,1,0,0,0,17,19,27.37,9.09,0.05,0.16,1,0,0,0,0.16,13,0.0,0,0,0,0,0,0,0,0,1,0,0,0,0,0,2,0,1,riseofukraine.com,com,https://www.riseofukraine.com,200,0,False,200,False,False,False,False,True,False,78,0,0,0,0,2022-04-30,"['https://pay.fondy.eu/s/8BkvWj', 'https://planetakino.ua', 'https://www.khoda.gov.ua', 'http://www.ier.com.ua/ua', 'https://idealers.agency', 'https://space-eye.org', 'https://pin-up.foundation/en-us', 'https://www.instagram.com/kolora.family.dp', 'https://humpolitic.dniprorada.gov.ua', 'https://kiddisvit.ua/ua', 'http://fabrica-l.com.ua', 'https://barbashyn.law', 'http://facebook.com/rubmva', 'https://krok-ua.com', 'https://peninsula.ua', 'http://newdream.foundation', 'http://framiore.com', 'https://forms.gle/yz2do9bgUaFTMGP56', 'https://www.youtube.com/channel/UCPGBsouqEp1DNO9AvzVTlJg']"
0.83,1,0,0,0,1,0,0.0,0.0,0.0,0.0,0,0,0,0,0.16,13,0.0,0,0,0,0,0,0,0,0,1,1,1,1,1,1,1,1,1,risingukraine.com,com,https://www.risingukraine.com,-1,0,False,200,True,False,False,False,True,False,99,0,0,0,0,2022-03-17,[]
38.32,1,0,0,0,9,4,45.75,25.96,0.0,0.5,0,0,0,0,0.03,15,0.0,1,0,0,0,0,0,0,0,0,0,2,2,2,0,0,2,0,roannais-ukraine.fr,fr,https://www.roannais-ukraine.fr,418,0,False,200,False,False,False,False,False,False,0,0,0,0,0,2022-03-05,"['https://www.facebook.com/roannais.ukraine', 'http://twitter.com/RoannaisAgglo', 'https://www.aggloroanne.fr/site-officiel-roannais-agglomeration-et-ville-de-roanne-3.html', 'http://www.stratis.fr']"
6.66,1,0,0,0,5,36,25.58,6.33,0.03,0.08,0,0,0,0,0.16,16,0.0,0,0,0,0,0,0,0,0,1,0,2,2,2,-1,2,2,0,roastedinukraine.com,com,https://www.roastedinukraine.com,200,1,False,200,False,False,False,False,False,False,0,0,0,0,0,2022-04-10,"['https://wa.me/+971558552580', 'https://www.facebook.com/RoastedInUkraine', 'https://www.instagram.com/roastedinukraine', 'https://warsawfoodexpo.pl', 'https://worldofcoffee.org', 'https://3champsroastery.com.ua', 'https://alpha-coffee.store/ ', 'https://bedoin.com.ua', 'https://buno.com.ua/ru', 'https://illusione.ua', 'http://coffeelab.com.ua', 'https://svitkavy.com/uk', 'https://sinatracoffee.com/ ', 'https://fabrykakavyrosterija.ua/ ', 'https://fresh.black/ ', 'https://funtcoffee.com.ua/ru', 'https://highhillcoffee.com', 'https://hipsters.ua', 'https://aboutcoffee.com.ua', 'https://kyivcityroast.com.ua/uk', 'https://shop.isla.ua', 'https://madheadscoffee.com', 'https://lubakava.ua/uk', 'https://yoco.com.ua', 'https://caffein.ua/uk/ ', 'https://ucc.net.ua/ru', 'http://coffeelover.com.ua', 'https://cafeboutique.ua/ua/ ', 'https://ucoffee.com.ua', 'https://onelove.ua', 'https://bacara.com.ua', 'https://foundation.ua/partnership', 'https://gemini.ua', 'https://25coffeeroasters.ua/ua', 'https://festcoffeemission.com/en/homepage', 'https://sprava.ua']"
1111.09,1,0,0,0,15,4,42.5,5.02,0.0,0.75,0,0,0,0,0.05,16,0.0,0,0,0,0,0,0,0,0,1,0,0,0,0,0,0,0,0,robinhoodukraine.org,org,https://www.robinhoodukraine.org,200,0,False,200,False,False,False,False,False,False,0,0,0,0,0,2022-07-16,"['https://www.instagram.com/frente_brazucra', 'https://www.facebook.com/groups/frentebrazucra', 'https://www.linkedin.com/company/frente-brazucra', 'https://www.patreon.com/DeepStateUA']"
16.78,1,0,0,0,12,5,38.8,15.94,0.0,0.4,0,0,0,0,0.13,19,0.0,0,0,0,0,0,0,0,0,1,1,2,2,2,0,2,2,0,rocukrainemedrelief.net,net,https://www.rocukrainemedrelief.net,200,0,False,200,False,False,False,False,True,False,55,0,0,0,0,2022-03-26,"['https://www.justgiving.com/fundraising/ukrainemedrelief?', 'https://instagram.com/rocukrainemedrelief', 'https://www.youtube.com/channel/UC4bF1jOqjUteNyBVIREUOwA', 'https://html5up.net', 'https://curtiscode.dev']"
49.21,1,0,0,0,4,0,0.0,0.0,0.0,0.0,0,0,0,0,0.01,17,0.0,1,0,0,0,0,0,0,0,1,0,0,0,0,0,0,0,0,roosendaal-ukraine.nl,nl,https://www.roosendaal-ukraine.nl,200,0,False,301,False,False,False,False,False,False,0,0,0,0,0,2022-06-10,[]
8.96,1,0,0,0,2,1,34.0,0.0,0.0,0.0,0,0,0,1,0.12,14,0.0,0,0,0,0,0,0,1,0,1,0,2,2,2,0,2,2,0,rossforukraine.co.uk,co.uk,https://www.rossforukraine.co.uk,200,0,False,200,False,False,False,False,False,False,0,0,0,0,0,2022-03-08,['http://www.ktscraftwarehouse.co.uk']
507.48,0,1,1,0,8,11,61.73,38.23,0.09,0.09,0,0,0,0,0.01,17,0.0,0,0,0,0,0,0,0,0,0,0,0,0,0,0,0,0,0,rotaryfuerukraine.at,at,https://www.rotaryfuerukraine.at,200,0,False,200,False,False,False,False,True,False,72,0,0,0,0,2022-03-15,"['https://rotary-fuer-ukraine.de', 'https://rotary.de/gesellschaft/ukrainischer-botschafter-dankt-rotariern-fuer-ihre-hilfe-a-22768.html', 'https://www.ukraine-wiederaufbauen.de', 'https://alliance4ukraine.org', 'https://www.dbcargo.com/rail-de-de/logistik-news/db-cargo-db-schenker-schienenbruecke-in-die-ukraine-startet-7322954', 'https://jobs.gu-dp.com', 'https://freieberufe-jobportal.de', 'https://www.bmel.de/DE/themen/internationales/ukraine-hilfe.html', 'https://www.swr.de/swraktuell/baden-wuerttemberg/suedbaden/generatoren-fuer-die-ukraine-112.html', 'https://www.meine-news.de/obernburg-amain/c-vereine/rotary-club-obernburg-spendet-den-3-rettungswagen-fuer-die-ukraine_a139809', 'https://youtu.be/3Nto546fz2E']"
507.66,1,1,1,0,140,10,64.9,38.69,0.1,0.1,0,0,0,0,0.01,17,0.0,2,0,0,0,0,0,0,0,0,0,0,0,0,0,0,0,0,rotary-fuer-ukraine.at,at,https://www.rotary-fuer-ukraine.at,200,0,False,200,False,False,False,False,True,False,72,0,0,0,0,2022-03-15,"['https://rotary.de/gesellschaft/ukrainischer-botschafter-dankt-rotariern-fuer-ihre-hilfe-a-22768.html', 'https://www.ukraine-wiederaufbauen.de', 'https://alliance4ukraine.org', 'https://www.dbcargo.com/rail-de-de/logistik-news/db-cargo-db-schenker-schienenbruecke-in-die-ukraine-startet-7322954', 'https://jobs.gu-dp.com', 'https://freieberufe-jobportal.de', 'https://www.bmel.de/DE/themen/internationales/ukraine-hilfe.html', 'https://www.swr.de/swraktuell/baden-wuerttemberg/suedbaden/generatoren-fuer-die-ukraine-112.html', 'https://www.meine-news.de/obernburg-amain/c-vereine/rotary-club-obernburg-spendet-den-3-rettungswagen-fuer-die-ukraine_a139809', 'https://youtu.be/3Nto546fz2E']"
507.47,0,1,1,0,8,11,61.73,38.23,0.09,0.09,0,0,1,0,0.01,17,0.0,0,0,0,0,0,0,0,0,1,0,0,0,0,0,0,0,0,rotaryfuerukraine.de,de,https://www.rotaryfuerukraine.de,200,0,False,200,False,False,False,False,True,False,72,0,0,0,0,2022-03-02,"['https://rotary-fuer-ukraine.de', 'https://rotary.de/gesellschaft/ukrainischer-botschafter-dankt-rotariern-fuer-ihre-hilfe-a-22768.html', 'https://www.ukraine-wiederaufbauen.de', 'https://alliance4ukraine.org', 'https://www.dbcargo.com/rail-de-de/logistik-news/db-cargo-db-schenker-schienenbruecke-in-die-ukraine-startet-7322954', 'https://jobs.gu-dp.com', 'https://freieberufe-jobportal.de', 'https://www.bmel.de/DE/themen/internationales/ukraine-hilfe.html', 'https://www.swr.de/swraktuell/baden-wuerttemberg/suedbaden/generatoren-fuer-die-ukraine-112.html', 'https://www.meine-news.de/obernburg-amain/c-vereine/rotary-club-obernburg-spendet-den-3-rettungswagen-fuer-die-ukraine_a139809', 'https://youtu.be/3Nto546fz2E']"
507.46,1,1,1,0,140,10,64.9,38.69,0.1,0.1,0,0,1,0,0.01,17,0.0,2,0,0,0,0,0,0,0,0,0,0,0,0,0,0,0,0,rotary-fuer-ukraine.de,de,https://www.rotary-fuer-ukraine.de,200,0,False,200,False,False,False,False,True,False,72,0,0,0,0,2022-03-02,"['https://rotary.de/gesellschaft/ukrainischer-botschafter-dankt-rotariern-fuer-ihre-hilfe-a-22768.html', 'https://www.ukraine-wiederaufbauen.de', 'https://alliance4ukraine.org', 'https://www.dbcargo.com/rail-de-de/logistik-news/db-cargo-db-schenker-schienenbruecke-in-die-ukraine-startet-7322954', 'https://jobs.gu-dp.com', 'https://freieberufe-jobportal.de', 'https://www.bmel.de/DE/themen/internationales/ukraine-hilfe.html', 'https://www.swr.de/swraktuell/baden-wuerttemberg/suedbaden/generatoren-fuer-die-ukraine-112.html', 'https://www.meine-news.de/obernburg-amain/c-vereine/rotary-club-obernburg-spendet-den-3-rettungswagen-fuer-die-ukraine_a139809', 'https://youtu.be/3Nto546fz2E']"
160.52,1,0,0,0,11,2,70.5,27.5,0.0,0.5,0,0,0,0,0.16,12,0.0,1,0,0,0,0,0,1,0,1,0,0,0,0,0,0,0,0,rotor-ukraine.com,com,https://www.rotor-ukraine.com,-1,0,False,200,False,False,False,False,True,False,40,0,0,0,0,2022-03-13,"['https://www.youtube.com/watch?v=D7SlK16o82o', 'https://www.amazon.com/dp/B07VX7XVHG?tag=rotor-ukraine-20&linkCode=osi&th=1&psc=1&keywords=ukraine']"
102.41,1,0,0,0,9,3,45.67,14.38,0.0,0.67,0,0,0,0,0.05,11,0.0,0,0,0,0,0,0,0,0,1,0,0,0,0,0,0,0,0,ruffukraine.org,org,https://www.ruffukraine.org,200,0,False,200,False,False,False,False,False,False,0,0,0,0,0,2022-05-12,"['https://donorbox.org/r-u-f-f-animal-rescue-fund?default_interval=o', 'http://www.facebook.com/ruffukraine', 'http://www.instagram.com/ruffukraine']"
697.15,1,0,0,0,5,2,40.5,1.5,0.0,1.0,0,0,0,0,0.16,16,0.0,0,0,0,0,0,0,0,0,1,0,0,0,0,0,0,0,0,rugbywithukraine.com,com,https://www.rugbywithukraine.com,200,1,False,200,False,False,False,False,True,False,55,0,0,0,0,2022-04-08,"['https://www.facebook.com/KyivRugbyUnion', 'https://www.instagram.com/kyiv.rugby.union']"
948.12,1,0,0,0,3,6,86.17,35.7,0.0,0.33,0,0,0,0,0.05,10,0.091,0,0,0,0,0,0,0,1,1,0,0,0,0,0,0,0,0,run2ukraine.org,org,https://www.run2ukraine.org,200,0,False,200,False,False,False,False,True,False,55,0,0,0,0,2022-03-17,"['https://www.gofundme.com/f/run2ukraine?member=17837165&utm_campaign=p_cp+share-sheet&utm_medium=copy_link_all&utm_source=customer', 'https://www.instagram.com/run2ukraine', 'https://www.facebook.com/annaseddon.BTN', 'https://www.theargus.co.uk/news/19997986.ukrainian-woman-travels-five-days-reach-daughter-portslade', 'https://www.independent.co.uk/news/uk/brighton-polish-amex-stadium-british-gofundme-b2040944.html', 'https://www.itv.com/news/2022-03-22/briton-plans-to-run-1596-mile-distance-from-brighton-to-dnipro-in-aid-of-ukraine']"
826.9,1,0,0,0,4,9,30.11,12.6,0.0,0.44,0,1,0,0,0.16,10,0.091,0,0,0,0,0,0,0,1,1,0,0,0,0,0,0,0,0,run4ukraine.com,com,https://www.run4ukraine.com,200,0,False,200,False,False,False,False,True,False,55,0,0,0,0,2022-03-04,"['https://www.paypal.com/donate/?hosted_button_id=F9W2KMJ7VBHNS', 'http://fitnello.com', 'http://ukraine-org.com', 'http://softbistro.com', 'http://prepler.com', 'http://facebook.com/fitnellofitness', 'https://twitter.com/fitnello', 'https://www.youtube.com/fitnello', 'https://www.instagram.com/fitnello_']"
33.72,1,0,0,0,17,6,50.0,14.53,0.0,0.67,0,0,0,0,0.16,13,0.0,0,0,0,0,0,0,1,0,0,0,2,2,2,0,0,2,0,runforukraine.com,com,https://www.runforukraine.com,200,0,False,200,False,False,False,False,False,False,40,0,0,0,0,2022-02-27,"['https://apps.apple.com/ua/app/run4ukraine/id1658786568?l', 'https://play.google.com/store/apps/details?id=com.run4ukraine.app&hl=ru&pli=1', 'https://www.facebook.com/Run4Ukraine-104713122384476', 'https://www.instagram.com/run4ukrainerun', 'https://www.linkedin.com/company/run4ukraine', 'https://twitter.com/Run4Ukraine']"
756.65,1,0,0,0,3,3,33.67,5.44,0.33,0.67,0,0,0,1,0.12,12,0.0,0,0,0,0,0,0,1,0,1,0,0,0,0,0,0,0,0,runtoukraine.co.uk,co.uk,https://www.runtoukraine.co.uk,200,0,False,200,False,False,False,False,False,False,77,0,0,0,0,2022-03-13,"['https://www.instagram.com/runtoukraine', 'https://www.facebook.com/runtoukraine', 'https://gofund.me/c6b8b1c9']"
947.05,1,0,0,0,2,0,0.0,0.0,0.0,0.0,0,0,0,0,0.16,25,0.0,0,0,0,0,0,0,1,0,1,0,0,0,0,0,0,0,0,russiansforukraineproject.com,com,https://www.russiansforukraineproject.com,200,0,False,200,False,False,False,False,True,False,55,0,0,0,0,2022-06-04,[]
45.89,1,1,0,0,2,2,74.5,33.5,0.0,0.0,0,0,0,0,0.16,22,0.0,0,0,0,0,0,0,0,0,0,0,2,2,2,0,0,2,1,russianukrainianbrides.com,com,https://www.russianukrainianbrides.com,200,1,False,200,True,False,False,False,True,False,99,0,0,0,0,2022-07-17,"['https://dan.com/?utm_campaign=Parking&utm_medium=parking&utm_source=.com&utm_term=russianukrainianbrides.com', 'https://www.trustpilot.com/review/dan.com']"
0.11,1,0,0,0,1,0,0.0,0.0,0.0,0.0,0,0,0,0,0.16,18,0.0,0,0,0,0,0,0,0,0,1,1,1,1,1,1,1,1,1,russiatakesukraine.com,com,https://www.russiatakesukraine.com,-1,0,False,200,True,False,False,False,True,False,77,0,0,0,0,2022-03-06,[]
1.19,1,0,0,0,1,0,0.0,0.0,0.0,0.0,0,0,1,0,0.29,13,0.0,1,0,0,0,0,0,0,0,1,0,1,1,1,1,1,1,1,russia-ukraine.us,us,https://www.russia-ukraine.us,-1,0,False,200,False,False,False,False,True,False,95,0,0,0,0,2022-03-02,[]
63.17,1,0,0,0,31,5,66.4,34.63,0.2,0.0,0,0,0,0,0.16,21,0.0,0,0,0,0,0,0,0,0,0,0,2,2,2,0,0,2,0,russiaukraineinvasion.com,com,https://www.russiaukraineinvasion.com,200,0,False,200,False,False,False,False,True,False,55,0,0,0,0,2022-03-06,"['https://www.themoscowtimes.com/2022/06/11/first-russian-passports-handed-out-to-ukrainians-in-occupied-south-agencies-a77976', 'https://www.theguardian.com/world/2022/mar/02/united-nations-russia-ukraine-vote', 'https://en.wikipedia.org/wiki/2022_Russian_invasion_of_Ukraine', 'https://wordpress.com/?ref=footer_custom_svg', 'https://wp.me/P71906-4']"
103.15,1,0,0,0,42,0,0.0,0.0,0.0,0.0,0,0,1,0,0.13,16,0.0,2,0,0,0,0,1,0,0,0,0,0,0,0,0,0,0,1,russia-ukraine-war.online,online,https://www.russia-ukraine-war.online,200,0,False,200,False,False,False,False,True,False,78,0,0,0,0,2022-03-02,[]
10.12,1,1,0,1,111,1,38.0,0.0,0.0,0.0,0,0,0,0,0.05,17,0.0,0,0,0,0,0,1,0,0,1,0,2,2,2,-1,2,2,0,russoukrainianwar.org,org,https://www.russoukrainianwar.org,200,0,False,200,False,False,False,False,True,False,55,0,0,0,0,2022-03-16,['https://war.ukraine.ua/support-ukraine']
47.3,1,0,0,0,3,2,30.5,8.5,0.0,0.5,0,0,1,0,0.01,18,0.0,1,0,0,0,0,0,0,0,1,0,0,2,2,0,0,0,0,sachspenden-ukraine.de,de,https://www.sachspenden-ukraine.de,200,0,False,200,False,False,False,False,False,False,0,0,0,0,0,2022-03-22,"['https://mind-deploy.de', 'https://facebook.com/UkraineHilfeBerlin']"
676.63,1,0,0,0,1,10,76.0,20.86,0.0,0.2,0,0,0,0,0.05,19,0.0,0,0,0,0,0,0,0,0,0,0,0,0,0,0,0,0,0,safeandsoundukraine.org,org,https://www.safeandsoundukraine.org,200,0,False,200,False,False,False,False,True,False,25,0,0,0,0,2022-03-14,"['https://www.facebook.com/donate/766504741016367/110313954944828', 'https://www.instagram.com/safesound_ukraine', 'https://digital.copcomm.com/i/1475048-fall-2022/23?', 'https://cinemaaudiosociety.org/cinema-audio-society-joins-the-relief-efforts-of-safesound-ukraine', 'https://aes2.org/news/documentary-sound-mixing-in-a-war-zone-webinar-may-1', 'https://www.broadcastbeat.com/safesound-ukraine-helps-ukrainians-in-war-zones-communicate', 'https://www.productionhub.com/press/77188/safesound-ukraine-helps-ukrainians-in-war-zones-communicate', 'https://content-technology.com/news-operations/safesound-ukraine-helps-ukrainians-in-war-zones-communicate', 'https://www.digitalcinemareport.com/tags/safesound-ukraine', 'https://filmmakers-for-ukraine.com/donate/safesound-ukraine-fundraising-action']"
36.46,1,1,0,0,1,0,0.0,0.0,0.0,0.0,0,0,0,0,0.16,13,0.0,0,0,0,0,0,0,0,0,1,0,0,0,0,0,2,0,1,safeinukraine.com,com,https://www.safeinukraine.com,200,0,False,200,False,False,False,False,True,False,75,0,0,0,0,2022-03-13,[]
215.5,0,0,0,0,11,20,75.15,27.06,0.0,0.2,1,1,0,0,0.05,18,0.053,0,0,0,0,0,0,0,1,1,0,0,0,0,0,0,0,0,safepassage4ukraine.org,org,https://www.safepassage4ukraine.org,200,1,False,200,False,False,False,False,True,False,25,0,0,0,0,2022-04-21,"['https://www.instagram.com/sp4ukraine', 'https://twitter.com/SP4URachel', 'https://www.facebook.com/SafePassage4Ukraine', 'https://www.linkedin.com/company/safe-passage-4-ukraine', 'https://docs.google.com/forms/d/e/1FAIpQLSd6qY_iiPhXYAdDUVvylyO9m6-FEdPCWd_XhYa5bqPCEHaWQQ/viewform', 'https://miles4migrants.org/sp4u', 'https://www.paypal.com/donate/?hosted_button_id=29QFSWLFD5WP2#', 'https://www.spotfund.com/story/18a574a5-81f2-491a-95b2-a8376b3006e7?SFID=SafePassage4Ukraine', 'https://www.bonfire.com/store/protect-a-volunteer-safe-passage-4-ukraine', 'https://www.lbbonline.com/news/ukrainian-hero-igor-veselukha-saves-lives-through-guerilla-charity-safe-passage-4-ukraine', 'https://www.reuters.com/world/after-treatment-us-military-hospital-volunteers-ukraine-return-fight-2023-10-12', 'https://www.nytimes.com/2024/01/14/world/europe/ukraine-russia-war-elderly.html', 'https://au.rollingstone.com/music/music-features/unbreakable-spirit-ukraine-musicians-45422', 'https://www.thestar.com/news/canada/2022/07/30/safe-in-canada-a-young-ukraine-war-widow-now-has-time-to-grieve.html', 'https://nyunews.com/news/2022/09/07/nyu-instructor-organization-relocates-ukrainians', 'https://www.telegraphherald.com/news/tri-state/article_379c7e03-3393-5c84-b72f-dca57ef4921d.html', 'https://milestalk.com/help-a-ukrainian-with-miles-points', 'https://www.cbsnews.com/newyork/news/kind-deeds-prosthetic-legs-new-jersey-new-york', 'https://katapult-ukraine.com/artikel/his-story-is-in-ukraine-hers-is-with-their-family-at-home', 'https://open.spotify.com/episode/0HeIu1O19dpEbCEIdTqjMq']"
215.5,0,0,0,0,11,20,75.15,27.06,0.0,0.2,1,1,0,0,0.05,21,0.0,0,0,0,0,0,0,1,0,0,0,0,0,0,0,0,0,0,safepassageforukraine.org,org,https://www.safepassageforukraine.org,200,1,False,200,False,False,False,False,True,False,25,0,0,0,0,2022-04-21,"['https://www.instagram.com/sp4ukraine', 'https://twitter.com/SP4URachel', 'https://www.facebook.com/SafePassage4Ukraine', 'https://www.linkedin.com/company/safe-passage-4-ukraine', 'https://docs.google.com/forms/d/e/1FAIpQLSd6qY_iiPhXYAdDUVvylyO9m6-FEdPCWd_XhYa5bqPCEHaWQQ/viewform', 'https://miles4migrants.org/sp4u', 'https://www.paypal.com/donate/?hosted_button_id=29QFSWLFD5WP2#', 'https://www.spotfund.com/story/18a574a5-81f2-491a-95b2-a8376b3006e7?SFID=SafePassage4Ukraine', 'https://www.bonfire.com/store/protect-a-volunteer-safe-passage-4-ukraine', 'https://www.lbbonline.com/news/ukrainian-hero-igor-veselukha-saves-lives-through-guerilla-charity-safe-passage-4-ukraine', 'https://www.reuters.com/world/after-treatment-us-military-hospital-volunteers-ukraine-return-fight-2023-10-12', 'https://www.nytimes.com/2024/01/14/world/europe/ukraine-russia-war-elderly.html', 'https://au.rollingstone.com/music/music-features/unbreakable-spirit-ukraine-musicians-45422', 'https://www.thestar.com/news/canada/2022/07/30/safe-in-canada-a-young-ukraine-war-widow-now-has-time-to-grieve.html', 'https://nyunews.com/news/2022/09/07/nyu-instructor-organization-relocates-ukrainians', 'https://www.telegraphherald.com/news/tri-state/article_379c7e03-3393-5c84-b72f-dca57ef4921d.html', 'https://milestalk.com/help-a-ukrainian-with-miles-points', 'https://www.cbsnews.com/newyork/news/kind-deeds-prosthetic-legs-new-jersey-new-york', 'https://katapult-ukraine.com/artikel/his-story-is-in-ukraine-hers-is-with-their-family-at-home', 'https://open.spotify.com/episode/0HeIu1O19dpEbCEIdTqjMq']"
157.47,1,0,0,0,25,14,35.29,9.18,0.0,0.07,0,0,0,1,0.05,19,0.0,0,0,0,0,0,0,0,0,0,0,0,0,0,0,0,0,0,salisburyukrainehub.org.uk,org.uk,https://www.salisburyukrainehub.org.uk,200,0,False,301,False,False,False,False,False,False,85,0,0,0,0,2022-05-13,"['https://m.facebook.com/groups/1002359040634896', 'https://www.salisburycitycouncil.gov.uk', 'https://www.wiltshire.gov.uk', 'https://www.wessexcommunityaction.org.uk', 'https://www.salisbury.nhs.uk', 'https://www.silversalisbury.co.uk', 'http://www.thelisteningplace.org.uk', 'https://salisbury.foodbank.org.uk', 'https://www.thepantrypartnership.org', 'https://www.wiltshirecf.org.uk', 'https://www.salisburyrotary.org.uk', 'https://storage-works.co.uk/locations/salisbury-self-storage', 'https://salisburymethodist.org.uk', 'https://wpastra.com']"
89.64,0,0,0,0,3,4,33.25,7.53,0.25,0.0,0,0,0,0,0.05,11,0.0,0,0,0,0,0,0,0,0,1,0,0,0,0,0,0,0,0,saltukraine.org,org,https://www.saltukraine.org,200,0,False,200,False,False,False,False,False,False,0,0,0,0,0,2022-03-03,"['https://zoom.us/j/91269411831', 'https://www.saltmovement.org/saltdna', 'http://eepurl.com/hWpu75', 'https://saltmovement.churchcenter.com/giving']"
20.47,1,0,0,0,1,5,43.0,15.53,0.0,0.6,0,0,0,0,0.16,26,0.0,0,0,0,0,0,0,0,0,1,0,2,2,2,0,0,2,0,samaritanministriesukraine.com,com,https://www.samaritanministriesukraine.com,200,0,False,200,False,False,False,False,False,False,0,0,0,0,0,2022-07-24,"['https://www.gnnukraine.com', 'https://www.smukraine.org', 'https://www.facebook.com/samaritan.ministries.ukraine', 'https://www.instagram.com/samaritan_ministries', 'https://www.youtube.com/channel/UCOtLWQOHLvnD3NjhhIFIhlA/featured']"
25.05,1,0,0,0,4,2,25.5,0.5,0.5,0.5,0,0,0,0,0.16,11,0.0,1,0,0,0,0,0,0,0,1,0,2,2,2,0,2,2,0,samp-ukraine.com,com,https://www.samp-ukraine.com,200,0,False,200,False,False,False,False,False,False,0,0,0,0,0,2022-06-28,"['https://ukraine-gta.com.ua', 'https://t.me/ukraine_samp']"
217.97,1,0,0,0,18,3,41.33,7.36,0.0,0.33,0,0,0,0,0.02,15,0.0,0,0,0,0,0,0,0,0,1,0,0,0,0,0,0,0,0,sandraukrainetz.ca,ca,https://www.sandraukrainetz.ca,200,0,False,200,False,False,False,False,True,False,55,0,0,0,0,2022-03-10,"['https://www.instagram.com/sandraurealestate/?hl=en', 'https://www.propertysolutionsrealestate.ca', 'https://modulecreativeagency.com']"
217.97,1,0,0,0,18,3,41.33,7.36,0.0,0.33,0,0,0,0,0.16,15,0.0,0,0,0,0,0,0,0,0,1,0,0,0,0,0,0,0,0,sandraukrainetz.com,com,https://www.sandraukrainetz.com,200,0,False,200,False,False,False,False,True,False,55,0,0,0,0,2022-03-09,"['https://www.instagram.com/sandraurealestate/?hl=en', 'https://www.propertysolutionsrealestate.ca', 'https://modulecreativeagency.com']"
215.13,1,0,0,0,21,4,50.0,14.68,0.0,0.75,0,0,0,0,0.05,11,0.0,0,0,0,0,0,0,0,0,1,0,0,0,0,0,0,0,0,saneukraine.org,org,https://www.saneukraine.org,200,0,False,200,False,False,False,False,True,False,35,0,0,0,0,2022-03-08,"['https://www.facebook.com/EmbodiedTraumaTrainer', 'https://twitter.com/SaneUkraine', 'https://www.youtube.com/playlist?list=PLSP0Y3k1d8Rl2u-Edjjg5Gl02uIgaqoDK', 'https://www.liqpay.ua/uk/checkout/card/i67590861333']"
215.13,0,0,0,0,1,5,45.4,16.03,0.0,0.6,0,0,0,0,0.05,17,0.0,0,0,0,0,0,0,0,0,1,0,0,0,0,0,0,0,0,saneukraineonline.org,org,https://www.saneukraineonline.org,200,0,False,200,False,False,False,False,True,False,35,0,0,0,0,2022-03-17,"['https://www.saneukraine.org', 'https://www.facebook.com/EmbodiedTraumaTrainer', 'https://twitter.com/SaneUkraine', 'https://www.youtube.com/playlist?list=PLSP0Y3k1d8Rl2u-Edjjg5Gl02uIgaqoDK', 'https://www.liqpay.ua/uk/checkout/card/i67590861333']"
770.38,1,0,0,0,14,2,48.0,1.0,0.0,1.0,0,0,0,0,0.05,23,0.0,0,0,0,1,0,0,0,0,1,0,0,0,0,0,0,0,0,savannahsupportsukraine.org,org,https://www.savannahsupportsukraine.org,-1,0,False,200,False,False,False,False,True,False,55,0,0,0,0,2022-04-22,"['https://www.facebook.com/groups/674631743975183', 'https://www.instagram.com/savannahsupportsukraine']"
12.09,1,1,0,1,1,7,54.43,17.33,0.0,0.14,0,0,0,0,0.16,17,0.0,0,0,0,1,0,0,0,0,0,0,2,2,2,0,2,2,0,saveliveinukraine.com,com,https://www.saveliveinukraine.com,200,0,False,200,False,False,False,False,True,False,55,0,0,0,0,2022-03-01,"['https://www.comebackalive.in.ua', 'https://bank.gov.ua/en/about/support-the-armed-forces', 'https://www.redcross.org/donate/cm/FOXForward-pub.html', 'https://advance.umcmission.org/p-641-umcor-international-disaster-response-and-recovery.aspx', 'https://www.gofundme.com/f/ukraine-humanitarian-fund', 'https://www.foxnews.com/category/world/conflicts/ukraine', 'https://www.facebook.com/HelpingFreeUkraine']"
51.27,1,1,0,0,13,6,47.83,25.47,0.17,0.5,0,0,0,0,0.05,17,0.0,0,0,0,1,0,0,0,0,0,0,2,2,2,0,0,2,0,savepeopleukraine.org,org,https://www.savepeopleukraine.org,200,0,False,200,False,False,False,False,False,False,0,0,0,0,0,2022-04-27,"['https://en.wikipedia.org/wiki/Bucha_massacre', 'https://next.privat24.ua/payments/form/%7B%22token%22%3A%22f04abd3a-0ed6-499d-b17a-fcc513d2dbf8%22%7D', 'https://www.instagram.com/savepeopleukraineorg', 'https://www.facebook.com/savepeopleukraineorg', 'https://t.me/savepeopleukraine', 'https://redsky.agency']"
88.33,1,0,0,0,12,4,57.75,19.83,0.0,0.25,0,0,0,0,0.01,11,0.0,0,0,0,1,0,0,0,0,0,0,0,0,0,0,0,0,0,saveukraine.be,be,https://www.saveukraine.be,200,0,False,200,False,False,False,False,False,False,0,0,0,0,0,2022-03-03,"['https://www.facebook.com/sos.oekraine.be', 'https://www.malle.be/steun-de-malse-vereniging-sos-oekrane', 'https://www.gva.be/cnt/dmf20220303_96392846', 'https://www.funkhaus.be/?utm_source=saveukraine&utm_medium=footer&utm_campaign=clientsites']"
1363.08,1,0,0,0,13,15,41.13,24.74,0.07,0.2,0,0,0,0,0.01,11,0.0,0,0,0,1,0,0,0,0,1,0,0,0,0,0,0,0,0,saveukraine.cz,cz,https://www.saveukraine.cz,200,0,False,200,False,False,False,False,False,False,35,0,0,0,0,2022-03-10,"['https://buy.stripe.com/eVa9AX9Gqh0J8Io7ss', 'https://docs.google.com/presentation/d/1A6AFzYclk7dwXnj510ES2pdlJoYVzpcmO1IO63fgC_U/edit?usp=sharing', 'http://instagram.com/saveukrainecz', 'http://facebook.com/saveukrainecz', 'http://t.me/saveukrainecz', 'https://www.csas.cz/cs/transparentni-ucty#/000000-6187096379/Nadacni-fond-Save-Ukraine', 'https://rozvytok-hromady.com/en', 'https://www.zsu.gov.ua/en', 'https://www.u-aid.org/en', 'https://www.kyiv-volunteer.com', 'https://www.hospitallers.org.uk', 'http://famu.cz', 'https://www.isolitbravo.cz/cs/uvod', 'https://www.nadacetipsport.cz', 'https://or.justice.cz/ias/ui/rejstrik-firma.vysledky?subjektId=1153857&typ=UPLNY']"
26.25,1,0,0,0,3,3,34.67,11.44,0.0,0.33,0,0,1,0,0.2,11,0.0,1,0,0,1,0,0,0,0,1,0,2,2,2,0,2,2,0,save-ukraine.icu,icu,https://www.save-ukraine.icu,200,0,False,200,False,False,False,False,False,False,40,0,0,0,0,2022-03-19,"['https://www.facebook.com/darhelpua', 'https://secure.wayforpay.com/button/b0e2ee393c02e', 'https://dattalion.com']"
117.64,1,0,0,0,7,5,33.8,7.7,0.0,0.6,0,0,0,0,0.36,11,0.0,1,0,0,1,0,0,0,0,0,0,0,0,0,0,0,0,0,save-ukraine.life,life,https://www.save-ukraine.life,200,0,False,200,False,False,False,False,False,False,40,0,0,0,0,2022-03-07,"['https://www.facebook.com/saveukrainelife', 'https://www.instagram.com/saveukraine.life', 'https://twitter.com/save_ukraine_l', 'https://themeisle.com/themes/neve', 'http://wordpress.org']"
218.59,1,0,0,0,6,20,50.1,30.51,0.0,0.1,0,0,0,0,0.05,11,0.0,0,0,0,1,0,0,0,0,0,0,0,0,0,0,0,0,0,saveukraine.network,network,https://www.saveukraine.network,200,0,False,200,False,False,False,False,True,False,35,0,0,0,0,2022-03-04,"['https://9gag.com/gag/ang7R15', 'https://help.rescue.org/donate/ukraine', 'https://www.unhcr.org/en-us/news/briefing/2022/9/632d6fba4/unhcr-survey-refugees-ukraine-eager-work-need-sustained-support-ensure.html', 'https://news.un.org/en/story/2022/09/1127661', 'https://www.reddit.com/r/ukraine/comments/t39toj/you_can_listen_to_russian_troops_talking_to', 'https://maphub.net/Cen4infoRes/russian-ukraine-monitor', 'https://twitter.com/Cen4infoRes', 'https://www.givesendgo.com/G2ZHA', 'https://www.doctorswithoutborders.org', 'https://www.globalgiving.org', 'https://www.icrc.org/en', 'https://kyivindependent.com', 'https://www.gofundme.com/f/kyivindependent-launch', 'https://www.projecthope.org', 'https://razomforukraine.org', 'https://support.savethechildren.org/site/Donation2?df_id=5748&mfc_pref=T&5748.donation=form1', 'https://www.facebook.com/sunflowerofpeace', 'https://voices.org.ua/en', 'https://www.theanimalclub.net/dogs/heroic-dog-helps-save-lives-in-ukraine-by-detecting-explosives', 'https://www.today.com/pets/pets/animal-charities-ukraine-russia-war-rcna19960']"
192.47,1,0,0,0,13,3,47.33,8.81,0.0,0.33,0,0,0,0,0.02,11,0.0,0,0,0,1,0,0,0,0,0,0,0,0,0,0,0,0,0,saveukraine.team,team,https://www.saveukraine.team,200,0,False,200,False,False,False,False,True,False,72,0,0,0,0,2022-04-03,"['https://pay.fondy.eu/s/XJMEiLZtcGkv', 'https://www.facebook.com/profile.php?id=100001374679869', 'https://wordpress.org/plugins/gdpr-cookie-compliance']"
2.56,1,0,0,0,1,2,36.0,3.0,0.0,0.5,0,0,1,0,0.29,11,0.0,0,0,0,1,0,0,0,0,0,0,2,2,2,0,2,2,0,saveukraine.us,us,https://www.saveukraine.us,200,0,False,200,False,False,False,False,False,False,0,0,0,0,0,2022-02-26,"['https://assist-ukraine.org/donate', 'https://www.facebook.com/SaveUkraineUSA']"
1.38,1,0,0,0,1,2,25.0,1.0,0.0,0.0,0,0,1,0,0.13,11,0.0,1,0,0,1,0,0,0,0,1,0,2,2,2,0,2,2,0,save-ukraine.website,website,https://www.save-ukraine.website,200,0,False,200,False,False,False,False,False,False,40,0,0,0,0,2022-02-28,"['http://ukraine.com.ua/wiki', 'http://adm.tools/support']"
125.29,1,0,0,0,21,2,45.5,3.5,0.0,0.5,0,0,0,0,0.05,11,0.25,1,0,0,1,0,0,0,0,0,0,0,0,0,0,0,0,0,save-ukraine2022.org,org,https://www.save-ukraine2022.org,200,0,False,200,False,False,False,False,False,False,40,0,0,0,0,2022-03-16,"['https://secure.wayforpay.com/button/b27c5709672a4', 'https://www.facebook.com/saveukraine2022CF']"
83.9,1,0,0,0,15,3,46.67,13.47,0.0,0.67,0,0,0,0,0.05,14,0.125,0,0,0,1,1,0,0,0,0,0,0,0,0,0,2,0,0,saveukraineart22.org,org,https://www.saveukraineart22.org,200,0,False,200,False,False,False,False,True,False,55,0,0,0,0,2022-03-28,"['https://mobile.twitter.com/saveukraineart2', 'https://www.youtube.com/channel/UCUJT9qtWU6HVJ4GjLFR_1rQ/featured', 'http://lvivgallery.org.ua/museums']"
23.57,1,0,0,0,5,3,49.33,8.73,0.33,0.67,0,0,0,0,0.01,13,0.0,0,0,0,1,0,0,0,0,1,0,2,2,2,0,2,2,0,saveukraineeu.be,be,https://www.saveukraineeu.be,200,0,False,200,False,False,False,False,False,False,0,0,0,0,0,2022-03-18,"['https://goo.gl/maps/H6NscbxTKTe6wHLS8', 'https://instagram.com/saveukraine_eu?igshid=YmMyMTA2M2Y=', 'https://www.facebook.com/SaveUkraine-EU-100440659382565']"
9.34,1,0,0,0,1,0,0.0,0.0,0.0,0.0,0,0,0,0,0.16,15,0.0,0,0,1,1,0,0,0,0,0,0,1,1,1,1,1,1,1,saveukrainefund.com,com,https://www.saveukrainefund.com,200,1,False,200,False,False,False,False,True,False,75,0,0,0,0,2022-04-01,[]
31.32,1,1,0,0,4,2,34.5,8.5,0.5,1.0,0,0,0,0,0.16,15,0.0,0,0,0,1,0,0,0,0,0,0,2,2,2,0,2,2,0,saveukrainegraz.com,com,https://www.saveukrainegraz.com,200,0,False,200,False,False,False,False,False,False,0,0,0,0,0,2022-03-16,"['https://t.me/grazua_people', 'https://www.instagram.com/save_ukraine_graz']"
292.16,1,0,0,0,26,2,41.0,20.0,0.0,0.0,0,1,0,0,0.05,16,0.0,2,0,0,1,0,0,0,0,0,0,0,0,0,0,0,0,1,save-ukraine-halle.org,org,https://www.save-ukraine-halle.org,200,0,False,200,False,False,False,False,True,False,82,0,0,0,0,2022-03-30,"['https://www.paypal.com/donate/?hosted_button_id=L6TV45D2GZUAY', 'https://colibriwp.com']"
67.65,1,0,0,0,11,0,0.0,0.0,0.0,0.0,0,0,0,0,0.05,16,0.0,0,0,0,1,0,0,0,0,0,1,0,0,0,0,1,0,0,saveukrainelives.org,org,https://www.saveukrainelives.org,200,0,False,200,False,False,False,False,True,False,55,0,0,0,0,2022-05-03,[]
141.89,1,0,0,0,19,2,47.0,6.0,0.0,1.0,0,0,0,0,0.16,14,0.0,1,0,0,1,0,0,0,0,0,0,0,0,0,0,0,0,0,saveukraine-now.com,com,https://www.saveukraine-now.com,200,0,False,200,False,False,False,False,False,False,0,0,0,0,0,2022-05-07,"['https://www.instagram.com/save.ukraine.bf', 'https://www.facebook.com/Save-Ukraine-105255505571239']"
29.61,1,0,0,0,1,0,0.0,0.0,0.0,0.0,0,0,0,0,0.05,16,0.0,0,0,0,1,0,0,0,0,0,0,0,0,0,0,1,0,0,saveukrainetoday.org,org,https://www.saveukrainetoday.org,200,1,False,200,False,False,False,False,False,False,0,0,0,0,0,2022-03-01,[]
19.18,1,1,0,1,1,5,53.2,11.14,0.0,0.6,0,0,0,0,0.16,19,0.0,0,0,0,1,0,0,0,0,0,0,2,2,2,0,2,2,0,saveukrainetogether.com,com,https://www.saveukrainetogether.com,200,0,False,200,False,False,False,False,True,False,55,0,0,0,0,2022-02-28,"['https://savelife.in.ua/en/donate', 'https://www.facebook.com/share.php?u=saveukrainetogether.com', 'https://twitter.com/intent/tweet?url=saveukrainetogether.com', 'https://www.linkedin.com/cws/share?url=saveukrainetogether.com', 'https://vk.com/share.php?url=saveukrainetogether.com']"
88.72,1,0,0,0,20,19,78.21,32.45,0.0,0.26,0,1,0,0,0.05,13,0.0,0,0,0,1,0,0,0,0,0,0,2,2,2,0,0,2,1,saveukraineua.org,org,https://www.saveukraineua.org,200,0,False,200,False,False,False,False,True,False,88,0,0,0,0,2022-04-30,"['https://www.instagram.com/saveukraine.center', 'https://www.facebook.com/SaveUkraine.center', 'https://www.linkedin.com/company/save-ukraine-ngo', 'https://www.cbsnews.com/news/ukrainians-accuse-russia-of-abducting-indoctrinating-children-60-minutes-transcript', 'https://www.magnitskyawards.com/about/the-magnitsky-awards', 'https://www.classy.org/give/535532/#!/donation/checkout?amount=49', 'https://www.npr.org/2024/02/08/1228453066/taken-by-russia-then-rescued-young-ukrainians-speak-out', 'https://www.foxnews.com/world/ukraines-underground-railroad-rescues-abducted-ukrainian-children-from-russian-reeducation-camps', 'https://www.holosameryky.com/a/vykradeni-rosijeju-dity-svidchyly-u-congresi/7465636.html', 'https://www.reuters.com/investigates/special-report/ukraine-crisis-children', 'https://www.pzc.nl/middelburg/internationale-four-freedoms-medaille-voor-redders-van-ontvoerde-oekraiense-kinderen~a2e3b54e', 'https://drive.google.com/file/d/1LbrOOKzvGA4BM7LnBDpbM_9D-y7iahsb/view', 'https://www.nytimes.com/interactive/2023/12/26/world/europe/ukraine-war-children-russia.html?unlocked_article_code=1.JE0.K94K.DfRbZ5H-Krp6&smid=url-share', 'https://edition.cnn.com/2023/12/23/world/ukraine-children-christmas-wishes-intl-cmd?cid=ios_app', 'https://www.youtube.com/watch?v=wSslNVVQeFQ', 'https://twitter.com/MykolaKuleba', 'https://saveukraineua.us12.list-manage.com/subscribe?u=3f8ad5930d9f09d622ec374e8&id=374c6ff2b1', 'https://www.paypal.com/donate/?hosted_button_id=DYWJ6VFMRCHTE', 'https://secure.wayforpay.com/payment/rescue_from_war_zones']"
40.97,1,0,0,0,11,1,35.0,0.0,0.0,1.0,0,0,0,0,0.01,14,0.0,2,0,0,1,0,0,0,0,0,0,2,2,2,0,2,2,0,save-ukraine-vzw.be,be,https://www.save-ukraine-vzw.be,-1,0,False,200,False,False,False,False,True,False,35,0,0,0,0,2022-03-02,['https://facebook.com/SaveUkraineVzw']
111.21,1,0,0,0,4,1,139.0,0.0,0.0,0.0,0,0,0,0,0.05,13,0.0,0,0,0,1,0,0,0,0,0,0,2,0,2,0,0,0,0,saveukrainian.org,org,https://www.saveukrainian.org,200,0,False,200,False,False,False,False,True,False,55,0,0,0,0,2022-03-07,['https://www.godaddy.com/websites/website-builder?isc=pwugc&utm_source=wsb&utm_medium=applications&utm_campaign=en-us_corp_applications_base']
72.76,1,0,0,0,2,0,0.0,0.0,0.0,0.0,0,0,1,0,0.07,21,0.0,0,0,1,1,0,0,0,0,0,0,0,0,0,0,1,0,0,saveukrainianchildren.charity,charity,https://www.saveukrainianchildren.charity,200,0,False,200,False,False,False,False,False,False,0,0,0,0,0,2022-04-11,[]
0.11,1,0,0,0,1,0,0.0,0.0,0.0,0.0,0,0,0,0,0.05,18,0.0,0,0,0,1,0,0,0,0,1,0,1,1,1,1,1,1,0,saveukrainianlives.org,org,https://www.saveukrainianlives.org,200,1,False,200,False,False,False,False,False,False,0,0,0,0,0,2022-03-09,[]
234.94,1,0,0,0,10,6,39.67,11.25,0.17,0.67,0,0,0,0,0.16,14,0.0,1,0,0,1,0,0,0,0,0,0,0,0,0,0,0,0,0,save-ukrainians.com,com,https://www.save-ukrainians.com,200,0,False,200,False,False,False,False,False,False,0,0,0,0,0,2022-03-30,"['https://www.liqpay.ua/uk/checkout/card/i57787928062', 'https://www.facebook.com/bfSaveUkrainians/\r', 'https://www.instagram.com/save_ukrainians_fund/\r', 'https://t.me/Charity_Fund_Save_Ukrainians\r', 'https://twitter.com/SUkrainians\r', 'https://sago.group']"
0.73,1,0,0,0,1,0,0.0,0.0,0.0,0.0,0,0,1,0,0.06,17,0.0,0,0,0,0,0,0,1,0,1,0,1,1,1,1,1,1,0,scienceforukraine.eu,eu,https://www.scienceforukraine.eu,200,0,False,200,False,False,False,False,False,False,0,0,0,0,0,2022-02-27,[]
348.89,1,0,0,0,10,3,44.33,4.5,0.0,0.67,0,0,0,0,0.05,15,0.062,0,0,0,0,0,0,0,1,1,0,0,0,0,0,0,0,0,scotland4ukraine.org,org,https://www.scotland4ukraine.org,-1,0,False,200,False,False,False,False,True,False,55,0,0,0,0,2022-06-17,"['https://www.wix.com/stands-with-ukraine', 'http://www.facebook.com/clacksukrainesupport', 'http://www.instagram.com/aid_for_ua_gocc_edinburgh']"
87.72,1,0,0,0,9,1,145.0,0.0,0.0,0.0,0,0,0,0,0.05,15,0.062,0,0,0,0,0,0,1,1,1,0,2,2,2,0,0,2,0,scranton4ukraine.org,org,https://www.scranton4ukraine.org,200,0,False,200,False,False,False,False,True,False,55,0,0,0,0,2022-03-29,['https://www.google.com/url?q=https%3A%2F%2Frunsignup.com%2FRace%2FPA%2FScranton%2FScranton4Ukraine5K&sa=D&sntz=1&usg=AOvVaw0iqxRIPVvFooe8iXCUcqMp']
1444.09,1,0,0,0,5,10,44.4,20.39,0.1,0.3,0,0,0,0,0.16,19,0.0,0,0,0,1,0,0,0,0,1,0,0,0,0,0,0,0,0,scstandswithukraine.com,com,https://www.scstandswithukraine.com,200,0,False,200,False,False,False,False,True,False,55,0,0,0,0,2022-03-10,"['https://www.facebook.com/groups/southcarolinastandswithukraine', 'http://www.SCStandswithUkraine.com', 'https://www.givesendgo.com/SCStandswithUkraine', 'http://www.instagram.com/sc4ukraine', 'https://fb.me/e/1Zma0aEwh', 'https://www.pbs.org/wgbh/frontline/documentary/20-days-in-mariupol', 'https://klych.org', 'https://www.americancoalitionforukraine.org', 'https://empathyforukraine.org', 'https://www.foxcarolina.com/2023/08/18/sc-governor-recognizes-ukraines-independence-day']"
116.45,1,0,0,0,16,0,0.0,0.0,0.0,0.0,0,0,0,0,0.05,10,0.0,1,0,0,0,0,0,0,0,1,0,0,0,0,0,0,0,1,sdc-ukraine.org,org,https://www.sdc-ukraine.org,200,0,False,200,False,False,False,False,True,False,78,0,0,0,0,2022-03-07,[]
47.27,1,0,0,0,9,5,46.2,18.69,0.0,0.8,0,0,0,0,0.16,18,0.0,0,0,0,0,0,0,0,0,1,0,2,2,2,0,0,2,0,secondfrontukraine.com,com,https://www.secondfrontukraine.com,200,0,False,200,False,False,False,False,False,False,0,0,0,0,0,2022-03-02,"['https://www.instagram.com/secondfrontua', 'https://www.facebook.com/Second-Front-Ukraine-Foundation-110758758202878', 'https://www.linkedin.com/company/second-front-ukraine-foundation', 'https://twitter.com/SecondFrontUA', 'https://savethebrave.ca']"
135.78,1,0,0,0,9,4,41.0,6.28,0.0,1.0,0,0,0,0,0.16,12,0.077,0,0,0,0,0,0,0,1,1,1,0,0,0,0,0,0,0,seeds4ukraine.com,com,https://www.seeds4ukraine.com,200,0,False,200,False,False,False,False,False,False,0,0,0,0,0,2022-03-05,"['https://www.facebook.com/seeds.ukraine', 'https://www.instagram.com/seeds.for.ukraine', 'https://www.linkedin.com/company/seeds-for-ukraine', 'https://twitter.com/Seeds4Ukraine']"
0.84,1,0,0,0,1,0,0.0,0.0,0.0,0.0,0,0,1,0,0.13,12,0.0,2,0,0,0,0,0,0,0,0,0,1,1,1,1,1,1,1,sex-in-ukraine.online,online,https://www.sex-in-ukraine.online,-1,0,False,200,True,False,False,False,True,False,99,0,0,0,0,2022-06-14,[]
0.11,1,0,0,0,1,0,0.0,0.0,0.0,0.0,0,0,1,0,0.13,16,0.0,2,0,0,0,0,0,0,0,0,0,1,1,1,1,1,1,1,sex-obyava-ukraine.online,online,https://www.sex-obyava-ukraine.online,-1,0,False,200,False,False,False,False,True,True,95,0,0,0,0,2022-05-20,[]
1.21,1,0,0,0,1,0,0.0,0.0,0.0,0.0,0,0,1,0,0.13,16,0.0,2,0,0,0,0,0,0,0,0,0,1,1,1,1,1,1,1,sex-portal-ukraine.online,online,https://www.sex-portal-ukraine.online,-1,0,False,200,False,False,False,False,True,True,95,0,0,0,0,2022-06-14,[]
76.48,1,0,0,0,501,3,57.67,16.11,0.0,0.0,0,0,0,0,0.04,10,0.0,1,0,0,0,0,0,0,0,1,0,2,2,1,-1,0,2,0,sex-ukraine.mobi,mobi,https://www.sex-ukraine.mobi,-1,0,False,200,False,False,False,False,True,True,55,0,0,0,0,2022-05-05,"['http://intim-city.website/ikryanoe/kseniya-ikryanoe-15-08-2020.html', 'http://hochu-sex.website/severskaya/kristina-severskaya-10-03-2021.html', 'https://prostitutki-sexdosug.online']"
1.2,1,0,0,0,1,0,0.0,0.0,0.0,0.0,0,0,1,0,0.13,10,0.0,3,0,0,0,0,0,0,0,0,0,1,1,1,1,1,1,1,s-e-x-ukraine.online,online,https://www.s-e-x-ukraine.online,-1,0,False,200,False,False,False,False,True,True,95,0,0,0,0,2022-06-14,[]
1.07,1,0,0,0,1,0,0.0,0.0,0.0,0.0,0,0,1,0,0.04,10,0.0,1,0,0,0,0,0,0,0,0,0,1,1,1,1,1,1,1,sex-ukraine.store,store,https://www.sex-ukraine.store,-1,0,False,200,False,False,False,False,True,True,75,0,0,0,0,2022-05-05,[]
111.8,1,0,0,0,469,7,35.86,10.34,0.0,0.0,0,0,1,0,0.13,15,0.0,2,0,0,0,0,0,0,0,0,0,0,2,1,-1,0,0,1,sex-ukraine-dosug.online,online,https://www.sex-ukraine-dosug.online,-1,0,False,0,False,False,False,False,True,False,92,0,0,0,0,2022-06-18,"['https://escortprostitutki.online/barishevka', 'https://intim-sex.online/brodi', 'https://prostitutkiukrainedosug.online/podgorodnoe', 'https://ukrainedosug.online/aleshki', 'https://ukraine-escort.online/intim-dosug9.html', 'https://pinterest.com', 'https://nhadatgiatot.mobi']"
0.11,1,0,0,0,1,0,0.0,0.0,0.0,0.0,0,0,1,0,0.13,11,0.0,2,0,0,0,0,0,0,0,0,0,1,1,1,1,1,1,1,sex-v-ukraine.online,online,https://www.sex-v-ukraine.online,-1,0,False,200,False,False,False,False,True,True,95,0,0,0,0,2022-05-19,[]
32.38,1,0,1,0,1,0,0.0,0.0,0.0,0.0,0,0,1,0,0.01,10,0.091,0,0,0,0,0,0,0,1,0,0,0,0,0,0,1,0,0,sgr4ukraine.de,de,https://www.sgr4ukraine.de,200,0,False,200,False,False,False,False,False,False,0,0,0,0,0,2022-05-06,[]
127.67,1,0,0,0,10,5,44.8,11.57,0.0,0.0,0,1,0,0,0.05,12,0.0,0,0,0,0,0,0,0,0,1,0,0,0,0,0,0,0,0,shareukraine.org,org,https://www.shareukraine.org,200,0,False,200,False,False,False,False,False,False,0,0,0,0,0,2022-03-04,"['https://yourcharityauction.com/auction.php?a=3249&ca=72777b', 'https://www.paypal.com/donate?campaign_id=UAWE7SVVH9YWU', 'https://airtable.com/shrw2xeCbwwFYd6wv', 'https://sharedetroit.org/donate?nonprofit=378', 'https://www.squarespace.com']"
104.86,1,0,0,0,25,2,48.5,21.5,0.0,0.5,0,0,0,0,0.05,16,0.0,0,0,0,0,0,0,1,0,1,0,0,0,0,0,0,0,0,shastaforukraine.org,org,https://www.shastaforukraine.org,200,1,False,200,False,False,False,False,False,False,0,0,0,0,0,2022-04-28,"['https://www.moralthemes.com', 'https://www.facebook.com/Shasta-for-Ukraine-Redding-CA-103821539066288']"
97.88,0,0,0,0,6,1,134.0,0.0,0.0,0.0,0,0,0,0,0.01,17,0.0,0,0,0,0,0,0,1,0,0,0,2,2,2,0,0,2,0,shelterforukraine.be,be,https://www.shelterforukraine.be,200,1,False,200,False,False,False,False,False,False,0,0,0,0,0,2022-02-27,['https://www.google.com/url?q=https%3A%2F%2Fwww.facebook.com%2Fgroups%2F595182390868019%2F&sa=D&sntz=1&usg=AOvVaw20giZaDhpOi48YIoy9W5KM']
55.18,1,1,1,1,1,9,62.67,35.45,0.0,0.11,0,1,1,0,0.29,13,0.0,0,0,0,0,0,0,0,0,1,0,2,2,2,0,2,2,0,shieldukraine.us,us,https://www.shieldukraine.us,200,0,False,302,False,False,False,False,False,False,0,0,0,0,0,2022-04-05,"['https://cee.illinois.edu/directory/profile/romanmax', 'https://sc.edu/study/colleges_schools/artsandsciences/physics_and_astronomy/our_people/directory/monin_alexander.php', 'https://www.universiteitleiden.nl/en/science/leiden-science-for-ukraine/fundraiser-for-life-saving-equipment', 'https://www.comebackalive.in.ua', 'https://bank.gov.ua/en/news/all/natsionalniy-bank-vidkriv-spetsrahunok-dlya-zboru-koshtiv-na-potrebi-armiyi', 'https://ukrainianpatriot.org', 'https://www.paypal.com/donate/?hosted_button_id=L2GH6RSLNCMAU', 'https://www.zellepay.com', 'https://www.facebook.com/shieldukraine']"
62.9,1,0,0,0,2,1,38.0,0.0,0.0,0.0,0,0,0,0,0.16,13,0.0,2,0,0,0,0,0,1,0,1,0,0,0,0,0,0,0,0,ship-to-ukraine.com,com,https://www.ship-to-ukraine.com,200,0,False,200,False,False,False,False,True,False,55,0,0,0,0,2022-06-30,['https://wordpress.com/?ref=coming_soon']
1.07,1,0,0,0,1,0,0.0,0.0,0.0,0.0,0,0,0,0,0.16,14,0.0,0,0,0,0,0,0,1,0,0,1,1,1,1,1,1,1,1,shopforukraine.com,com,https://www.shopforukraine.com,200,0,False,200,False,True,False,False,True,False,88,0,0,0,0,2022-03-01,[]
156.64,1,0,0,0,3,2,30.5,0.5,0.0,1.0,0,0,0,0,0.16,15,0.0,0,0,0,0,0,0,0,0,1,0,0,0,0,0,0,0,0,shopfromukraine.com,com,https://www.shopfromukraine.com,-1,0,False,200,False,False,False,False,False,False,0,0,0,0,0,2022-07-10,"['https://facebook.com/mycompany', 'https://instagram.com/mycompany']"
7.5,1,0,0,0,1,9,45.44,28.01,0.0,0.11,0,0,0,0,0.16,19,0.0,0,0,0,0,1,0,1,0,0,0,2,2,2,0,2,2,0,shopsmartforukraine.com,com,https://www.shopsmartforukraine.com,200,0,False,200,False,False,False,False,True,False,55,0,0,0,0,2022-04-11,"['https://chrome.google.com/webstore/detail/shop-smart-for-ukraine-ex/ngfgombhdjlpfedchgplbooeondfmeel', 'https://www.tikvaodessa.org', 'https://wck.org', 'https://www.hias.org', 'https://www.pah.org.pl/en', 'https://www.sos-childrensvillages.org/where-we-help/europe/ukraine', 'https://razomforukraine.org', 'https://www.justgiving.com/fundraising/cookforukraine', 'https://www.facebook.com/sharer/sharer.php?u=https://shopsmartforukraine.com']"
206.27,1,0,0,0,9,1,25.0,0.0,0.0,1.0,0,0,1,0,0.01,11,0.0,1,0,0,0,0,0,0,0,0,1,0,0,0,0,0,0,1,shop-ukraine.de,de,https://www.shop-ukraine.de,200,0,False,200,False,False,False,False,True,False,82,0,0,0,0,2022-07-03,['https://www.instagram.com']
51.24,1,0,0,0,38,2,104.0,82.0,0.0,0.0,0,0,0,0,0.05,13,0.0,0,0,0,0,0,0,0,0,1,0,2,2,2,0,0,2,0,shopukrainian.org,org,https://www.shopukrainian.org,200,0,False,200,False,False,False,False,True,False,55,0,0,0,0,2022-04-25,"['https://www.eventbrite.com/e/pavlo-gintov-concert-tickets-780987433437?utm-campaign=social&utm-content=attendeeshare&utm-medium=discovery&utm-term=listing&utm-source=cp&aff=ebdsshcopyurl', 'https://nix-united.com']"
0.16,1,0,0,0,1,0,0.0,0.0,0.0,0.0,0,0,0,0,0.03,15,0.062,0,0,0,0,0,1,0,1,1,0,1,1,1,1,1,1,1,sikharmy4ukraine.uk,uk,https://www.sikharmy4ukraine.uk,200,1,False,200,False,False,False,False,True,False,75,0,0,0,0,2022-03-02,[]
26.93,1,0,0,0,1,4,112.25,23.79,0.0,0.75,0,0,0,0,0.03,19,0.05,0,0,0,0,0,1,0,1,1,0,2,2,2,0,2,2,1,sikhfighters4ukraine.uk,uk,https://www.sikhfighters4ukraine.uk,200,0,False,200,False,False,False,False,True,False,75,0,0,0,0,2022-03-03,"['https://api.whatsapp.com/send?text=khalistanfundsaap.in%0Ahttps%3A%2F%2Fwww.sikhfighters4ukraine.uk%2F', 'https://twitter.com/intent/tweet/?text=khalistanfundsaap.in%0Ahttps%3A%2F%2Fwww.sikhfighters4ukraine.uk%2F', 'https://www.facebook.com/sharer/sharer.php?u=https%3A%2F%2Fwww.sikhfighters4ukraine.uk%2F', 'https://telegram.me/share/url?url=https%3A%2F%2Fwww.sikhfighters4ukraine.uk%2F&t1ext=khalistanfundsaap.in%0Ahttps%3A%2F%2Fwww.sikhfighters4ukraine.uk%2F']"
26.93,1,0,0,0,1,4,112.25,23.79,0.0,0.75,0,0,0,0,0.03,19,0.05,0,0,0,0,0,0,0,1,1,0,2,2,2,0,0,2,1,sikhregiment4ukraine.uk,uk,https://www.sikhregiment4ukraine.uk,200,0,False,200,False,False,False,False,True,False,75,0,0,0,0,2022-03-08,"['https://api.whatsapp.com/send?text=khalistanfundsaap.in%0Ahttps%3A%2F%2Fwww.sikhregiment4ukraine.uk%2F', 'https://twitter.com/intent/tweet/?text=khalistanfundsaap.in%0Ahttps%3A%2F%2Fwww.sikhregiment4ukraine.uk%2F', 'https://www.facebook.com/sharer/sharer.php?u=https%3A%2F%2Fwww.sikhregiment4ukraine.uk%2F', 'https://telegram.me/share/url?url=https%3A%2F%2Fwww.sikhregiment4ukraine.uk%2F&t1ext=khalistanfundsaap.in%0Ahttps%3A%2F%2Fwww.sikhregiment4ukraine.uk%2F']"
607.7,1,0,0,0,7,2,43.5,7.5,0.0,1.0,0,0,0,0,0.01,11,0.0,0,0,0,0,0,0,0,0,0,0,0,0,0,0,0,0,0,sisuukraine.fi,fi,https://www.sisuukraine.fi,200,0,False,200,False,False,False,False,False,False,0,0,0,0,0,2022-05-06,"['https://www.facebook.com/sisuukraine', 'https://www.linkedin.com/company/sisu-ukraine/about']"
33.32,1,0,0,0,1,8,40.25,18.29,0.0,0.5,0,0,0,0,0.03,11,0.083,0,0,0,0,0,0,0,1,1,0,2,2,2,0,2,2,0,sjog4ukraine.uk,uk,https://www.sjog4ukraine.uk,200,0,False,200,False,False,False,False,False,False,0,0,0,0,0,2022-05-02,"['https://sjog.uk/about.php', 'https://www.justgiving.com/campaign/sjog4ukraine', 'https://www.amazon.co.uk/hz/wishlist/ls/1F5PMNE16HUDJ?ref_=wl_share', 'https://www.facebook.com/SJOGUK', 'https://twitter.com/SJOG_uk', 'https://www.instagram.com/sjog_uk', 'https://www.linkedin.com/company/saint-john-of-god-hospitaller-services', 'http://www.oh-fbf.it']"
363.2,1,0,0,0,2,11,37.18,14.46,0.0,0.45,0,0,0,0,0.03,19,0.0,1,0,0,0,0,0,1,0,1,0,0,0,0,0,0,0,0,sjog-homesforukraine.uk,uk,https://www.sjog-homesforukraine.uk,200,0,False,200,False,False,False,False,False,False,40,0,0,0,0,2022-05-13,"['https://www.facebook.com/sjoghomesforukraine', 'http://sjog-rentalsforukraine.uk', 'https://www.csan.org.uk', 'https://www.thederwentgroup.com/about-us/ag-foundation', 'https://www.youtube.com/watch?v=1CSsw-i_j6c', 'https://forms.office.com/r/DFYUneZ7nC', 'https://twitter.com/SJOG_uk', 'https://www.instagram.com/sjog_uk', 'https://www.linkedin.com/company/saint-john-of-god-hospitaller-services', 'https://sjog.uk/about.php', 'http://www.oh-fbf.it']"
71.28,1,0,0,0,8,4,44.0,7.65,0.0,1.0,0,0,0,0,0.01,12,0.0,0,0,1,0,0,0,0,0,0,0,0,0,0,0,2,0,0,slavaukraine.fund,fund,https://www.slavaukraine.fund,200,0,False,200,False,False,False,False,False,False,0,0,0,0,0,2022-03-14,"['https://www.facebook.com/slavaukrainefund', 'https://twitter.com/GloryTo50037685', 'https://www.instagram.com/slava_ukraine_fund', 'https://www.youtube.com/channel/UCgKTYEiSdZSYk0eQ-zqD_bA']"
120.86,1,0,0,0,65,3,40.67,3.09,0.0,0.67,0,0,0,0,0.13,12,0.0,0,0,0,0,0,0,0,0,0,0,0,0,0,0,0,0,1,slavaukraine.net,net,https://www.slavaukraine.net,200,0,False,403,False,False,False,False,True,False,75,0,0,0,0,2022-07-22,"['http://www.facebook.com/slavaukraine.ua', 'http://www.twitter.com/ICFSLAVAUKRAINE', 'https://plus.google.com/101036823619517319118']"
429.68,1,0,0,0,2,5,30.8,7.63,0.2,0.4,0,0,0,0,0.16,14,0.0,0,0,0,0,0,0,0,0,1,0,0,0,0,0,0,0,0,slobodaukraine.com,com,https://www.slobodaukraine.com,200,1,False,200,False,False,False,False,False,False,0,0,0,0,0,2022-05-06,"['http://WWW.OSELYA.ORG', 'https://www.facebook.com/KYBArchitects', 'https://instagram.com/kyb.architects', 'https://www.behance.net/kybarchitects', 'https://pin.it/4JIEHQ7']"
20.47,1,0,0,0,2,4,47.5,14.15,0.0,0.75,0,0,0,0,0.16,9,0.0,0,0,0,0,0,0,0,0,1,0,2,2,2,0,0,2,0,smukraine.com,com,https://www.smukraine.com,200,0,False,200,False,False,False,False,False,False,0,0,0,0,0,2022-07-24,"['https://www.gnnukraine.com', 'https://www.facebook.com/samaritan.ministries.ukraine', 'https://www.instagram.com/samaritan_ministries', 'https://www.youtube.com/channel/UCOtLWQOHLvnD3NjhhIFIhlA/featured']"
227.95,1,1,1,1,6,5,68.0,64.27,0.0,0.6,0,0,0,0,0.05,14,0.0,0,0,0,0,0,0,0,0,1,0,0,0,0,0,0,0,0,sobornaukraine.org,org,https://www.sobornaukraine.org,200,0,False,200,False,False,False,False,False,False,0,0,0,0,0,2022-03-19,"['https://google.com', 'https://assets-global.website-files.com/64fc7f3b5858957e3a51a1ca/65044a0766469c85e22c836c_%D0%A4%D1%96%D0%BD%D0%B0%D0%BD%D1%81%D0%BE%D0%B2%D0%B8%D0%B8%CC%86%20%D0%B7%D0%B2%D1%96%D1%82%202023.xlsx', 'https://www.facebook.com/UkraineSoborna', 'https://www.linkedin.com/company/soborna-ukraine', 'https://www.instagram.com/sobornaukraine']"
250.84,1,0,0,0,95,2,39.0,2.0,0.0,1.0,0,0,1,0,0.08,12,0.0,0,0,0,0,1,0,0,0,1,0,0,0,0,0,0,0,0,sofiaukraine.art,art,https://www.sofiaukraine.art,200,0,False,403,False,False,False,False,False,False,0,0,0,0,0,2022-04-28,"['https://facebook.com/sofiaukraine.art', 'https://www.instagram.com/sofiaukraineart']"
94.07,1,0,0,0,6,5,57.6,19.38,0.0,0.6,0,0,0,0,0.05,35,0.0,3,0,0,0,0,0,0,0,0,0,0,0,0,0,0,0,0,solidarite-ambulanciere-france-ukraine.org,org,https://www.solidarite-ambulanciere-france-ukraine.org,200,0,False,200,False,False,False,False,False,False,0,0,0,0,0,2022-03-17,"['https://www.facebook.com/solidariteambulanciere', 'https://www.instagram.com/solidarite.ambulanciere', 'https://www.linkedin.com/company/solidarit%C3%A9-ambulanciers-france-ukraine', 'https://ambulancier-sans-frontiere.assoconnect.com/collect/description/231007-o-2022', 'http://www.substancesactives.com']"
216.22,1,0,0,0,12,2,61.0,21.0,0.0,1.0,0,0,0,0,0.05,25,0.0,2,0,0,0,0,0,0,0,0,0,0,0,0,0,0,0,0,solidarite-bretagne-ukraine.org,org,https://www.solidarite-bretagne-ukraine.org,200,0,False,301,False,False,False,False,False,False,0,0,0,0,0,2022-05-18,"['https://www.facebook.com/Bretagneukraine', 'https://www.instagram.com/solidarite.bretagne.ukraine/?igshid=MzRlODBiNWFlZA%3D%3D']"
159.6,1,0,0,0,10,3,24.0,6.16,0.0,0.0,0,0,0,0,0.01,17,0.0,0,0,0,0,0,0,0,0,1,0,0,0,0,0,0,0,0,solidariteukraine.ch,ch,https://www.solidariteukraine.ch,200,0,False,200,False,False,False,False,False,False,0,0,0,0,0,2022-03-08,"['https://www.ge.ch', 'https://www.hospicegeneral.ch/fr', 'http://www.devsector.ch']"
139.35,1,0,0,0,24,0,0.0,0.0,0.0,0.0,0,0,0,0,0.03,17,0.0,1,0,0,0,0,0,0,0,0,0,0,0,0,0,0,0,0,solidarite-ukraine.fr,fr,https://www.solidarite-ukraine.fr,200,0,False,200,False,False,False,False,True,False,61,0,0,0,0,2022-03-03,[]
133.38,1,0,0,0,10,8,58.0,23.61,0.12,0.38,1,0,0,0,0.05,21,0.0,1,0,0,0,0,0,0,0,0,0,0,0,0,0,0,0,0,solidarite-ukrainelyon.org,org,https://www.solidarite-ukrainelyon.org,200,0,False,200,False,False,False,False,False,False,0,0,0,0,0,2022-03-23,"['https://www.helloasso.com/associations/solidarite-ukraine-lyon/adhesions/adhesions-2022-23', 'https://www.facebook.com/solidariteukraine.lyon', 'https://twitter.com/SolidariteUL', 'https://www.instagram.com/solidariteukrainelyon', 'https://linktr.ee/solidarite.lyonukraine', 'https://drive.google.com/file/d/1eKiFMLkfzxLWXoZdIjldPfJk-47Ql6Oq/view?usp=sharing', 'https://forms.gle/3Hgf6Njry3QNaLFD7', 'https://solidarite-ukraine-lyon.assoconnect.com/collect/description/362865-k-adhesion-22-23']"
67.38,1,0,0,0,14,4,135.0,109.87,0.0,0.25,0,0,0,0,0.01,22,0.0,2,0,0,0,0,0,0,0,1,0,2,2,2,0,0,2,0,solidarite-ukraine-namur.be,be,https://www.solidarite-ukraine-namur.be,200,0,False,200,False,False,False,False,False,False,0,0,0,0,0,2022-03-09,"['https://www.facebook.com/Solidarit%C3%A9-Ukraine-Namur-110607531571250', 'https://www.lavenir.net/regions/namur/2023/04/11/solidarite-ukraine-namur-les-ecoliers-ukrainiens-ont-besoin-dordinateurs-et-de-materiel-scolaire-HRT3ETMUVZANVOWCSLF4YN6FKU/?utm_content=namur&utm_medium=organic_social&utm_source=Facebook&fbclid=IwAR06Nb-XGMCrX932HOxfTHYkOOkuCsoAkt4MmCfoNIggKMdtNr2gb4P4Zgw#Echobox=1681234672', 'https://%20https://www.facebook.com/Solidarit%C3%A9-Ukraine-Namur-110607531571250', 'https://www.themeseye.com/wordpress/free-charity-wordpress-theme']"
10.41,1,0,0,0,3,1,49.0,0.0,0.0,1.0,0,0,1,0,0.06,21,0.0,0,0,0,0,0,0,0,0,1,0,2,2,2,0,2,2,0,solidaritywithukraine.eu,eu,https://www.solidaritywithukraine.eu,200,0,False,200,False,False,False,False,False,False,0,0,0,0,0,2022-03-07,['https://www.instagram.com/solidarity.with.ukraine']
143.82,1,0,0,0,4,2,124.5,46.5,0.0,0.0,0,0,0,0,0.03,12,0.0,0,0,0,0,0,0,0,0,0,0,2,0,0,0,0,0,0,solidukraine.fr,fr,https://www.solidukraine.fr,-1,0,False,200,False,False,False,False,True,False,61,0,0,0,0,2022-03-08,"['https://www.helloasso.com/associations/evreux-solidarite-ukraine/formulaires/1', 'https://www.lemonde.fr/international/live/2024/04/11/en-direct-guerre-en-ukraine-l-onu-condamne-la-tendance-cruelle-des-doubles-frappes-russes-en-ukraine_6226399_3210.html']"
764.83,1,0,0,0,6,3,53.33,34.12,0.0,0.67,0,0,0,0,0.16,10,0.0,0,0,0,0,0,0,0,0,1,0,0,0,0,0,0,0,0,solukraine.com,com,https://www.solukraine.com,404,0,False,200,False,False,False,False,False,False,0,0,0,0,0,2022-03-23,"['http://www.facebook.com', 'https://www.instagram.com/solukraine', 'https://next.privat24.ua/payments/form/%7B%22token%22%3A%22f6d0c158-77a4-4eb1-88a3-12952e7f7881%22%7D']"
529.69,1,0,0,0,2,4,65.75,57.37,0.25,0.25,0,0,0,0,0.05,21,0.0,0,0,0,1,0,0,1,0,1,0,0,0,0,0,0,0,0,somersetaidforukraine.org,org,https://www.somersetaidforukraine.org,404,0,False,200,False,False,False,False,False,False,0,0,0,0,0,2022-05-27,"['https://www.facebook.com/groups/275278844787356', 'https://gofund.me/81ff9613', 'https://www.gofundme.com/f/medics4ukraine??_gl=1*1hfenx7*_up*MQ..&gclid=Cj0KCQiAoKeuBhCoARIsAB4WxtfJjJEKUd4nkmN0JptW9IEShenNITaM-7eGXXjWmRFRmmsbQHDjtP8aAgR0EALw_wcB', 'http://reflexmedical.co.uk']"
1.67,1,0,0,0,1,0,0.0,0.0,0.0,0.0,0,0,0,1,0.12,23,0.0,0,0,0,1,0,0,0,0,1,0,1,1,1,1,1,1,1,somersetsupportsukraine.co.uk,co.uk,https://www.somersetsupportsukraine.co.uk,-1,0,False,200,False,False,False,False,True,False,75,0,0,0,0,2022-03-16,[]
44.54,1,0,0,0,1,4,31.5,7.5,0.0,0.25,0,0,0,0,0.16,11,0.083,0,0,0,0,0,0,0,1,1,0,0,2,2,0,2,2,1,song4ukraine.com,com,https://www.song4ukraine.com,200,0,False,200,False,False,False,False,True,False,78,0,0,0,0,2022-04-21,"['https://edwoodsmastering.com', 'https://www.dombrown.com/rockwoodstudios', 'https://www.instagram.com/alex_miles_', 'https://www.kinobe.uk']"
298.93,0,1,0,0,12,0,0.0,0.0,0.0,0.0,0,0,0,0,0.55,10,0.0,0,0,0,0,0,0,0,0,0,0,0,0,0,0,0,0,0,sosukraine.info,info,https://www.sosukraine.info,200,0,False,200,False,False,False,False,True,False,55,0,0,0,0,2022-04-07,[]
152.44,1,0,0,0,7,1,22.0,0.0,0.0,0.0,0,0,0,0,0.01,10,0.0,1,0,0,0,0,0,0,0,1,0,0,0,0,0,0,0,0,sos-ukraine.nl,nl,https://www.sos-ukraine.nl,200,0,False,200,False,False,False,False,False,False,0,0,0,0,0,2022-03-14,['https://sdvservices.nl']
28.94,1,0,0,0,1,4,39.75,14.77,0.0,0.0,0,0,0,0,0.03,17,0.0,0,0,0,0,0,0,0,0,0,0,2,2,2,0,0,2,0,soutenonslukraine.fr,fr,https://www.soutenonslukraine.fr,200,0,False,200,False,False,False,False,False,False,0,0,0,0,0,2022-03-04,"['http://flowbase.co/clone', 'https://protiming.fr/runnings/register/6280/14122/display:iframe', 'https://www.pompiers-solidaires.org', 'https://www.actions-sante-femmes.org']"
29.76,0,0,0,0,5,5,79.2,45.15,0.0,0.8,0,0,0,0,0.03,14,0.0,0,0,0,0,0,0,0,0,1,0,2,2,2,0,0,2,0,soutienukraine.fr,fr,https://www.soutienukraine.fr,200,0,False,200,False,False,False,False,True,False,35,0,0,0,0,2022-02-27,"['https://fr.isupportukraine.eu', 'https://www.facebook.com/sharer/sharer.php?u=https%3A%2F%2Fisupportukraine.eu', 'https://twitter.com/intent/tweet?text=https://isupportukraine.eu&original_referer=https://en.isupportukraine.eu/&original_referer=https://en.isupportukraine.eu', 'https://api.whatsapp.com/send/?phone&text=https%3A%2F%2Fisupportukraine.eu&app_absent=0', 'https://www.instagram.com/isupportukraine.eu']"
49.17,1,0,0,0,21,3,79.33,1.7,0.0,0.67,0,0,0,0,0.03,21,0.0,2,0,0,0,0,0,0,0,0,0,2,2,2,0,0,2,0,soutien-ukraine-devinci.fr,fr,https://www.soutien-ukraine-devinci.fr,-1,0,False,403,False,False,False,False,True,False,55,0,0,0,0,2022-03-31,"['https://www.facebook.com/sharer.php?u=https%3A%2F%2Fsoutien-ukraine-devinci.fr%2F', 'https://twitter.com/intent/tweet?url=https%3A%2F%2Fsoutien-ukraine-devinci.fr%2F', 'https://plus.google.com/share?url=https%3A%2F%2Fsoutien-ukraine-devinci.fr%2F']"
215.5,1,0,0,0,11,20,75.15,27.06,0.0,0.2,1,1,0,0,0.05,9,0.1,0,0,0,0,0,0,0,1,1,0,0,0,0,0,0,0,0,sp4ukraine.org,org,https://www.sp4ukraine.org,200,1,False,200,False,False,False,False,False,False,0,0,0,0,0,2022-04-21,"['https://www.instagram.com/sp4ukraine', 'https://twitter.com/SP4URachel', 'https://www.facebook.com/SafePassage4Ukraine', 'https://www.linkedin.com/company/safe-passage-4-ukraine', 'https://docs.google.com/forms/d/e/1FAIpQLSd6qY_iiPhXYAdDUVvylyO9m6-FEdPCWd_XhYa5bqPCEHaWQQ/viewform', 'https://miles4migrants.org/sp4u', 'https://www.paypal.com/donate/?hosted_button_id=29QFSWLFD5WP2#', 'https://www.spotfund.com/story/18a574a5-81f2-491a-95b2-a8376b3006e7?SFID=SafePassage4Ukraine', 'https://www.bonfire.com/store/protect-a-volunteer-safe-passage-4-ukraine', 'https://www.lbbonline.com/news/ukrainian-hero-igor-veselukha-saves-lives-through-guerilla-charity-safe-passage-4-ukraine', 'https://www.reuters.com/world/after-treatment-us-military-hospital-volunteers-ukraine-return-fight-2023-10-12', 'https://www.nytimes.com/2024/01/14/world/europe/ukraine-russia-war-elderly.html', 'https://au.rollingstone.com/music/music-features/unbreakable-spirit-ukraine-musicians-45422', 'https://www.thestar.com/news/canada/2022/07/30/safe-in-canada-a-young-ukraine-war-widow-now-has-time-to-grieve.html', 'https://nyunews.com/news/2022/09/07/nyu-instructor-organization-relocates-ukrainians', 'https://www.telegraphherald.com/news/tri-state/article_379c7e03-3393-5c84-b72f-dca57ef4921d.html', 'https://milestalk.com/help-a-ukrainian-with-miles-points', 'https://www.cbsnews.com/newyork/news/kind-deeds-prosthetic-legs-new-jersey-new-york', 'https://katapult-ukraine.com/artikel/his-story-is-in-ukraine-hers-is-with-their-family-at-home', 'https://open.spotify.com/episode/0HeIu1O19dpEbCEIdTqjMq']"
50.16,1,0,0,0,2,1,139.0,0.0,0.0,0.0,0,0,0,0,0.16,17,0.0,0,0,0,0,0,0,0,0,1,0,2,2,2,0,0,2,0,speakingukrainian.com,com,https://www.speakingukrainian.com,200,1,False,200,False,False,False,False,True,False,55,0,0,0,0,2022-05-12,['https://www.godaddy.com/websites/website-builder?isc=pwugc&utm_source=wsb&utm_medium=applications&utm_campaign=en-us_corp_applications_base']
202.57,1,0,0,0,2,5,49.2,25.76,0.0,0.2,0,0,0,0,0.16,15,0.0,0,0,0,0,0,0,0,0,1,0,0,0,0,0,0,0,0,spellingukraine.com,com,https://www.spellingukraine.com,200,0,False,200,False,False,False,False,True,False,55,0,0,0,0,2022-03-14,"['https://github.com/Tyrrrz/SpellingUkraine/tree/05c227c', 'https://discord.com/api/oauth2/authorize?client_id=1065742890820706406&permissions=3072&scope=bot', 'https://reddit.com/u/SpellingUkraine', 'https://twitter.com/SpellingUkraine', 'https://tyrrrz.me/donate']"
40.7,1,0,0,0,17,11,30.36,14.54,0.09,0.0,1,1,1,0,0.01,21,0.0,1,0,0,0,0,0,0,0,0,0,2,2,2,0,2,2,0,spendenbruecke-ukraine.de,de,https://www.spendenbruecke-ukraine.de,-1,0,False,200,False,False,False,False,False,False,0,0,0,0,0,2022-03-05,"['https://projects.flexhero.de/projects/fYCEYJ0Qodcr0gtAfCvy', 'https://forms.gle/YvRgQYq9dXCowb8X7', 'https://ebay.spendensenden.de', 'https://www.paypal.com/donate/?hosted_button_id=3MEJSNFNGY6VE', 'https://www.tentaja.de', 'https://berlin.dlrg.de', 'https://curator.io', 'https://www.hangar1.de', 'https://tamaja.de', 'https://www.thf-berlin.de', 'https://www.sofa53neun.de']"
0.21,1,0,0,0,1,0,0.0,0.0,0.0,0.0,0,0,1,0,0.01,18,0.0,1,0,0,0,0,0,0,0,0,0,1,1,1,1,1,1,0,spendenlauf-ukraine.de,de,https://www.spendenlauf-ukraine.de,200,0,False,200,False,False,False,False,False,False,0,0,0,0,0,2022-03-07,[]
15.53,0,0,0,0,21,6,76.83,54.1,0.0,0.0,0,0,1,0,0.01,21,0.0,1,0,0,0,0,0,0,0,0,0,2,2,2,0,0,2,0,spendensendung-ukraine.de,de,https://www.spendensendung-ukraine.de,200,0,False,200,False,False,False,False,False,False,0,0,0,0,0,2022-03-09,"['https://www.aktionsbuendnis-katastrophenhilfe.de/static/Rueckblick-2022', 'http://www.fundraisingbox.com', 'http://www.caritas-international.de/direktspende', 'https://www.drk.de/spenden/privatperson-spenden/jetzt-spenden/?utm_source=referral&utm_medium=referral&utm_campaign=r-drk-katastrophe&utm_content=spenden&utm_term=erdbeben_marokko&partnerid=01', 'https://www.diakonie-katastrophenhilfe.de/spenden/spenden.php?s=150&p=F-DK0255', 'https://www.unicef.de/spenden/jetzt-spenden']"
352.27,1,0,0,0,84,2,28.5,10.5,0.0,0.0,0,0,1,0,0.01,13,0.0,1,0,0,0,0,0,0,0,0,0,0,0,0,0,0,0,0,spende-ukraine.de,de,https://www.spende-ukraine.de,200,0,False,200,False,False,False,False,False,False,0,0,0,0,0,2022-03-02,"['https://gaeking.de', 'https://cookiedatabase.org/tcf/purposes']"
62.21,1,0,0,0,26,11,44.64,27.34,0.09,0.55,0,0,0,0,0.16,16,0.0,0,0,0,0,0,0,0,0,1,0,2,2,2,0,0,2,0,spendwithukraine.com,com,https://www.spendwithukraine.com,200,0,False,200,False,False,False,False,True,False,55,0,0,0,0,2022-03-22,"['https://www.instagram.com/spend_with_ukraine', 'https://twitter.com/spendwithua', 'https://www.facebook.com/spendwithukraine', 'https://www.linkedin.com/company/spendwithukraine', 'https://www.ozero.design', 'https://youtu.be/VdnyVMFJNDQ', 'https://www.theguardian.com/world/2022/apr/10/economy-wins-wars-the-projects-helping-shoppers-to-support-ukraine', 'https://www.inc.com/christine-lagorio-chafkin/ukraine-petcube-relief-campaign.html', 'https://www.youtube.com/watch?v=9j_hkAvcGSQ', 'https://empat.tech', 'https://inweb.ua/ua']"
81.14,1,0,0,0,5,1,167.0,0.0,0.0,0.0,0,0,0,1,0.12,15,0.0,0,0,0,0,0,0,1,0,1,1,2,2,2,0,0,2,1,spiritofukraine.co.uk,co.uk,https://www.spiritofukraine.co.uk,200,0,False,200,False,False,False,False,True,False,82,0,0,0,0,2022-04-05,['https://www.google.com/url?q=https%3A%2F%2Fm.facebook.com%2Fprofile.php%3Fid%3D100024752634082%26refid%3D52%26__tn__%3DC-R&sa=D&sntz=1&usg=AOvVaw3qH4PNK-OQZPitAcTUn45i']
62.82,1,0,0,0,4,8,51.5,13.34,0.0,0.5,0,0,0,0,0.05,19,0.0,0,0,0,1,0,0,0,0,1,0,2,2,2,0,0,2,0,spokanehelpsukraine.org,org,https://www.spokanehelpsukraine.org,200,0,False,200,False,False,False,False,False,False,0,0,0,0,0,2022-03-08,"['https://app.easytithe.com/App/Form/69eeb0ee-93cc-4524-a07c-6647c1b246f8', 'https://www.ukrainereliefcoalition.org', 'https://www.estoresbyzome.com/spokane_helps_ukraine_.php', 'https://suncitychurch.churchcenter.com/giving/to/spokane-helps-ukraine', 'https://www.youtube.com/channel/UCkOczr10NvT-WerxRrQZjng', 'https://www.facebook.com/spokanehelpsukraine', 'https://www.instagram.com/spokanehelpsukraine', 'https://twitter.com/SpokaneHelps']"
309.9,1,0,0,0,27,2,102.0,9.0,0.0,0.0,1,1,0,0,0.16,18,0.0,0,0,0,0,0,0,1,0,1,0,0,0,0,0,0,0,0,sponsorsforukraine.com,com,https://www.sponsorsforukraine.com,-1,0,False,200,False,False,False,False,False,False,0,0,0,0,0,2022-05-27,"['https://docs.google.com/forms/d/e/1FAIpQLSexS0pZuvwzwuYo9ncvb2zU2CtpUQSHJW7nSw-UdzfMlIaTSw/viewform?usp=sharing', 'https://www.paypal.com/cgi-bin/webscr?cmd=_s-xclick&hosted_button_id=AHVQG37W34RJA&source=url']"
312.47,0,1,1,1,27,2,102.0,9.0,0.0,0.0,1,1,0,0,0.05,18,0.0,0,0,0,0,0,0,1,0,1,0,0,0,0,0,0,0,0,sponsorsforukraine.org,org,https://www.sponsorsforukraine.org,200,1,False,200,False,False,False,False,False,False,0,0,0,0,0,2022-05-27,"['https://docs.google.com/forms/d/e/1FAIpQLSexS0pZuvwzwuYo9ncvb2zU2CtpUQSHJW7nSw-UdzfMlIaTSw/viewform?usp=sharing', 'https://www.paypal.com/cgi-bin/webscr?cmd=_s-xclick&hosted_button_id=AHVQG37W34RJA&source=url']"
1.07,1,0,0,0,1,0,0.0,0.0,0.0,0.0,0,0,0,0,0.16,14,0.0,0,0,0,0,0,0,0,0,1,0,1,1,1,1,1,1,1,sponsorukraine.com,com,https://www.sponsorukraine.com,-1,0,False,200,True,False,False,False,True,False,99,0,0,0,0,2022-03-03,[]
681.11,1,0,0,0,8,56,33.27,20.24,0.0,0.05,0,0,1,0,0.01,12,0.077,0,0,0,0,0,0,0,1,0,0,0,0,0,0,0,0,0,sport4ukraine.de,de,https://www.sport4ukraine.de,200,0,False,200,False,False,False,False,True,False,55,0,0,0,0,2022-03-01,"['https://www.instagram.com/sport4ukraine', 'https://www.linkedin.com/feed/update/urn:li:activity:6904508349556043776', 'https://www.sport2000.de', 'https://www.sazsport.de', 'https://www.outtra.com', 'https://www.alpenstrand.de', 'https://www.bsi-sport.de', 'https://www.sazbike.de', 'https://www.vds-sportfachhandel.de', 'https://www.socialpals.de', 'https://sportbiz.ch', 'https://www.she-is-outdoors.com', 'https://www.vsso.at', 'https://www.mandel-consulting.com', 'https://chillaz.com', 'https://www.joe-nimble.com', 'https://www.devold.com/de-de', 'https://www.wardow.com', 'https://www.pac-original.de', 'https://www.bergfreunde.de', 'https://www.vaude.com', 'https://www.donic-schildkroet.com', 'https://www.active-sportshop.de', 'https://www.ortlieb.com/de_de', 'https://www.unterwegs.biz', 'https://www.biwak.com', 'https://ziener.com', 'https://www.dynafit.com', 'https://www.biwakschachtel-tuebingen.de', 'https://www.alpin.de', 'https://www.zedler.de/de', 'https://pyua.de', 'https://www.baer-schuhe.de', 'https://www.ebg-data.de', 'https://www.maul-sport.de', 'https://www.paul-lange.de', 'https://www.sport-thieme.de', 'https://www.jako.de', 'https://www.mtb-news.de', 'https://laufundberg-koenig.de', 'https://www.dzb-bank.de', 'https://www.sidas.com/de', 'https://www.wechsel-tents.de', 'https://stelp.eu/spenden', 'https://www.youtube.com/watch?v=QLqZVnhItMs', 'https://linktr.ee/Ukraine_MUC', 'https://www.aktion-deutschland-hilft.de/en/donate/donate/?fb_item_id=45975', 'https://spenden.entwicklung-hilft.de/?buendnis-entwicklung-hilft-gemeinsam-fuer-menschen-in-not-e-v-2/spende', 'https://www.drk.de/en/donate/donate-online', 'https://www.athletes-for-ukraine.org/en', 'https://donate.unhcr.org/int/en/ukraine-emergency', 'https://donate.savethechildren.org/en/donate/emergency-ukraine', 'https://www.caritas.at/spenden-helfen/auslandshilfe/katastrophenhilfe/laender-brennpunkte/ukraine', 'https://www.roteskreuz.at/spende-nachbar-in-not', 'https://medeor.de', 'https://www.europeanoutdoorgroup.com/articles/ukraine-humanitarian-support-from-the-outdoor-industry']"
380.43,1,0,0,0,1,1,106.0,0.0,0.0,0.0,0,0,0,0,0.05,25,0.0,0,0,0,0,0,0,1,0,1,0,0,0,0,0,0,0,1,sportforchildrenofukraine.org,org,https://www.sportforchildrenofukraine.org,403,0,False,200,True,False,False,False,True,False,77,0,0,0,0,2022-03-19,['https://www.mijndomein.nl/?utm_source=parked_domain&utm_medium=domein&utm_campaign=parked_domain_referrals']
15.37,1,0,0,0,5,15,30.27,11.4,0.0,0.0,0,0,0,0,0.05,15,0.0,0,0,0,0,0,0,1,0,1,0,2,2,2,0,2,2,0,sportforukraine.org,org,https://www.sportforukraine.org,200,0,False,200,False,False,False,False,True,False,55,0,0,0,0,2022-05-18,"['https://irts.isca.org', 'https://ec.europa.eu/info/index_en', 'https://www.unhcr.org', 'https://www.warchildholland.org/intervention-teamup', 'https://www.football-alliance.org/scort', 'https://olympics.com/ioc/olympic-refuge-foundation', 'https://www.laureus.com', 'https://www.ijf.org', 'https://www.fifa.com/social-impact/fifa-foundation', 'https://www.farenet.org', 'https://www.paralympic.org', 'https://www.engso.eu', 'https://uefafoundation.org', 'https://www.specialolympics.org', 'https://www.efdn.org']"
227.55,1,0,0,0,29,9,41.56,12.96,0.0,0.56,0,0,0,0,0.16,16,0.0,0,0,0,0,0,0,0,0,1,0,0,0,0,0,0,0,0,spotlightukraine.com,com,https://www.spotlightukraine.com,200,0,False,200,False,False,False,False,True,False,35,0,0,0,0,2022-03-07,"['https://www.facebook.com/SpotlightUkraineBlog', 'https://twitter.com/SpotlightUKR', 'https://www.linkedin.com/company/79975042/admin', 'https://www.instagram.com/spotlightukraine/?hl=en', 'https://www.youtube.com/channel/UCdGHUfuG4GXQnA1BDAYHLkw', 'https://www.bonfire.com/freedom-campaign-to-support-ukraine-3', 'https://donate.wck.org/spotlightukraine', 'https://dignitas.fund', 'https://unwla.org/donate']"
783.17,1,0,0,0,4,7,39.86,9.42,0.0,0.57,0,0,0,0,0.16,18,0.0,0,0,0,1,0,0,0,0,1,0,0,0,0,0,0,0,0,srqsupportsukraine.com,com,https://www.srqsupportsukraine.com,200,0,False,200,False,False,False,False,True,False,55,0,0,0,0,2022-03-03,"['http://www.kievdelisarasota.com', 'https://www.facebook.com/AndrickandAssociates', 'https://twitter.com/AndrickMail', 'https://www.linkedin.com/company/andrick-&-associates-inc.', 'https://www.instagram.com/andrickandassociates', 'http://www.andrickandassociates.com', 'http://www.SRQSupportsUkraine.com']"
0.11,1,0,0,0,1,0,0.0,0.0,0.0,0.0,0,0,0,0,0.05,15,0.0,0,0,0,1,0,0,1,0,0,1,1,1,1,1,1,1,1,standforukraine.org,org,https://www.standforukraine.org,200,1,False,200,True,False,False,False,True,False,90,0,0,0,0,2022-02-26,[]
1865.29,1,0,0,0,16,4,40.75,10.76,0.0,1.0,0,0,0,0,0.05,18,0.0,0,0,0,1,0,0,1,0,1,0,0,0,0,0,0,0,0,standforukrainebnh.org,org,https://www.standforukrainebnh.org,200,0,False,200,False,False,False,False,False,False,0,0,0,0,0,2022-02-28,"['https://www.youtube.com/channel/UCxOiGmcNjxSg_vnVgZjIiZw', 'https://www.facebook.com/StandForUkraineBnH', 'https://www.instagram.com/4ukraine_bnh', 'https://twitter.com/S4UBnh']"
0.11,1,0,0,0,1,0,0.0,0.0,0.0,0.0,0,0,0,0,0.16,18,0.0,0,0,0,1,0,0,0,0,0,0,1,1,1,1,1,1,1,standstrongukraine.com,com,https://www.standstrongukraine.com,200,1,False,200,True,False,False,False,True,False,90,0,0,0,0,2022-03-01,[]
13.2,1,0,0,0,1,1,101.0,0.0,0.0,0.0,0,0,0,0,0.16,12,0.0,0,0,0,1,0,0,0,0,1,1,2,2,2,0,2,2,0,standukraine.com,com,https://www.standukraine.com,200,0,False,200,False,False,False,False,False,False,0,0,0,0,0,2022-03-01,['https://www.udemy.com/course/algotrading-for-beginners-with-technical-analysis/?instructorPreviewMode']
1.19,1,0,0,0,1,0,0.0,0.0,0.0,0.0,0,0,0,0,0.05,14,0.0,0,0,0,1,0,0,0,0,1,0,1,1,1,1,1,1,1,standupukraine.org,org,https://www.standupukraine.org,-1,0,False,200,True,False,False,False,True,False,95,0,0,0,0,2022-03-03,[]
5.13,1,0,0,0,1,0,0.0,0.0,0.0,0.0,0,0,0,0,0.16,19,0.0,0,0,0,1,0,0,0,0,1,0,1,1,1,1,1,1,0,standwiththeukraine.com,com,https://www.standwiththeukraine.com,-1,0,False,200,False,False,False,False,True,False,55,0,0,0,0,2022-04-15,[]
1081.33,1,0,0,0,11,3,33.33,11.15,0.0,0.33,0,0,0,0,0.05,16,0.0,0,0,0,1,0,0,0,0,0,0,0,0,0,0,0,0,0,standwithukraine.app,app,https://www.standwithukraine.app,200,1,False,200,False,False,False,False,True,False,55,0,0,0,0,2022-02-28,"['https://warcrimes.gov.ua', 'https://www.green-change.ch', 'https://www.linkedin.com/company/standwithukraine']"
35.69,1,0,0,0,2,2,73.5,32.5,0.0,0.0,0,0,0,1,0.12,16,0.0,0,0,0,1,0,0,0,0,0,1,2,2,2,0,2,2,1,standwithukraine.co.uk,co.uk,https://www.standwithukraine.co.uk,200,1,False,200,True,False,False,False,True,False,99,0,0,0,0,2022-02-26,"['https://dan.com/?utm_campaign=Parking&utm_medium=parking&utm_source=.co.uk&utm_term=standwithukraine.co.uk', 'https://www.trustpilot.com/review/dan.com']"
57.38,0,0,0,0,1,1,41.0,0.0,0.0,0.0,0,0,0,0,0.03,16,0.0,2,0,0,1,0,0,0,0,1,0,0,0,0,0,2,0,0,stand-with-ukraine.fr,fr,https://www.stand-with-ukraine.fr,200,0,False,200,False,False,False,False,False,False,0,0,0,0,0,2022-05-13,['https://wordpress.com/fr/?ref=coming_soon']
245.55,0,0,0,0,1,3,36.0,4.24,0.33,1.0,0,0,0,0,0.0,16,0.0,0,0,0,1,0,0,0,0,0,0,0,0,0,0,0,0,0,standwithukraine.how,how,https://www.standwithukraine.how,200,0,False,200,False,False,False,False,False,False,0,0,0,0,0,2022-02-27,"['https://www.instagram.com/stanford.ukraine', 'https://t.me/StandWithUkraineLive', 'https://twitter.com/IgorBarakaiev']"
45.75,1,0,0,0,2,2,70.5,29.5,0.0,0.0,0,0,0,0,0.02,16,0.0,0,0,0,1,0,0,0,0,0,1,2,2,2,0,2,2,1,standwithukraine.io,io,https://www.standwithukraine.io,-1,0,False,200,True,False,False,False,True,False,99,0,0,0,0,2022-02-26,"['https://dan.com/?utm_campaign=Parking&utm_medium=parking&utm_source=.io&utm_term=standwithukraine.io', 'https://www.trustpilot.com/review/dan.com']"
1.2,1,0,0,0,1,0,0.0,0.0,0.0,0.0,0,0,0,0,0.11,16,0.0,2,0,0,1,0,0,0,0,0,0,1,1,1,1,1,1,1,stand-with-ukraine.me,me,https://www.stand-with-ukraine.me,-1,0,False,200,False,False,False,False,True,False,95,0,0,0,0,2022-03-02,[]
9.69,1,1,1,0,7,24,36.79,23.74,0.0,0.0,0,0,1,1,2.63,16,0.0,2,0,0,1,0,0,0,0,1,0,2,1,2,0,2,2,1,stand-with-ukraine.pp.ua,pp.ua,https://www.stand-with-ukraine.pp.ua,200,0,False,200,False,True,False,False,True,False,91,0,0,0,0,2022-03-07,"['https://bank.gov.ua/en/news/all/natsionalniy-bank-vidkriv-spetsrahunok-dlya-zboru-koshtiv-na-potrebi-armiyi', 'https://u24.gov.ua', 'https://redcross.org.ua/en/donate', 'https://savelife.in.ua/en/donate-en', 'https://prytulafoundation.org/en', 'https://dzygaspaw.com', 'https://www.hospitallers.life/needs-hospitallers', 'https://donor.ua/support', 'https://voices.org.ua/en', 'https://armysos.com.ua/en', 'https://vuf-td.space/en', 'https://www.peopleinneed.net/donate/once', 'https://novaukraine.org/donate', 'https://support.savethechildren.org/site/Donation2?df_id=5746&mfc_pref=T&5746.donation=form1', 'https://www.unicefusa.org/war-ukraine?form=FUNKBHMZQDQ', 'https://kittysoloma.org/en', 'https://wck.org', 'https://unitedhelpukraine.org', 'https://leleka.care', 'https://spgr.org.ua/en/portfolio-items/army_support', 'https://opir.org', 'https://dignitas.fund', 'https://github.com/vshymanskyy/StandWithUkraine#projects-that-standwithukraine', 'https://fightforua.org']"
282.04,1,1,1,0,68,7,34.14,10.78,0.0,0.43,0,0,1,0,0.1,16,0.0,0,0,0,1,0,0,0,0,1,0,0,0,0,0,0,0,0,standwithukraine.today,today,https://www.standwithukraine.today,200,0,False,200,False,False,False,False,True,False,61,0,0,0,0,2022-02-28,"['https://www.facebook.com/standwithukrainetoday', 'https://twitter.com/Ukraine_Stands', 'https://www.instagram.com/ukraine_stands', 'https://www.bellingcat.com', 'https://euvsdisinfo.eu', 'https://liveuamap.com', 'https://audiovisual.ec.europa.eu/en/video/I-219140']"
390.6,1,0,0,0,4,3,52.33,33.04,0.0,0.0,1,0,0,0,0.16,19,0.0,0,0,0,1,0,0,0,0,0,0,0,0,0,0,0,0,0,standwithukraineapp.com,com,https://www.standwithukraineapp.com,200,0,False,200,False,False,False,False,True,False,55,0,0,0,0,2022-05-18,"['https://www.bigcommerce.com', 'https://pay.fondy.eu/s/fMnXeFNi', 'https://docs.google.com/forms/d/e/1FAIpQLScF3VX6Q1GctTWHBzCdKQllsTISdutgT-8KDU3OKySgRbHzBA/viewform']"
62.61,1,0,0,0,21,5,43.6,8.87,0.2,1.0,0,0,0,0,0.16,22,0.0,0,0,0,1,0,0,0,0,0,0,0,2,2,0,0,0,0,standwithukraineeurope.com,com,https://www.standwithukraineeurope.com,200,0,False,200,False,False,False,False,False,False,0,0,0,0,0,2022-03-16,"['https://www.facebook.com/StandWithUkraineEurope', 'https://www.instagram.com/standwithukraineeurope', 'https://t.me/StandWithUkraineEurope', 'https://twitter.com/UkraineStand', 'https://www.youtube.com/channel/UC5_Itu-dIDe6nZ7CumxTcYg']"
156.83,1,0,0,0,13,3,40.33,4.99,0.0,1.0,0,0,0,0,0.05,20,0.0,0,0,1,1,0,0,0,0,1,0,0,0,0,0,0,0,0,standwithukrainefund.org,org,https://www.standwithukrainefund.org,200,0,False,200,False,False,False,False,False,False,0,0,0,0,0,2022-03-02,"['https://www.facebook.com/DAARFoundation', 'https://www.linkedin.com/company/daarfoundation', 'http://instagram.com/daarfoundation']"
101.98,1,0,0,0,12,3,35.67,11.12,0.0,0.67,0,0,0,0,0.16,18,0.0,0,0,0,1,0,0,0,0,0,0,0,0,0,0,0,0,0,standwithukrainemn.com,com,https://www.standwithukrainemn.com,200,0,False,200,False,False,False,False,False,False,0,0,0,0,0,2022-03-02,"['https://www.facebook.com/UACCMN', 'https://www.instagram.com/standwithukrainemn/?hl=en', 'https://www.bumpopera.com']"
123.57,1,0,0,0,7,4,29.0,4.95,0.0,0.25,0,0,0,0,0.05,19,0.0,0,0,0,1,0,0,0,0,0,0,0,0,0,0,0,0,0,standwithukrainenow.org,org,https://www.standwithukrainenow.org,200,0,False,200,False,False,False,False,True,False,55,0,0,0,0,2022-02-26,"['https://instagram.com/elenachaklun', 'https://vm.tiktok.com/TTPdSunpjb', 'https://wordpress.org', 'https://www.elegantthemes.com']"
88.63,1,0,0,0,3,5,233.6,87.36,0.0,0.4,0,0,0,0,0.16,27,0.0,0,0,0,1,0,0,0,0,0,1,2,2,2,0,0,2,1,standwithukrainethroughfilm.com,com,https://www.standwithukrainethroughfilm.com,200,0,False,200,False,False,False,False,True,True,75,0,0,0,0,2022-03-11,"['https://twitter.com/intent/tweet?text=Get%20tickets%20for%20STAND%20WITH%20UKRAINE%20%3A%20THE%20GUIDE%20in%20a%20theater%20near%20you%20to%20support%20Ukrainian%20relief%20effort&url=https%3A%2F%2Fwww.standwithukrainethroughfilm.com', 'https://www.facebook.com/sharer/sharer.php?u=https%3A%2F%2Fwww.standwithukrainethroughfilm.com', 'https://www.pinterest.co.uk/pin/create/button/?url=https%3A%2F%2Fwww.standwithukrainethroughfilm.com&media=https://dx35vtwkllhj9.cloudfront.net/showbiz-cinemas/stand-with-ukraine-the-guide/images/regions/us/share.png&description=Get%20tickets%20for%20STAND%20WITH%20UKRAINE%20%3A%20THE%20GUIDE%20in%20a%20theater%20near%20you%20to%20support%20Ukrainian%20relief%20effort', 'http://www.tumblr.com/share/link?url=https%3A%2F%2Fwww.standwithukrainethroughfilm.com/&description=Get%20tickets%20for%20STAND%20WITH%20UKRAINE%20%3A%20THE%20GUIDE%20in%20a%20theater%20near%20you%20to%20support%20Ukrainian%20relief%20effort', 'https://telegram.me/share/url?url=https%3A%2F%2Fwww.standwithukrainethroughfilm.com&text=Get%20tickets%20for%20STAND%20WITH%20UKRAINE%20%3A%20THE%20GUIDE%20in%20a%20theater%20near%20you%20to%20support%20Ukrainian%20relief%20effort']"
29.69,1,0,0,1,9,2,66.5,5.5,0.0,0.5,0,1,0,0,0.05,27,0.0,0,0,0,1,0,0,0,0,1,1,2,2,2,0,2,2,0,standwithukrainethroughfilm.org,org,https://www.standwithukrainethroughfilm.org,200,1,False,200,False,False,False,False,True,False,55,0,0,0,0,2022-03-11,"['https://www.facebook.com/Stand-With-Ukraine-Through-Film-109068865073781', 'https://www.paypal.com/donate/?hosted_button_id=SX952TEU5TT6W']"
233.36,1,0,0,0,8,1,111.0,0.0,0.0,0.0,1,0,0,0,0.16,18,0.0,0,0,0,1,0,0,0,0,0,0,0,0,0,0,0,0,0,standwithukrainevt.com,com,https://www.standwithukrainevt.com,200,0,False,200,False,False,False,False,False,False,0,0,0,0,0,2022-03-20,['https://docs.google.com/forms/d/e/1FAIpQLSdJ8MIkEm0brQEy09SG4PxO4EhCQ6t910Fg1MDUNPx4f1YSEQ/viewform?usp=sf_link']
87.22,1,0,0,0,18,3,126.0,83.14,0.0,0.0,0,0,0,0,0.05,19,0.0,0,0,0,1,0,0,0,0,1,0,2,2,2,0,0,2,0,standwithukrainians.org,org,https://www.standwithukrainians.org,200,0,False,200,False,False,False,False,False,False,72,0,0,0,0,2022-03-10,"['https://blogger.googleusercontent.com/img/a/AVvXsEi1QP6Kb33U0J5C8Oezwf_PFQTWz2OGQdXub7OdO4D6veaOrKA8JBWOph3wOjGZaBgOEa9EAUjTKp3H2kwZeU5aL-qem0Q6Qw1uEgzj7Qp2HDtXMc1-PiZHhkfLhBIHkNtFTqeUIxPT8kUA0YdC5SrhvOxMAD4Zrn9KryoOd8qoX4G1qxzZixoIaQPf3w', 'https://www.blogger.com/post-edit.g?blogID=1820115677917753438&postID=1872010866239771792&from=pencil', 'http://standwithukrainians.blogspot.com']"
158.25,1,0,0,0,45,49,28.49,14.0,0.02,0.06,1,0,0,0,0.05,13,0.0,0,0,0,1,0,0,0,0,1,0,0,0,0,0,2,0,0,standwukraine.org,org,https://www.standwukraine.org,429,0,False,200,False,False,False,False,False,False,40,0,0,0,0,2022-05-20,"['https://www.linkedin.com/company/stand-with-ukraine-poland', 'https://www.facebook.com/StandwUkraine', 'https://instagram.com/standwithukraine_fund?igshid=YmMyMTA2M2Y=', 'https://buy.stripe.com/3csg0edtC6Os6lObII', 'https://drive.google.com/file/d/16qHAW6ZluQGyityYbq-IRb29vg65NNOi/view?usp=sharing', 'https://tradingjam.pl', 'https://uniters.org.pl', 'https://moz.gov.ua', 'https://actionaid.org', 'https://www.fondationdefrance.org/en', 'https://www.putka.pl', 'https://nexia.com', 'https://bratstvodobryhserdec.com.ua', 'https://patients.org.ua/en', 'https://ukrainesupport.net/pl', 'https://pl.airbnb.org', 'https://ukranska-shkola-materinka.mozello.com', 'https://forms.gle/HfF5SGCcbXkMFHVX8', 'https://www.lpp.com/fundacja-lpp', 'https://www.hospicjum.waw.pl', 'https://novaukraine.org', 'https://www.stroer.pl', 'https://www.msd.pl', 'https://polskitu.com', 'https://euromaidan-warszawa.org', 'https://pomagam.pl/dladzieciua#', 'https://willabiala.pl', 'https://www.luxmed.pl', 'https://www.t-mobile.pl', 'https://novapost.com/uk-pl', 'https://www.brillaw.pl', 'https://phh.pl', 'https://kba.com.pl', 'https://dobro-dobro.com/cafes', 'https://cic.com/warsaw', 'https://toptech.pl', 'https://nexiaproaudit.pl', 'https://www.mc2innovations.com', 'https://www.debtus.pl', 'https://ukrainer.net', 'https://faoo.pl', 'https://pol-ukr.com', 'https://www.gmfus.org/democracy-work/black-sea-trust-regional-cooperation', 'https://ukraincy.org.pl', 'https://ukrainianvictory.org', 'https://firmyrodzinne.pl', 'https://mieroszewski.pl', 'https://um.warszawa.pl', 'https://poland.mfa.gov.ua/pl']"
445.22,1,0,0,0,10,5,49.2,15.88,0.0,0.2,0,0,0,0,0.16,15,0.0,0,0,0,0,0,0,0,0,1,0,0,0,0,0,0,0,0,starfishukraine.com,com,https://www.starfishukraine.com,423,0,False,200,False,False,False,False,True,False,55,0,0,0,0,2022-04-15,"['https://www.facebook.com/groups/helpforukraineni', 'https://www.samaritans-purse.org.uk/host-a-ukrainian-occ-family', 'https://donate.redcross.org.uk/appeal/ukraine-crisis-appeal', 'https://www.dec.org.uk/appeal/ukraine-humanitarian-appeal', 'https://weblium.com']"
23.73,1,0,0,0,2,0,0.0,0.0,0.0,0.0,0,0,0,0,0.13,15,0.0,1,0,0,0,0,0,0,0,0,0,0,0,0,0,1,0,0,starlink-ukraine.net,net,https://www.starlink-ukraine.net,200,0,False,200,False,False,False,False,False,False,40,0,0,0,0,2022-06-12,[]
42.71,1,0,0,0,15,2,22.5,1.5,0.0,0.0,0,0,0,0,0.16,17,0.0,0,0,0,0,1,0,1,0,1,0,0,2,2,0,2,2,0,startupforukraine.com,com,https://www.startupforukraine.com,200,0,False,403,False,False,False,False,False,False,0,0,0,0,0,2022-03-25,"['https://it.wordpress.org', 'https://wpmagplus.com']"
18.75,1,0,0,0,2,0,0.0,0.0,0.0,0.0,0,0,1,0,0.13,14,0.0,0,0,0,0,1,0,0,0,1,0,0,1,1,0,1,1,0,startupukraine.online,online,https://www.startupukraine.online,200,0,False,200,False,False,False,False,True,False,55,0,0,0,0,2022-05-21,[]
0.65,1,0,0,0,1,0,0.0,0.0,0.0,0.0,0,0,0,0,0.05,15,0.0,0,0,0,0,0,1,0,0,0,0,1,1,1,1,1,1,1,stayfreeukraine.org,org,https://www.stayfreeukraine.org,200,1,False,200,False,False,False,False,True,False,75,0,0,0,0,2022-03-20,[]
36.3,1,0,0,0,2,2,72.5,31.5,0.0,0.0,0,0,0,0,0.16,17,0.0,1,0,0,0,0,0,0,0,1,0,2,2,2,0,0,2,1,staystrong-ukraine.com,com,https://www.staystrong-ukraine.com,-1,0,False,200,False,False,False,False,True,False,75,0,0,0,0,2022-03-03,"['https://dan.com/?utm_campaign=Parking&utm_medium=parking&utm_source=.com&utm_term=staystrong-ukraine.com', 'https://www.trustpilot.com/review/dan.com']"
431.98,1,0,0,0,6,1,118.0,0.0,0.0,1.0,0,0,0,0,0.05,15,0.0,0,0,0,0,0,0,0,0,0,0,0,0,0,0,0,0,0,staywithukraine.org,org,https://www.staywithukraine.org,200,0,False,200,False,False,False,False,True,False,55,0,0,0,0,2022-03-04,['https://www.facebook.com/profile.php?id=100092971493645&notif_id=1687197638543331&notif_t=page_user_activity&ref=notif']
99.47,1,0,0,0,18,1,28.0,0.0,1.0,1.0,0,0,0,0,0.16,15,0.0,0,0,0,0,0,0,0,0,1,0,0,0,0,0,0,0,0,stemcellukraine.com,com,https://www.stemcellukraine.com,200,0,False,200,False,False,False,False,False,False,0,0,0,0,0,2022-06-05,['https://wa.me/00380938009101']
122.08,1,0,0,0,75,0,0.0,0.0,0.0,0.0,0,0,0,0,0.16,18,0.0,2,0,0,0,0,0,0,0,1,0,0,0,0,0,0,0,1,stend-osvita-ukraine.com,com,https://www.stend-osvita-ukraine.com,200,0,False,200,False,False,False,False,True,False,78,0,0,0,0,2022-04-05,[]
25.21,1,0,0,0,2,3,48.67,2.49,0.0,1.0,0,0,0,0,0.05,23,0.0,0,0,0,0,0,0,0,0,1,0,2,2,2,0,0,2,0,steyningukrainianrefuge.org,org,https://www.steyningukrainianrefuge.org,-1,0,False,200,False,False,False,False,False,False,77,0,0,0,0,2022-03-24,"['https://www.instagram.com/mindy_foundation.eng', 'https://www.facebook.com/steyningukrainianrefuge', 'https://twitter.com/sussex_tours?ref_src=twsrc%5Etfw']"
75.19,1,0,0,0,10,2,35.0,10.0,0.0,0.5,0,0,0,0,0.16,20,0.0,0,0,0,1,0,0,0,0,0,0,0,0,0,0,0,0,1,stichtinghelpukraine.com,com,https://www.stichtinghelpukraine.com,200,0,False,200,False,False,False,False,True,False,75,0,0,0,0,2022-04-14,"['https://www.kadencewp.com', 'https://www.facebook.com/stichtinghelpukraine']"
75.19,0,0,0,0,1,3,34.0,8.29,0.0,0.33,0,0,0,0,0.16,20,0.0,1,0,0,1,0,0,0,0,1,0,0,0,0,0,0,0,1,stichtinghelp-ukraine.com,com,https://www.stichtinghelp-ukraine.com,200,0,False,200,False,False,False,False,True,False,75,0,0,0,0,2022-04-15,"['https://stichtinghelpukraine.com', 'https://www.kadencewp.com', 'https://www.facebook.com/stichtinghelpukraine']"
75.19,0,0,0,0,1,3,34.0,8.29,0.0,0.33,0,0,0,0,0.01,20,0.0,1,0,0,1,0,0,0,0,1,0,0,0,0,0,0,0,1,stichtinghelp-ukraine.nl,nl,https://www.stichtinghelp-ukraine.nl,200,0,False,200,False,False,False,False,True,False,75,0,0,0,0,2022-04-16,"['https://stichtinghelpukraine.com', 'https://www.kadencewp.com', 'https://www.facebook.com/stichtinghelpukraine']"
75.19,0,0,0,0,1,3,34.0,8.29,0.0,0.33,0,0,0,0,0.01,20,0.0,1,0,0,1,0,0,0,0,0,0,0,0,0,0,0,0,1,stichting-helpukraine.nl,nl,https://www.stichting-helpukraine.nl,200,0,False,200,False,False,False,False,True,False,75,0,0,0,0,2022-05-19,"['https://stichtinghelpukraine.com', 'https://www.kadencewp.com', 'https://www.facebook.com/stichtinghelpukraine']"
173.64,1,0,0,0,13,0,0.0,0.0,0.0,0.0,0,0,1,0,0.01,27,0.0,2,0,0,0,0,0,0,0,0,0,0,0,0,0,0,0,0,stiftung-solidaritaet-ukraine.de,de,https://www.stiftung-solidaritaet-ukraine.de,200,0,False,200,False,False,False,False,True,False,61,0,0,0,0,2022-05-06,[]
173.64,0,0,0,0,1,1,40.0,0.0,0.0,0.0,0,0,1,0,0.01,15,0.0,1,0,0,0,0,0,0,0,0,0,0,0,0,0,0,0,0,stiftung-ukraine.de,de,https://www.stiftung-ukraine.de,200,0,False,200,False,False,False,False,True,False,61,0,0,0,0,2022-05-06,['https://stiftung-solidaritaet-ukraine.de']
163.16,1,0,0,0,44,1,22.0,0.0,0.0,0.0,0,0,1,0,0.13,16,0.0,3,0,0,0,0,1,1,0,1,0,0,0,0,0,0,0,0,stop-war-in-ukraine.ru,ru,https://www.stop-war-in-ukraine.ru,-1,0,False,200,False,False,False,False,False,False,35,0,0,0,0,2022-03-02,['https://builderbody.ru']
27.57,1,0,0,0,17,26,62.27,31.7,0.0,0.19,0,0,0,0,0.16,14,0.0,0,0,0,0,0,1,1,0,0,0,2,2,2,0,2,2,1,stopwarukraine.com,com,https://www.stopwarukraine.com,200,0,False,200,False,False,False,False,True,True,75,0,0,0,0,2022-02-27,"['https://uahelp.monobank.ua', 'https://www.cfr.org/global-conflict-tracker/conflict/conflict-ukraine', 'https://bank.gov.ua/en/news/all/natsionalniy-bank-vidkriv-spetsrahunok-dlya-zboru-koshtiv-na-potrebi-armiyi', 'https://app.goodworldnow.com/c/save-ukraine', 'https://www.ukrainenow.org/i-can-host', 'https://helpukrainewin.org', 'https://www.rescue.org', 'https://www.dls.gov.ua/en/government-websites-of-ukraine', 'https://www.president.gov.ua/en', 'https://twitter.com/DefenceU?ref_src=twsrc%5Egoogle%7Ctwcamp%5Eserp%7Ctwgr%5Eauthor', 'https://www.kyivpost.com', 'https://www.bbc.com/news/topics/cx1m7zg0gzdt/ukraine', 'https://ukraine.ua/ukraine-news', 'https://200rf.com', 'https://www.economist.com/international/2022/04/04/how-if-at-all-might-russia-be-punished-for-its-war-crimes-in-ukraine', 'https://www.theguardian.com/world/2022/apr/04/why-did-they-do-this-to-us-buchas-survivors-come-out-of-hiding', 'https://www.atlanticcouncil.org/blogs/ukrainealert/the-west-must-choose-either-arm-ukraine-or-enable-putins-genocide', 'https://edition.cnn.com/2022/04/04/politics/ukraine-images-russia-invasion-what-matters/index.html', 'https://www.vox.com/2022/4/3/23009048/russian-troops-retreat-in-ukraine-civilian-deaths-discovered', 'https://www.foxnews.com/live-news/ukraine-russia-live-updates-04-04-2022', 'https://www.nytimes.com/live/2022/04/04/world/ukraine-russia-war#ukraine-nova-basan-russia', 'https://www.washingtonpost.com/world/2022/04/04/russia-bucha-atrocities-war-crimes', 'https://www.youtube.com/watch?v=Ws0mMP7uM34&ab_channel=TheNewYorkTimes', 'https://www.facebook.com/stooopwarinukraine', 'https://www.instagram.com/stopwarinukrainemedia', 'https://www.linkedin.com/company/stop-war-in-ukraine']"
25.39,1,0,0,0,1,0,0.0,0.0,0.0,0.0,0,0,0,0,0.16,18,0.0,0,0,0,0,0,0,1,0,1,0,0,0,1,0,1,0,0,storiesfromukraine.com,com,https://www.storiesfromukraine.com,200,1,False,200,False,False,False,False,True,False,55,0,0,0,0,2022-03-13,[]
1.08,1,0,0,0,1,0,0.0,0.0,0.0,0.0,0,0,0,0,0.05,17,0.0,0,0,0,0,0,0,1,0,1,0,1,1,1,1,1,1,0,streetsforukraine.org,org,https://www.streetsforukraine.org,-1,0,False,200,False,False,False,False,True,False,61,0,0,0,0,2022-04-06,[]
48.97,1,0,0,0,5,1,61.0,0.0,0.0,0.0,0,1,0,0,0.05,17,0.0,0,0,0,0,0,0,0,0,1,0,2,2,2,0,2,2,0,strengthofukraine.org,org,https://www.strengthofukraine.org,-1,0,False,200,False,False,False,False,False,False,0,0,0,0,0,2022-05-09,['https://www.paypal.com/donate/?hosted_button_id=HFMJS64URBVBJ']
6.0,1,0,0,0,2,0,0.0,0.0,0.0,0.0,0,0,0,0,0.01,19,0.0,1,0,0,0,0,0,0,0,1,0,1,1,1,1,1,1,0,summerschool-ukraine.nl,nl,https://www.summerschool-ukraine.nl,-1,0,False,200,False,False,False,False,True,False,61,0,0,0,0,2022-07-22,[]
36.77,1,1,0,0,1,1,30.0,0.0,0.0,0.0,0,0,0,0,0.16,32,0.0,0,0,0,0,1,0,1,0,0,0,2,2,2,0,2,2,0,sunflowerprayerflowersforukraine.com,com,https://www.sunflowerprayerflowersforukraine.com,200,0,False,200,False,False,False,False,False,False,0,0,0,0,0,2022-03-22,['https://masksmadeforheroes.com']
228.78,1,0,0,0,26,6,53.5,16.34,0.0,0.67,0,1,0,0,0.05,21,0.0,0,0,0,0,0,0,0,0,0,0,0,0,0,0,0,0,0,sunflowerseedsukraine.org,org,https://www.sunflowerseedsukraine.org,200,0,False,200,False,False,False,False,True,False,55,0,0,0,0,2022-03-20,"['https://www.paypal.com/donate/?hosted_button_id=QCNEY8J97LEEL', 'https://docs.google.com/document/d/1tqZhavyes0qzVI_Ra5ajiXAYrlYygS-YvYo88KGf-rk/edit', 'https://www.instagram.com/p/C5jamCLJc8_', 'https://www.facebook.com/SunflowerSeedsUkraine', 'https://twitter.com/UASunflowerSeed', 'https://www.youtube.com/channel/UC1kNDfQDj5RgtoJnc_hULMQ']"
12.09,1,0,0,0,1,8,52.38,22.73,0.0,0.0,0,0,0,0,0.02,20,0.0,0,0,0,0,0,0,1,0,0,0,2,2,2,0,0,2,0,sunflowersforukraine.ca,ca,https://www.sunflowersforukraine.ca,200,0,False,200,False,False,False,False,False,False,0,0,0,0,0,2022-03-01,"['https://gaiaorganics.ca/product-category/flowers/sunflower', 'https://www.veseys.com/ca/flowers-and-bulbs/sunflowers.html', 'https://www.westcoastseeds.com/collections/sunflower-seeds', 'https://mckenzieseeds.com', 'https://www.damseeds.com', 'https://boutique.fermetournesol.qc.ca/collections/des-tournesols-pour-lukraine-sunflowers-for-ukraine', 'https://www.localgardener.net/sunflowers-for-ukraine', 'https://livethegardenlife.gardenscanada.ca']"
77.82,1,0,0,0,6,1,45.0,0.0,0.0,0.0,0,0,0,0,0.05,19,0.0,0,0,0,0,0,0,0,0,0,0,0,0,0,0,0,0,0,sunflowersofukraine.org,org,https://www.sunflowersofukraine.org,200,0,False,200,False,False,False,False,False,False,0,0,0,0,0,2022-03-30,['https://www.santarosarotary.com/ukrainian-aid']
10.5,1,0,0,0,1,1,44.0,0.0,0.0,1.0,0,0,0,0,0.16,19,0.0,0,0,0,0,0,0,1,0,1,0,2,2,2,0,2,2,0,sunnydaysforukraine.com,com,https://www.sunnydaysforukraine.com,200,0,False,200,False,False,False,False,False,False,0,0,0,0,0,2022-04-21,['https://www.facebook.com/SunnyDaysForUkraine']
1076.53,1,0,0,0,14,4,51.0,14.47,0.0,0.75,1,0,0,0,0.16,18,0.0,0,0,0,0,0,0,1,0,1,0,0,0,0,0,0,0,0,suppliesforukraine.com,com,https://www.suppliesforukraine.com,200,0,False,200,False,False,False,False,False,False,0,0,0,0,0,2022-03-03,"['https://docs.google.com/forms/d/1SOJ9ZMFC4gyKdS0IsD4OXParpVhjDZgQycuNd2Xdm-8', 'https://www.facebook.com/suppliesforukraine', 'https://www.instagram.com/suppliesforukraine', 'https://www.linkedin.com/company/80479872']"
188.68,1,0,0,0,5,2,40.5,1.5,0.0,0.0,0,0,0,0,0.16,17,0.0,0,0,0,1,0,0,0,0,0,0,0,0,0,0,0,0,0,supportaukrainian.com,com,https://www.supportaukrainian.com,-1,0,False,200,False,False,False,False,True,False,55,0,0,0,0,2022-03-11,"['https://how-to-help-ukraine-now.super.site', 'https://www.softr.io/?via=madewithbadge']"
38.41,1,0,0,0,2,6,34.67,22.31,0.0,0.17,0,0,0,0,0.05,17,0.0,0,0,0,1,0,0,1,0,0,0,2,2,2,0,2,2,0,supportforukraine.org,org,https://www.supportforukraine.org,-1,0,False,200,False,False,False,False,False,False,0,0,0,0,0,2022-03-03,"['https://fn.se', 'https://www.ica.se/butiker/kvantum/malmo/ica-kvantum-malmborgs-mobilia-2765/start', 'https://madeinukraine.org', 'https://www.mediaevolution.se', 'https://www.facebook.com/sologatchamania', 'http://poruch.com.ua']"
225.81,1,0,0,0,16,7,37.14,13.34,0.29,0.86,0,0,0,0,0.05,17,0.0,2,0,0,1,0,0,1,0,0,0,0,0,0,0,0,0,0,support-for-ukraine.org,org,https://www.support-for-ukraine.org,200,0,False,200,False,False,False,False,False,False,0,0,0,0,0,2022-03-19,"['https://www.instagram.com/supportuaorg', 'https://www.facebook.com/supportuaorg', 'https://t.me/+380670059045', 'https://wa.me/380670059045', 'https://twitter.com/supportforUA', 'https://www.linkedin.com/in/uaorg', 'https://outsourcing.team/services/service-development/lending-peydzh']"
12.09,1,1,0,1,1,7,54.43,17.33,0.0,0.14,0,0,0,0,0.16,17,0.0,1,0,0,1,0,0,0,0,0,0,2,2,2,0,2,2,0,supporting-ukraine.com,com,https://www.supporting-ukraine.com,200,0,False,200,False,False,False,False,True,False,55,0,0,0,0,2022-03-01,"['https://www.comebackalive.in.ua', 'https://bank.gov.ua/en/about/support-the-armed-forces', 'https://www.redcross.org/donate/cm/FOXForward-pub.html', 'https://advance.umcmission.org/p-641-umcor-international-disaster-response-and-recovery.aspx', 'https://www.gofundme.com/f/ukraine-humanitarian-fund', 'https://www.foxnews.com/category/world/conflicts/ukraine', 'https://www.facebook.com/HelpingFreeUkraine']"
10.7,1,1,1,0,1,1,25.0,0.0,0.0,0.0,0,0,1,0,0.33,14,0.0,1,0,0,1,0,0,0,0,0,0,2,1,2,0,2,2,1,support-ukraine.biz,biz,https://www.support-ukraine.biz,200,0,False,200,False,False,False,False,True,False,78,0,0,0,0,2022-03-27,['https://www.hostinger.com']
151.04,0,1,1,1,2,7,39.43,12.73,0.0,0.57,0,1,0,0,0.02,14,0.0,0,0,0,1,0,0,0,0,0,1,0,0,0,0,2,0,0,supportukraine.ca,ca,https://www.supportukraine.ca,200,0,False,200,False,False,False,False,False,False,0,0,0,0,0,2022-02-27,"['https://news.mriyaaid.ca', 'https://www.paypal.com/donate/?hosted_button_id=ZLP7RVX7XJ4F6', 'https://twitter.com/Lesya_G', 'https://www.linkedin.com/in/lubomyrchabursky', 'https://www.disputesoft.com/experts/lubomyr-chabursky', 'https://www.facebook.com/MriyaAid', 'https://www.instagram.com/mriyaaid']"
174.7,1,1,0,1,20,14,51.71,28.68,0.14,0.14,0,0,0,0,0.02,14,0.0,1,0,0,1,0,0,0,0,0,0,0,0,0,0,0,0,0,support-ukraine.ca,ca,https://www.support-ukraine.ca,200,0,False,200,False,False,False,False,False,False,0,0,0,0,0,2022-02-28,"['https://www.facebook.com/SupportUkraineCA', 'https://www.instagram.com/support_ukraineca', 'https://www.canadahelps.org/en/dn/70605', 'https://razomforukraine.org/donate/?fbclid=IwAR2gYWD98u2yDc9gfmyQONEtXPIEYXYCwPTjkTtNiNwAnaZMe-Zwk3QVIxQ', 'https://www.comebackalive.in.ua', 'https://bank.gov.ua/en/news/all/natsionalniy-bank-vidkriv-spetsrahunok-dlya-zboru-koshtiv-na-potrebi-armiyi', 'https://secondfrontukraine.com', 'https://redcross.org.ua/en', 'https://www.ucc.ca/2022/03/11/sign-these-petitions-to-closethesky-over-ukraine', 'https://how-to-help-ukraine-now.super.site', 'https://bit.ly/3sr50lT', 'https://tgam.ca/3BSTxyw', 'https://www.zirkova.com/where-to-buy-zirkova-vodka', 'https://www.shopify.com?utm_campaign=poweredby&utm_medium=shopify&utm_source=onlinestore']"
35.62,1,0,0,0,2,2,72.5,31.5,0.0,0.0,0,0,0,1,0.12,14,0.0,0,0,0,1,0,0,0,0,0,0,2,2,2,0,2,2,1,supportukraine.co.uk,co.uk,https://www.supportukraine.co.uk,200,1,False,200,True,False,False,False,True,False,99,0,0,0,0,2022-02-26,"['https://dan.com/?utm_campaign=Parking&utm_medium=parking&utm_source=.co.uk&utm_term=supportukraine.co.uk', 'https://www.trustpilot.com/review/dan.com']"
41.46,1,0,0,0,8,0,0.0,0.0,0.0,0.0,0,0,1,0,0.01,14,0.0,0,0,0,1,0,0,0,0,0,0,0,0,0,0,1,0,0,supportukraine.de,de,https://www.supportukraine.de,200,0,False,0,False,False,False,False,False,False,0,0,0,0,0,2022-02-28,[]
60.49,1,0,0,0,47,3,24.67,5.44,0.0,0.33,0,0,0,0,0.01,14,0.0,0,0,0,1,0,0,0,0,1,0,0,0,0,0,0,0,0,supportukraine.dk,dk,https://www.supportukraine.dk,200,0,False,200,False,False,False,False,False,False,40,0,0,0,0,2022-02-27,"['https://bevarukraine.dk', 'https://www.facebook.com/fainodk', 'https://lastivka.dk']"
0.95,1,0,0,0,1,0,0.0,0.0,0.0,0.0,0,0,0,0,0.03,14,0.0,0,0,0,1,0,0,0,0,0,0,1,1,1,1,1,1,1,supportukraine.fr,fr,https://www.supportukraine.fr,200,1,False,200,False,False,False,False,True,False,75,0,0,0,0,2022-04-19,[]
174.14,1,0,0,0,19,8,70.75,21.38,0.0,0.5,0,0,0,0,0.01,14,0.0,1,0,1,1,0,0,0,0,0,0,0,0,0,0,0,0,0,support-ukraine.fund,fund,https://www.support-ukraine.fund,-1,0,False,200,False,False,False,False,False,False,0,0,0,0,0,2022-05-03,"['https://whydonate.nl/fundraising/Help-for-people-of-Ukraine/en', 'https://www.facebook.com/sharer/sharer.php?u=https%3A%2F%2Fsupport-ukraine.fund', 'https://telegram.me/share/url?url=https%3A%2F%2Fsupport-ukraine.fund&text=HOME', 'https://twitter.com/intent/tweet?text=HOME&url=https%3A%2F%2Fsupport-ukraine.fund', 'https://mewe.com/share?link=https%3A%2F%2Fsupport-ukraine.fund', 'https://www.instagram.com', 'https://api.whatsapp.com/send?text=HOME https%3A%2F%2Fsupport-ukraine.fund', 'https://mail.google.com/mail/?ui=2&view=cm&fs=1&tf=1&su=HOME&body=Link:https%3A%2F%2Fsupport-ukraine.fund']"
4.75,1,0,1,0,1,3,32.67,11.59,0.0,0.33,0,0,0,0,1.07,14,0.0,1,0,0,1,0,0,0,0,0,0,2,2,2,0,2,2,0,support-ukraine.fyi,fyi,https://www.support-ukraine.fyi,200,0,False,200,False,False,False,False,True,False,55,0,0,0,0,2022-03-04,"['https://github.com/thefujinn/thefujinn.github.io', 'https://jekyllrb.com', 'https://twitter.com/mattgraham']"
733.29,0,0,0,0,1,1,32.0,0.0,0.0,0.0,0,0,0,0,0.01,14,0.0,0,0,0,1,0,0,0,0,0,0,0,0,0,0,0,0,0,supportukraine.it,it,https://www.supportukraine.it,200,0,False,200,False,False,False,False,True,False,55,0,0,0,0,2022-03-30,['https://www.supporto-ucraina.com']
733.29,0,0,0,0,1,1,32.0,0.0,0.0,0.0,0,0,0,0,0.01,14,0.0,1,0,0,1,0,0,0,0,0,1,0,0,0,0,0,0,0,support-ukraine.it,it,https://www.support-ukraine.it,200,0,False,200,False,False,False,False,True,False,55,0,0,0,0,2022-03-28,['https://www.supporto-ucraina.com']
1477.85,1,0,0,0,5,5,38.8,7.83,0.0,0.6,0,0,0,0,0.04,14,0.0,0,0,0,1,0,0,0,0,0,0,0,0,0,0,0,0,0,supportukraine.jp,jp,https://www.supportukraine.jp,200,0,False,200,False,False,False,False,False,False,0,0,0,0,0,2022-03-19,"['https://www.congrant.com/project/actcoin/4581', 'https://www.facebook.com/groups/supportukrainejp', 'https://twitter.com/sptUkraine', 'https://www.instagram.com/supportukrainejp', 'https://actcoin.jp/index.html']"
26.32,1,1,0,1,8,2,103.0,19.0,0.0,0.0,0,0,1,0,0.03,14,0.0,0,0,0,1,0,0,0,0,1,0,2,2,2,0,2,2,0,supportukraine.love,love,https://www.supportukraine.love,200,0,False,200,False,False,False,False,False,False,0,0,0,0,0,2022-03-06,"['https://unsplash.com/s/photos/blue-sky--sunflower-field?utm_source=unsplash&utm_medium=referral&utm_content=creditCopyText', 'https://docs.google.com/document/d/1w59p4ar7wwrZCV8c9PeUIJPGFA53jUcFaJhJCCM5Fik/edit']"
52.82,0,1,0,0,2,2,28.0,13.0,0.0,0.0,0,0,0,0,0.11,14,0.0,0,0,0,1,0,0,0,0,0,1,0,2,0,0,2,0,1,supportukraine.me,me,https://www.supportukraine.me,-1,0,False,200,True,False,False,False,True,False,99,0,0,0,0,2022-03-03,"['https://dan.com', 'https://www.trustpilot.com/review/dan.com']"
1.07,1,0,0,0,1,0,0.0,0.0,0.0,0.0,0,0,0,0,0.01,14,0.0,0,0,0,1,0,0,0,0,0,0,1,1,1,1,1,1,1,supportukraine.nl,nl,https://www.supportukraine.nl,-1,0,False,200,False,False,False,False,True,False,75,0,0,0,0,2022-02-26,[]
1435.59,1,0,0,0,9,6,75.0,41.24,0.17,0.5,0,0,0,0,0.02,14,0.0,0,0,0,1,0,0,0,0,0,0,0,0,0,0,0,0,0,supportukraine.se,se,https://www.supportukraine.se,200,0,False,200,False,False,False,False,True,False,55,0,0,0,0,2022-03-02,"['https://www.facebook.com/groups/354571573050278', 'https://www.instagram.com/swedenstandswithukraine', 'https://www.linkedin.com/company/sweden-stands-with-ukraine', 'https://maps.app.goo.gl/weNsaGkjXf3nwPji8', 'https://www.svt.se/nyheter/lokalt/smaland/manifestation-for-att-tacka-almhults-ni-ar-fantastiska', 'https://www.smalanningen.se/2022-03-19/tv-det-blev-en-manifestation-for-ukraina-pa-torget?fbclid=IwAR0dsgQ1bNg13lEdOfcEUuAXtDY3xBFVy_MXjf_T7Jaj9T856HWciRl54q4']"
43.62,1,0,0,0,3,0,0.0,0.0,0.0,0.0,0,0,1,0,0.26,14,0.0,0,0,0,1,0,0,0,0,0,1,0,0,0,0,1,0,0,supportukraine.shop,shop,https://www.supportukraine.shop,-1,0,False,200,False,False,False,False,True,False,61,0,0,0,0,2022-02-26,[]
39.73,1,1,1,0,9,10,51.4,25.69,0.1,0.4,1,0,0,0,0.03,14,0.0,0,0,0,1,0,0,0,0,1,0,2,2,2,0,2,2,0,supportukraine.uk,uk,https://www.supportukraine.uk,200,0,False,200,False,False,False,False,False,False,0,0,0,0,0,2022-03-03,"['https://www.patreon.com/SupportUkraineUK', 'https://www.justgiving.com/crowdfunding/support-ukraine-coordination-hub', 'https://www.facebook.com/Support-Ukraine-Coordination-Hub-107323735240883', 'https://twitter.com/ukraine_hub', 'https://www.linkedin.com/in/support-ukraine-coordination-hub-666194234', 'https://www.instagram.com/support_ukraine_london/?hl=en-gb', 'https://alltru1st.io', 'https://docs.google.com/forms/d/e/1FAIpQLSe6kcuOjM1vp-5xF_srJzCKkcjVaQYX6VaQ-nuxu8i8atwM8w/viewform', 'https://forms.gle/Vo8nKvXKzjCSbZ7o9', 'https://wpml.org']"
51.41,1,0,0,0,2,2,28.0,13.0,0.0,0.0,0,0,1,0,0.18,14,0.0,0,0,0,1,0,0,0,0,1,0,0,0,0,0,2,0,1,supportukraine.xyz,xyz,https://www.supportukraine.xyz,200,1,False,200,True,False,False,False,True,False,99,0,0,0,0,2022-02-28,"['https://dan.com', 'https://www.trustpilot.com/review/dan.com']"
172.2,1,0,1,0,76,3,43.0,13.95,0.0,0.67,0,0,0,0,0.05,14,0.125,0,0,0,1,0,0,0,0,0,0,0,0,0,0,0,0,0,supportukraine24.org,org,https://www.supportukraine24.org,200,1,False,301,False,False,False,False,False,False,0,0,0,0,0,2022-03-08,"['https://www.facebook.com/Support-Ukraine-24-108855951789501', 'https://www.instagram.com/supportukraine24org', 'https://www.cookieyes.com']"
102.2,1,0,0,0,10,5,61.2,57.42,0.0,0.0,0,1,1,0,0.01,24,0.0,1,0,0,1,0,0,0,0,1,0,0,2,2,0,0,0,1,supportukraine-eberswalde.de,de,https://www.supportukraine-eberswalde.de,200,0,False,200,False,False,False,False,True,False,82,0,0,0,0,2022-02-26,"['https://www.paypal.com/pools/c/8I0txq8vi9', 'https://www.hnee.de', 'https://www.centreforeconics.org', 'https://www.biospherereserves.institute', 'https://www.moz.de/lokales/eberswalde/russland-ukraine-krieg-studenten-und-professoren-der-hnee-aus-eberswalde-schicken-hilfstransporte-an-die-ukrainische-grenze-62987373.html']"
174.22,1,0,0,0,4,6,82.33,94.52,0.0,0.17,0,0,0,0,0.16,18,0.0,0,0,1,1,0,0,0,0,1,0,0,0,0,0,0,0,0,supportukrainefund.com,com,https://www.supportukrainefund.com,200,0,False,200,False,False,False,False,True,False,40,0,0,0,0,2022-05-27,"['https://www.instagram.com/supportukrainefund', 'https://square.link/u/qvV3cv8a', 'https://scontent-iad3-2.cdninstagram.com/v/t51.29350-15/283659464_1127046114527244_7794809050333709392_n.jpg?_nc_cat=103&ccb=1-7&_nc_sid=8ae9d6&_nc_ohc=njKIXf98Sc4AX8rzwOX&_nc_ht=scontent-iad3-2.cdninstagram.com&edm=ANo9K5cEAAAA&oh=00_AfDLlrVGqQ4AwgXau99mCQ_XDXjRnhVBDVIIsBau0cXBhw&oe=647311C6', 'http://supportukrainefund.xarmix.com/privacy-policy', 'https://demo.creativethemes.com/blocksy/app/#', 'http://www.mackstor-designs.com']"
491.46,1,0,0,0,57,24,38.83,27.9,0.0,0.17,0,0,0,0,0.05,17,0.0,0,0,0,1,0,0,0,0,0,0,0,0,0,0,0,0,0,supportukrainenow.org,org,https://www.supportukrainenow.org,200,0,False,200,False,False,False,False,False,False,0,0,0,0,0,2022-02-28,"['https://opencollective.com/supportukrainenow/projects/leaders', 'https://www.globalshapers.org', 'http://weforum.org', 'https://viyna.net', 'https://www.forbes.com/sites/deloitte/2022/12/19/addressing-ukraines-humanitarian-crisis-and-building-a-better-future-together/?sh=5252204c28f4', 'https://www.cardrates.com/news/support-ukraine-now-donations-fund-activism', 'https://www.facebook.com/worldeconomicforum/videos/455758096358474', 'https://www.ycombinator.com/blog/supporting-ukraine', 'https://thedigital.gov.ua', 'https://www.kmu.gov.ua/en', 'https://www.ua.undp.org/content/ukraine/en/home/accelerator-labs.html', 'https://www.techtotherescue.org', 'https://www.notion.so', 'https://www.intercom.com', 'https://zagoriy.foundation', 'https://typeform.com', 'https://slack.com', 'https://dattalion.com', 'https://impactua.org', 'https://prjctr.com', 'https://ukrainianinstitute.org.uk', 'https://www.instagram.com/questions4later', 'https://twitter.com/supportuanow', 'https://www.linkedin.com/company/supportukrainenow']"
0.11,1,0,0,0,1,0,0.0,0.0,0.0,0.0,0,0,0,0,0.16,20,0.0,0,0,0,1,0,0,0,0,0,1,1,1,1,1,1,1,1,supportukrainepeople.com,com,https://www.supportukrainepeople.com,-1,0,False,200,True,False,False,False,True,False,90,0,0,0,0,2022-03-03,[]
828.63,1,0,0,0,4,3,34.0,3.56,0.0,1.0,0,0,0,0,0.16,17,0.0,1,0,0,1,0,0,0,0,1,0,0,0,0,0,0,0,0,supportukraine-pic.com,com,https://www.supportukraine-pic.com,200,0,False,200,False,False,False,False,True,False,55,0,0,0,0,2022-03-04,"['https://twitter.com/PictoricC', 'https://www.facebook.com/pictoric.ua', 'https://www.instagram.com/pictoric.ua']"
63.67,1,0,0,0,4,9,58.56,29.71,0.11,0.44,0,0,0,0,0.16,20,0.0,0,0,0,1,0,0,0,0,0,0,2,2,2,0,0,2,0,supportukrainewithus.com,com,https://www.supportukrainewithus.com,200,0,False,200,False,False,False,False,False,False,0,0,0,0,0,2022-03-10,"['https://www.dailycal.org/2022/03/02/campus-students-researchers-voice-concerns-over-russia-ukraine-war', 'https://news.berkeley.edu/2022/03/24/a-month-at-war-berkeleys-ukrainian-students-turn-shock-anger-into-action', 'https://www.sfchronicle.com/podcasts/article/Listen-Voices-from-Ukraine-16965832.php', 'https://www.guidestar.org/profile/88-2720534', 'https://givebutter.com/sL3xVc', 'https://www.instagram.com/support.ukraine.with.us', 'https://www.linkedin.com/company/81478411', 'https://www.facebook.com/Supportukrainewithus', 'https://t.me/suwuupdates']"
63.67,1,0,0,0,4,9,58.56,29.71,0.11,0.44,0,0,0,0,0.05,20,0.0,0,0,0,1,0,0,0,0,1,0,2,2,2,0,0,2,0,supportukrainewithus.org,org,https://www.supportukrainewithus.org,200,0,False,200,False,False,False,False,False,False,0,0,0,0,0,2022-03-19,"['https://www.dailycal.org/2022/03/02/campus-students-researchers-voice-concerns-over-russia-ukraine-war', 'https://news.berkeley.edu/2022/03/24/a-month-at-war-berkeleys-ukrainian-students-turn-shock-anger-into-action', 'https://www.sfchronicle.com/podcasts/article/Listen-Voices-from-Ukraine-16965832.php', 'https://www.guidestar.org/profile/88-2720534', 'https://givebutter.com/sL3xVc', 'https://www.instagram.com/support.ukraine.with.us', 'https://www.linkedin.com/company/81478411', 'https://www.facebook.com/Supportukrainewithus', 'https://t.me/suwuupdates']"
2558.56,1,0,0,1,16,8,34.0,11.15,0.0,0.5,0,1,0,0,0.01,16,0.0,0,0,0,1,0,1,0,0,1,0,0,0,0,0,0,0,0,supportukrainian.army,army,https://www.supportukrainian.army,200,0,False,200,False,False,False,False,False,False,0,0,0,0,0,2022-03-22,"['https://www.paypal.com', 'https://www.facebook.com/TamDeZhiveNadiya', 'http://happydesign.pro', 'https://kse.ua/support/donation', 'https://v-tylu.com/uahub', 'https://www.instagram.com/support_ukr_army', 'https://twitter.com/SupportUKRArmy', 'https://www.youtube.com/channel/UC24GgVJR7v9MR38FNAW_Gcw']"
33.48,1,0,0,0,72,0,0.0,0.0,0.0,0.0,0,0,0,0,0.05,23,0.0,0,0,0,1,1,0,0,0,0,0,0,2,1,-1,2,2,0,supportukrainianartists.org,org,https://www.supportukrainianartists.org,200,0,False,200,False,False,False,False,False,False,0,0,0,0,0,2022-03-22,[]
592.48,1,0,0,0,7,1,47.0,0.0,0.0,1.0,0,0,0,0,0.16,23,0.0,0,0,0,1,0,1,0,0,1,0,0,0,0,0,0,0,0,supportukrainianvictory.com,com,https://www.supportukrainianvictory.com,200,0,False,200,False,False,False,False,True,False,55,0,0,0,0,2022-04-05,['https://www.facebook.com/groups/440386347873807']
184.44,1,1,0,1,104,6,44.17,14.88,0.0,0.33,0,1,0,0,0.05,23,0.0,0,0,0,1,0,0,0,0,1,0,0,0,0,0,0,0,0,surreystandswithukraine.org,org,https://www.surreystandswithukraine.org,200,0,False,200,False,False,False,False,False,False,85,0,0,0,0,2022-03-08,"['https://www.crowdfunder.co.uk/p/surrey-stands-with-ukraine-1117155', 'https://www.facebook.com/SurreyStandsWithUkraine', 'https://www.instagram.com/surreystandswithukraine', 'https://www.paypal.com/GB/fundraiser/charity/3191125', 'http://www.harropfund.org.uk', 'https://griffcliff.com']"
0.11,1,0,0,0,1,0,0.0,0.0,0.0,0.0,0,0,0,0,0.55,14,0.0,0,0,0,0,0,0,0,0,1,1,1,1,1,1,1,1,1,sustainukraine.info,info,https://www.sustainukraine.info,200,1,False,200,True,False,False,False,True,False,77,0,0,0,0,2022-04-30,[]
0.11,1,0,0,0,1,0,0.0,0.0,0.0,0.0,0,0,0,0,0.16,18,0.0,0,0,0,0,0,0,0,0,1,1,1,1,1,1,1,1,1,sustainukrainebook.com,com,https://www.sustainukrainebook.com,200,1,False,200,True,False,False,False,True,False,77,0,0,0,0,2022-04-30,[]
0.11,1,0,0,0,1,0,0.0,0.0,0.0,0.0,0,0,0,0,0.05,18,0.0,0,0,0,0,0,0,0,0,1,1,1,1,1,1,1,1,1,sustainukrainebook.org,org,https://www.sustainukrainebook.org,200,1,False,200,True,False,False,False,True,False,77,0,0,0,0,2022-04-30,[]
29.83,1,0,0,0,1,1,25.0,0.0,0.0,0.0,0,0,0,0,0.16,11,0.083,0,0,0,0,0,0,0,1,1,0,2,2,2,0,2,2,0,swag4ukraine.com,com,https://www.swag4ukraine.com,-1,0,False,200,False,False,False,False,False,False,0,0,0,0,0,2022-04-09,['https://demo.vercel.store']
24.58,1,0,0,0,1,0,0.0,0.0,0.0,0.0,0,0,0,0,0.05,16,0.0,0,0,0,0,0,0,1,0,1,0,0,0,1,0,1,0,0,swedesforukraine.org,org,https://www.swedesforukraine.org,530,0,False,200,False,False,False,False,False,False,0,0,0,0,0,2022-03-26,[]
301.21,1,0,0,0,4,3,39.67,17.59,0.0,0.0,0,0,0,1,0.12,14,0.0,0,0,0,0,0,0,1,0,1,0,0,0,0,0,0,0,0,swimforukraine.co.uk,co.uk,https://www.swimforukraine.co.uk,404,0,False,200,False,False,False,False,False,False,0,0,0,0,0,2022-04-09,"['https://www.justgiving.com/fundraising/swimforukraineworldrecord', 'http://WWW.AGARRATT.COM', 'http://WWW.NEWLYNARTSCHOOL.CO.UK']"
42.9,0,1,0,0,2,2,28.0,13.0,0.0,0.0,0,0,0,0,0.16,12,0.0,0,0,0,0,0,0,0,0,1,0,0,2,0,0,2,0,1,swipeukraine.com,com,https://www.swipeukraine.com,-1,0,False,200,True,False,False,False,True,False,99,0,0,0,0,2022-03-08,"['https://dan.com', 'https://www.trustpilot.com/review/dan.com']"
908.9,1,0,0,0,7,4,44.75,13.05,0.0,0.5,0,0,0,0,0.05,12,0.077,0,0,0,0,0,0,0,1,0,0,0,0,0,0,0,0,0,swiss4ukraine.org,org,https://www.swiss4ukraine.org,200,0,False,200,False,False,False,False,False,False,0,0,0,0,0,2022-04-06,"['https://www.linkedin.com/company/wix-com', 'https://www.instagram.com/wix', 'https://dobro.ua/en/member/operator/bo-ty-ne-odyn-bf-1plus1-media', 'https://smallheartwithart.org/en/about_school']"
91.32,1,0,0,0,25,26,54.81,91.43,0.0,0.0,0,0,0,0,0.01,25,0.0,0,0,0,1,0,0,1,0,0,0,2,2,2,0,0,2,0,swisshelpforukrainianpets.ch,ch,https://www.swisshelpforukrainianpets.ch,200,0,False,200,False,False,False,False,True,False,55,0,0,0,0,2022-04-01,"['https://eur03.safelinks.protection.outlook.com/?url=https%3A%2F%2Fwww.blv.admin.ch%2Fblv%2Fde%2Fhome%2Ftiere%2Freisen-mit-heimtieren%2Fonline-hilfe-hunde-katzen-frettchen.html&data=05%7C01%7CChristine.Schleich%40vier-pfoten.org%7Cb48323f6fb8f4570698e08db8c17e8f0%7Ca867488404a0494998f38cf68e479fc3%7C0%7C0%7C638257806537812284%7CUnknown%7CTWFpbGZsb3d8eyJWIjoiMC4wLjAwMDAiLCJQIjoiV2luMzIiLCJBTiI6Ik1haWwiLCJXVCI6Mn0%3D%7C3000%7C%7C%7C&sdata=k8L0wr2SR7wGyyYSg9UX2i618YtSHgFSp7qI6m2A%2BpI%3D&reserved=0', 'https://www.blv.admin.ch/blv/de/home/tiere/reisen-mit-heimtieren.html', 'https://www.fluechtlingshilfe.ch/hilfe-fuer-asylsuchende/ukraine-nuetzliche-informationen-fuer-schutzsuchende', 'https://www.allianz.ch/de/ueber-uns/engagements/ukraine-helfen.html#/formrunner', 'https://cns-cas.ch', 'https://stiko-vet.fli.de/de/aktuelles/einzelansicht/ukraine-krise', 'https://www.stvv.ch/de/Adressen', 'https://www.susyutzinger.ch/Spenden/sammelaktion#howto', 'https://www.vier-pfoten.ch', 'https://www.tierimrecht.org/de', 'http://www.stvt.ch', 'https://www.tierschutz.com', 'https://www.zuerchertierschutz.ch/de/ ', 'https://netap.ch/de', 'https://www.animal-happyend.ch', 'https://www.protier.ch', 'https://www.animaltrust.ch', 'https://www.ffw.ch/de/ ', 'https://www.neuetierhilfe.ch', 'https://www.strubeli.ch/index.html', 'http://tierschutzheim.ch/ ', 'http://chatzechoerbli.ch', 'https://www.voliere.ch', 'https://www.tierrettungsdienst.ch', 'https://ch.virbac.com/home.html?preventiframecaching=1', 'https://www.drupal.org']"
4.95,1,0,0,0,1,0,0.0,0.0,0.0,0.0,0,0,0,0,0.05,13,0.0,1,0,0,0,0,0,0,0,1,0,1,1,1,1,1,1,1,symbol-ukraine.org,org,https://www.symbol-ukraine.org,200,0,False,200,False,False,False,False,True,False,75,0,0,0,0,2022-03-31,[]
16.69,1,0,0,0,1,0,0.0,0.0,0.0,0.0,0,0,0,0,0.16,13,0.0,0,0,0,0,0,0,0,0,1,0,0,0,1,0,1,0,0,talentukraine.com,com,https://www.talentukraine.com,200,1,False,200,False,False,False,False,False,False,0,0,0,0,0,2022-03-15,[]
1.19,1,0,0,0,1,0,0.0,0.0,0.0,0.0,0,0,0,0,0.16,14,0.067,0,0,0,0,0,0,0,1,1,0,1,1,1,1,1,1,0,targets4ukraine.com,com,https://www.targets4ukraine.com,200,0,False,200,False,False,False,False,False,False,0,0,0,0,0,2022-05-07,[]
809.1,1,0,0,0,1,0,0.0,0.0,0.0,0.0,0,0,0,0,0.16,12,0.077,0,0,0,0,0,0,0,1,1,0,0,0,0,0,0,0,0,teach4ukraine.com,com,https://www.teach4ukraine.com,200,0,False,200,False,False,False,False,False,False,0,0,0,0,0,2022-03-20,[]
163.09,1,0,0,0,15,4,67.25,40.1,0.0,0.5,0,0,0,0,0.05,18,0.0,0,0,0,0,0,0,1,0,1,0,0,0,0,0,0,0,0,teachersforukraine.org,org,https://www.teachersforukraine.org,200,1,False,200,False,False,False,False,True,False,55,0,0,0,0,2022-06-28,"['https://www.linkedin.com/company/the-teachers-for-ukraine-initiative', 'https://www.facebook.com/groups/390157956275633', 'https://www.erpi.com/en', 'https://docs.google.com/document/d/17SMgva9bvpT46zwOx7bAiTamkkjq96hU/edit?ouid=112763133354800304574&rtpof=true&sd=true&usp=sharing']"
14.84,1,0,0,0,7,7,53.86,38.07,0.0,0.71,0,0,0,0,0.16,15,0.0,0,0,0,0,0,0,0,0,1,0,2,2,2,0,0,2,0,teamukrainelove.com,com,https://www.teamukrainelove.com,200,0,False,200,False,False,False,False,True,False,55,0,0,0,0,2022-03-06,"['https://www.gofundme.com/f/yvnh63-immediate-aid-to-ukrainian-refugees?utm_campaign=p_lico%20share-sheet&utm_medium=copy_link&utm_source=customer', 'https://yestheory.com', 'https://www.facebook.com/MamaVdomaTeamUkraineLove', 'https://twitter.com/yestheory', 'https://www.instagram.com/teamukrainelove', 'https://www.youtube.com/watch?v=kYMZP2vXYqQ', 'https://www.linkedin.com/company/team-ukraine-love']"
44.16,1,0,0,0,3,7,67.29,64.41,0.0,0.71,0,0,0,0,0.05,13,0.0,0,0,0,0,0,0,0,0,0,0,2,2,2,0,0,2,0,teamukrainian.org,org,https://www.teamukrainian.org,200,0,False,200,False,False,False,False,True,False,55,0,0,0,0,2022-03-17,"['https://action.publicgood.com/campaign/13ac7e1b-4de6-4f7c-b128-4346f73b9832?title=How%20to%20provide%20aid%20to%20those%20in%20Ukraine&utm_content=http%3A%2F%2Fcms3-mobile-preview.api.cnn.io&utm_medium=button&utm_source=cnn', 'https://www.facebook.com/profile.php?id=100075280201173', 'https://twitter.com/Michael_Swart', 'https://www.instagram.com/michaelswart', 'https://www.linkedin.com/in/michaelswart1', 'https://www.pinterest.com', 'https://www.youtube.com/channel/UCHKUuDQvKlcVXmwcxn9qzfg']"
151.09,1,0,1,0,4,6,51.83,43.21,0.0,0.0,0,0,0,0,0.55,11,0.083,0,0,0,0,0,0,0,1,0,0,0,0,0,0,0,0,0,tech4ukraine.info,info,https://www.tech4ukraine.info,200,1,False,200,False,False,False,False,True,False,55,0,0,0,0,2022-03-01,"['https://landing.awardpool.com/nfts-4-refugees', 'http://mlove.org/rfrc', 'http://www.361firm.com/onbr', 'http:// https://us02web.zoom.us/rec/share/qA9_Mx-OFQ-Sh-ZmZiBwEPhxLvlam0AUo5CsC6svLEg-vlccKqWzXzdizk6K3ceS.jwSL-6HZ6tQyYNFE?startTime=1646328653000', 'https://blog.hippoai.org/hippogram-4', 'https://policies.google.com/privacy']"
79.7,1,0,0,0,2,3,48.33,27.74,0.0,0.0,0,1,0,0,0.05,11,0.083,0,0,0,0,0,0,0,1,0,0,0,2,0,0,2,0,0,tech4ukraine.org,org,https://www.tech4ukraine.org,200,0,False,200,False,False,False,False,True,False,55,0,0,0,0,2022-03-01,"['https://kinta-ai.com', 'https://act.hias.org/page/6048/donate/1', 'https://www.paypal.com/donate/?cmd=_s-xclick&hosted_button_id=FYFZPVQN8J7YC&source=url']"
200.98,1,0,1,0,1,6,38.83,20.74,0.0,0.17,0,0,0,0,0.02,21,0.0,0,0,0,1,0,0,0,0,1,0,0,0,0,0,0,0,0,techstandswithukraine.io,io,https://www.techstandswithukraine.io,200,0,False,200,False,False,False,False,False,False,0,0,0,0,0,2022-03-05,"['https://helpukraine.simple.ink', 'https://novaukraine.org', 'https://helpukrainewin.org', 'https://twitter.com/Ukraine/status/1497594592438497282?s=20&t=G6vVqpDtaheQpeswG6lzqg', 'https://helpukrainewinwidget.org', 'https://airtable.com/shreo2SyOk8vQN0tQ']"
53.17,1,0,0,0,5,0,0.0,0.0,0.0,0.0,0,0,0,0,0.05,12,0.077,0,0,0,0,0,0,0,1,1,0,0,0,0,0,1,0,0,teens4ukraine.org,org,https://www.teens4ukraine.org,200,0,False,200,False,False,False,False,False,False,0,0,0,0,0,2022-04-07,[]
200.97,1,0,0,0,34,6,38.67,7.74,0.33,0.83,0,0,0,0,0.16,15,0.0,0,0,0,1,0,0,0,0,1,0,0,0,0,0,0,0,0,telehelpukraine.com,com,https://www.telehelpukraine.com,200,0,False,200,False,False,False,False,False,False,0,0,0,0,0,2022-03-09,"['https://www.facebook.com/telehelpukraine', 'https://www.instagram.com/telehelpukraine/?hl=en', 'https://twitter.com/TelehelpUkraine', 'https://www.linkedin.com/company/telehelp-ukraine', 'https://cutt.ly/telehelp_viber', 'https://t.me/+ZdohJSIGKA9jZjFh']"
0.11,1,0,0,0,1,0,0.0,0.0,0.0,0.0,0,0,0,0,0.05,19,0.0,0,0,0,0,0,0,0,0,1,0,1,1,1,1,1,1,0,thailandwithukraine.org,org,https://www.thailandwithukraine.org,-1,0,False,200,False,False,False,False,True,False,55,0,0,0,0,2022-03-26,[]
0.11,1,0,0,0,1,0,0.0,0.0,0.0,0.0,0,0,0,0,0.16,16,0.0,0,0,0,0,0,0,0,0,0,1,1,1,1,1,1,1,1,thefallofukraine.com,com,https://www.thefallofukraine.com,-1,0,False,200,True,False,False,False,True,False,77,0,0,0,0,2022-03-06,[]
169.25,1,0,0,0,11,2,43.0,12.0,0.5,0.5,0,0,0,0,0.16,17,0.0,0,0,0,0,1,0,1,0,1,0,0,0,0,0,0,0,0,thehopeforukraine.com,com,https://www.thehopeforukraine.com,200,0,False,301,False,False,False,False,True,False,55,0,0,0,0,2022-03-07,"['https://t.me/hopeforukraine_bot', 'https://hopeforukraine.wpengine.com/кличте-господнє-імя']"
45.15,1,0,0,0,2,2,28.0,13.0,0.0,0.0,0,0,0,0,0.16,17,0.0,0,0,0,0,0,0,0,0,1,0,0,0,0,0,0,0,1,thehouseofukraine.com,com,https://www.thehouseofukraine.com,-1,0,False,200,True,False,False,False,True,False,99,0,0,0,0,2022-04-14,"['https://dan.com', 'https://www.trustpilot.com/review/dan.com']"
93.9,1,0,0,0,2,2,87.0,52.0,0.0,0.0,0,0,0,0,0.16,24,0.0,0,0,0,0,0,1,0,0,1,0,2,2,2,0,0,2,0,thehumbleheroesofukraine.com,com,https://www.thehumbleheroesofukraine.com,200,0,False,200,False,False,False,False,True,False,55,0,0,0,0,2022-05-13,"['https://policies.google.com/privacy', 'https://www.godaddy.com/websites/website-builder?isc=pwugc&utm_source=wsb&utm_medium=applications&utm_campaign=en-ca_corp_applications_base']"
0.56,1,0,0,0,1,0,0.0,0.0,0.0,0.0,0,0,0,0,0.16,17,0.0,0,0,0,0,0,0,1,0,0,0,1,1,1,1,1,1,1,thenftsforukraine.com,com,https://www.thenftsforukraine.com,200,1,False,200,False,False,False,False,True,False,75,0,0,0,0,2022-03-11,[]
68.04,1,0,0,0,8,0,0.0,0.0,0.0,0.0,0,0,0,0,0.16,27,0.0,0,0,0,0,0,0,0,0,0,0,0,0,0,0,0,0,0,therussianinvasionofukraine.com,com,https://www.therussianinvasionofukraine.com,200,0,False,200,False,False,False,False,True,False,55,0,0,0,0,2022-04-10,[]
0.11,1,0,0,0,1,0,0.0,0.0,0.0,0.0,0,0,1,0,0.15,10,0.0,0,0,0,0,0,0,0,0,0,0,1,1,1,1,1,1,1,theukraine.site,site,https://www.theukraine.site,-1,0,False,200,True,False,False,False,True,False,90,0,0,0,0,2022-03-20,[]
195.43,1,0,0,0,10,3,109.67,82.15,0.0,0.0,0,0,0,0,0.05,16,0.0,0,0,0,0,0,0,0,0,1,0,0,0,0,0,0,0,1,theukraineappeal.org,org,https://www.theukraineappeal.org,200,0,False,200,False,False,False,False,True,False,82,0,0,0,0,2022-03-19,"['https://www.ohchr.org/en/press-releases/2022/05/ukraine-millions-displaced-traumatised-and-urgently-need-help-say-experts#:~:text=%E2%80%9CSince%2024%20February%2C%20nearly%2012.8,percent%20of%20the%20entire%20population', 'http://www.lenza.com.au', 'https://www.acnc.gov.au/charity/charities/22e1f13d-69b5-ec11-9841-002248941cc3/profile']"
25.74,1,0,0,0,7,2,24.5,3.5,0.0,0.0,0,0,0,0,0.16,13,0.0,0,0,0,0,0,0,0,0,1,0,2,2,2,0,0,2,1,theukrainepod.com,com,https://www.theukrainepod.com,-1,0,False,200,True,False,False,False,True,False,77,0,0,0,0,2022-03-25,"['https://wordpress.org', 'http://www.elegantthemes.com']"
232.68,1,0,0,0,34,1,24.0,0.0,0.0,0.0,0,0,0,0,0.16,15,0.0,0,0,0,0,0,0,0,0,1,0,0,0,0,0,0,0,0,theukrainestore.com,com,https://www.theukrainestore.com,-1,0,False,301,False,False,False,False,False,False,0,0,0,0,0,2022-04-20,['https://www.usecaddy.com']
698.2,1,0,0,0,8,2,27.5,4.5,0.0,0.0,0,0,1,0,0.06,12,0.0,0,0,0,0,0,0,0,0,1,0,0,0,0,0,0,0,0,theukrainian.eu,eu,https://www.theukrainian.eu,200,0,False,200,False,False,False,False,False,False,0,0,0,0,0,2022-06-24,"['https://www.hiretheukrainian.com', 'https://nikahelps.in.ua']"
308.95,1,0,0,0,13,1,36.0,0.0,0.0,1.0,0,0,0,0,0.11,12,0.0,0,0,0,0,0,0,0,0,0,0,0,0,0,0,0,0,0,theukrainian.me,me,https://www.theukrainian.me,200,0,False,200,False,False,False,False,True,False,55,0,0,0,0,2022-06-02,['https://www.instagram.com/shulabrukh']
45.06,1,0,0,0,11,1,24.0,0.0,0.0,0.0,0,0,0,0,0.2,12,0.0,0,0,0,0,0,0,0,0,1,0,0,0,0,0,0,0,0,theukrainian.world,world,https://www.theukrainian.world,200,0,False,200,False,False,False,False,False,False,40,0,0,0,0,2022-06-28,['https://superbthemes.com']
1.49,1,0,0,0,1,0,0.0,0.0,0.0,0.0,0,0,0,0,0.16,16,0.0,0,0,1,0,0,0,0,0,0,0,1,1,1,1,1,1,1,theukrainianfund.com,com,https://www.theukrainianfund.com,200,1,False,200,False,False,False,False,True,False,75,0,0,0,0,2022-03-10,[]
0.11,1,0,0,0,9,2,83.5,55.5,0.0,0.0,0,0,0,0,0.05,26,0.0,0,0,1,0,0,0,0,0,1,0,2,2,2,0,2,2,0,theukrainianliberationfund.org,org,https://www.theukrainianliberationfund.org,200,1,False,200,False,False,False,False,False,False,0,0,0,0,0,2022-06-05,"['https://apps.irs.gov/app/eos', 'https://www.godaddy.com/websites/website-builder?isc=pwugc&utm_source=wsb&utm_medium=applications&utm_campaign=en-us_corp_applications_base']"
1436.19,1,0,0,0,8,4,45.25,7.56,0.0,1.0,0,0,0,0,0.16,18,0.0,0,0,0,0,0,0,1,0,1,0,0,0,0,0,0,0,0,theworldforukraine.com,com,https://www.theworldforukraine.com,404,0,False,200,False,False,False,False,True,False,55,0,0,0,0,2022-03-05,"['https://www.youtube.com/channel/UC6YH-Bt4yEf63DimiDjlueA', 'https://www.facebook.com/theworldforukraine', 'https://www.instagram.com/the_world_for_ukraine', 'https://twitter.com/WorldF0RUkraine']"
1436.19,1,0,0,0,7,4,45.25,7.56,0.0,1.0,0,0,0,0,0.05,18,0.0,0,0,0,0,0,0,1,0,1,0,0,0,0,0,0,0,0,theworldforukraine.org,org,https://www.theworldforukraine.org,404,0,False,200,False,False,False,False,True,False,55,0,0,0,0,2022-03-06,"['https://www.youtube.com/channel/UC6YH-Bt4yEf63DimiDjlueA', 'https://www.facebook.com/theworldforukraine', 'https://www.instagram.com/the_world_for_ukraine', 'https://twitter.com/WorldF0RUkraine']"
360.34,1,0,0,0,18,11,36.45,13.26,0.0,0.27,0,0,0,0,0.01,13,0.0,0,0,0,0,0,0,1,0,0,0,0,0,0,0,0,0,0,thyforukraine.dk,dk,https://www.thyforukraine.dk,200,0,False,200,False,False,False,False,False,False,0,0,0,0,0,2022-03-04,"['https://www.rodekors.dk/ukraine/saadan-kan-du-hjaelpe', 'https://vizuall.dk', 'https://7nord.dk', 'https://thistedfc.dk', 'http://www.hanstholmmadbar.dk', 'https://spar.dk/butik/spar-klitmoeller', 'https://www.xl-byg.dk/forretning/thisted-tigervej', 'https://www.kop-kande.dk/find-butik/kop-kande-thisted', 'https://www.facebook.com/Thyforukraine', 'https://www.linkedin.com/company/thy-for-ukraine', 'https://www.instagram.com/thyforukraine']"
16.05,1,0,0,0,1,4,48.25,28.23,0.25,0.25,1,0,0,0,0.16,15,0.0,0,0,0,0,0,0,0,0,0,0,2,2,2,0,2,2,0,timelineukraine.com,com,https://www.timelineukraine.com,403,0,False,200,False,False,False,False,False,False,0,0,0,0,0,2022-03-08,"['https://www.today.com/news/news/5-verified-charities-working-help-ukrainians-invasion-rcna17590', 'https://forms.gle/ekLtfs6f3QYq92d68', 'https://www.instagram.com/timelineofukraine', 'https://colorlib.com']"
64.79,1,0,0,0,31,5,54.8,16.63,0.0,0.6,0,0,0,0,0.16,13,0.0,1,0,0,0,0,0,0,0,1,0,2,2,2,0,0,2,0,tineco-ukraine.com,com,https://www.tineco-ukraine.com,200,0,False,200,False,False,False,False,False,False,0,0,0,0,0,2022-06-03,"['https://apps.apple.com/us/app/tineco-life/id1453788142', 'https://play.google.com/store/apps/details?id=com.tek.merry.globalpureone&hl=uk&gl=US', 'https://www.youtube.com/channel/UCd3BssNvPqETCehVzZqzBPQ', 'https://www.instagram.com/tineco.ukraine', 'https://www.facebook.com/Tineco.Ukraine']"
6.41,1,0,0,0,13,2,43.5,5.5,0.0,0.0,0,0,0,1,0.12,18,0.0,2,0,0,0,0,0,1,0,0,0,2,2,2,0,2,2,0,together-for-ukraine.co.uk,co.uk,https://www.together-for-ukraine.co.uk,200,0,False,200,False,False,False,False,False,False,0,0,0,0,0,2022-03-19,"['https://completecomtechsolutions.co.uk', 'https://jigsaw.w3.org/css-validator/check/referer']"
151.81,1,1,0,0,11,3,50.67,11.26,0.0,0.33,0,1,0,0,0.13,18,0.0,0,0,0,0,0,0,1,0,1,0,0,0,0,0,0,0,0,togetherforukraine.net,net,https://www.togetherforukraine.net,200,0,False,200,False,False,False,False,False,False,0,0,0,0,0,2022-03-16,"['https://www.paypal.com/donate/?hosted_button_id=ABUQFL3NKM3Z6', 'https://policies.google.com/privacy', 'https://www.youtube.com/channel/UC_FeuAQnqGi3tMN3pF4iQyw']"
127.88,1,0,0,0,8,4,74.75,29.43,0.0,0.25,0,1,1,0,0.29,18,0.0,0,0,0,0,0,0,1,0,1,0,0,0,0,0,0,0,0,togetherforukraine.us,us,https://www.togetherforukraine.us,200,0,False,200,False,False,False,False,False,False,0,0,0,0,0,2022-04-01,"['https://www.facebook.com/1488112508172299', 'https://runsignup.com/Race/NY/Vestal/TogetherforUkraine5k', 'https://drive.google.com/file/d/1kx1D1YcNgW3XlNVGj54ZfsI-PNsFbYlJ/view?usp=sharing', 'https://www.paypal.com/paypalme/togetherforukraine?fbclid=IwAR2YDZN_ENXSwT4VIFWUHTYAR2awUKnmEE8Isq1blO-BzRvgmItnOFumr4U']"
325.04,1,0,0,0,24,4,52.0,20.8,0.0,0.75,0,0,0,0,0.16,19,0.0,0,0,0,0,0,0,0,0,1,0,0,0,0,0,0,0,0,togetherwithukraine.com,com,https://www.togetherwithukraine.com,200,0,False,200,False,False,False,False,False,False,0,0,0,0,0,2022-02-28,"['https://www.facebook.com/TogetherwithUKR', 'https://www.twitter.com/togetherwithukr', 'https://www.instagram.com/togetherwithukr', 'https://www.shopify.com?utm_campaign=poweredby&utm_medium=shopify&utm_source=onlinestore']"
392.12,0,1,0,0,6,13,112.77,49.65,0.0,0.15,0,0,0,0,0.05,18,0.0,0,0,0,1,0,0,0,0,1,0,0,0,0,0,0,0,0,toledohelpsukraine.org,org,https://www.toledohelpsukraine.org,200,0,False,200,False,False,False,False,True,False,55,0,0,0,0,2022-03-08,"['https://interland3.donorperfect.net/weblink/weblink.aspx?name=E363166&id=1', 'https://blade-share.newsslide.com/e8f771ab-0f1a-42a8-8036-e80b05d0443f/24f39fa1-abcb-4a02-bc77-301d21feba91', 'https://news.utoledo.edu/index.php/03_04_2022/toledo-helps-ukraine-rally-draws-hundreds-at-utoledo', 'https://www.13abc.com/2022/03/04/utoledo-student-ukraine-holds-rally-supporting-ukrainians/?outputType=amp', 'https://www.wtol.com/article/news/nation-world/ukraine/toledo-support-for-ukraine-months-after-onset-of-war/512-b36f4553-cdd9-44c3-b436-5e938453420f?fbclid=IwAR38oHXLGRFlyjzfVUZb1CnDyj5WU7Flttnj00VBBnGynVgdt7L_2B4iFOc', 'https://chroniclet.com/news/338243/lets-be-brave-like-ukraine-nonprofit-founder-talks-refugee-sponsorship/?fbclid=IwAR0jK6mBfR6oazf0w_NDwn1QqSbeDEVRZPxyo_vaGrM3b4T2e9R0XPK5PTc', 'https://nbc24.com/news/local/ukrainian-family-in-toledo-speaks-out-on-war?fbclid=IwAR25P4m3rWK9Kt4BumgQrabWg58wsTD93XPCYc1hkQz-55bp0YrfaOcKKro', 'https://www.toledoblade.com/news/World/2022/05/14/ukrainians-hungary/stories/20220514012', 'http://bgindependentmedia.org/alona-matchenko-personally-delivers-aid-from-toledo-to-embattled-ukrainians/?fbclid=IwAR2KHwOm13ARx8YsrBbKtL7APQT1YIHoRwEoc9YQDXfS60TA3cJ39rB4yBY', 'https://themirrornewspaper.com/toledo-nonprofit-continues-to-support-ukraine', 'https://www.youtube.com/watch?v=GBU5nOZxHzg', 'https://toledocitypaper.com/local-events/toledo-helps-ukraine-hosts-painting-event-to-aid-international-war-efforts', 'https://www.facebook.com/groups/toledohelpsukraine']"
205.73,1,0,0,0,1,0,0.0,0.0,0.0,0.0,0,0,0,1,0.12,13,0.0,0,0,0,0,0,0,0,0,1,0,0,0,0,0,0,0,0,torbayukraine.co.uk,co.uk,https://www.torbayukraine.co.uk,200,0,False,200,False,False,False,False,False,False,0,0,0,0,0,2022-04-15,[]
1.06,1,0,0,0,1,0,0.0,0.0,0.0,0.0,0,0,0,0,0.55,9,0.0,0,0,0,0,0,0,0,0,1,1,1,1,1,1,1,1,1,toukraine.info,info,https://www.toukraine.info,200,1,False,200,False,False,False,False,True,False,75,0,0,0,0,2022-04-02,[]
16.52,1,0,0,0,1,6,40.17,14.24,0.0,0.5,0,0,0,0,0.03,20,0.0,0,0,0,0,0,0,0,0,0,0,2,2,2,0,0,2,0,tousunispourlukraine.fr,fr,https://www.tousunispourlukraine.fr,-1,0,False,200,False,False,False,False,False,False,0,0,0,0,0,2022-04-20,"['http://aide.lws.fr/base/generalites/Espace-Client/Decouvrir-LWS-Panel', 'https://www.facebook.com/lws.fr', 'https://twitter.com/Lwshosting', 'https://plus.google.com/102974673929670806972', 'https://www.youtube.com/user/lwshosting', 'http://blog.lws-hosting.com']"
2.45,1,0,0,0,1,0,0.0,0.0,0.0,0.0,0,0,0,0,0.16,15,0.0,0,0,0,0,0,0,1,0,1,0,1,1,1,1,1,1,0,tradeforukraine.com,com,https://www.tradeforukraine.com,200,0,False,200,False,False,False,False,False,False,0,0,0,0,0,2022-03-02,[]
49.05,1,1,0,1,1,2,57.5,17.5,0.0,0.5,0,0,0,0,0.16,12,0.0,0,0,0,0,0,0,0,0,1,0,2,2,2,0,2,2,0,trainukraine.com,com,https://www.trainukraine.com,200,0,False,200,False,False,False,False,False,False,40,0,0,0,0,2022-03-07,"['https://www.facebook.com/trainforukraine', 'https://find-and-update.company-information.service.gov.uk/company/13963111']"
1.08,1,0,0,0,15,0,0.0,0.0,0.0,0.0,0,0,0,0,0.05,17,0.0,1,0,0,0,0,0,0,0,0,0,1,1,1,-1,2,1,0,transition-ukraine.org,org,https://www.transition-ukraine.org,200,0,False,200,False,False,False,False,True,False,55,0,0,0,0,2022-04-23,[]
1.01,1,0,0,0,1,0,0.0,0.0,0.0,0.0,0,0,1,0,0.01,16,0.0,1,0,0,0,0,0,0,0,1,0,1,1,1,1,1,1,1,translate-ukraine.de,de,https://www.translate-ukraine.de,200,0,False,200,False,False,False,False,True,False,75,0,0,0,0,2022-06-01,[]
42.84,1,0,0,0,7,3,29.0,6.53,0.0,0.0,0,0,1,0,0.06,21,0.0,0,0,0,0,0,0,2,0,0,0,0,2,2,0,2,2,0,translatorsforukraine.eu,eu,https://www.translatorsforukraine.eu,200,0,False,200,False,False,False,False,False,False,40,0,0,0,0,2022-03-01,"['https://tlumaczedlaukrainy.pl', 'https://forms.office.com/r/VwYATbuu26', 'https://wordpress.org']"
102.47,0,0,0,0,1,13,53.31,25.34,0.0,0.38,1,0,0,0,0.05,23,0.0,0,0,0,0,0,0,1,0,0,0,0,0,0,0,0,0,0,traumahealingforukraine.org,org,https://www.traumahealingforukraine.org,200,0,False,301,False,False,False,False,False,False,0,0,0,0,0,2022-04-20,"['https://www.diu.edu/cewa', 'https://diu.networkforgood.com/projects/158786-ukraine-focused-trauma-healing-and-arts-training', 'https://docs.google.com/forms/d/e/1FAIpQLScyla8hdMGGs0Tia2khzdlnlyqvpnNkDCorSvLDNelqZJq6lA/viewform', 'https://www.eventbrite.com/o/global-trauma-healing-services-sil-international-30758589432', 'https://www.simusa.org/traumahealing', 'http://www.traumahealinginstitute.org', 'https://www.facebook.com/dallasintluniversity', 'https://twitter.com/DallasIntlU', 'https://www.linkedin.com/school/dallas-international-university', 'https://www.instagram.com/dallasintluniversity/?hl=en', 'https://www.youtube.com/c/DallasInternationalUniversity', 'https://www.ecfa.org', 'https://www.charitynavigator.org/ein/752760831']"
61.07,0,0,0,0,3,2,24.5,5.5,0.0,0.0,0,0,0,0,0.01,20,0.0,0,0,0,0,0,0,0,0,0,0,0,0,0,0,0,0,0,traumatherapyukraine.nl,nl,https://www.traumatherapyukraine.nl,200,1,False,200,False,False,False,False,False,False,0,0,0,0,0,2022-06-08,"['https://traumatherapychoice.nl', 'https://bluebeez.nl']"
0.11,1,0,0,0,1,0,0.0,0.0,0.0,0.0,0,0,1,0,0.13,13,0.0,0,0,0,0,0,0,0,0,1,1,1,1,1,1,1,1,1,travelukraine.online,online,https://www.travelukraine.online,-1,0,False,200,True,False,False,False,True,False,90,0,0,0,0,2022-04-28,[]
3.65,1,0,0,0,1,1,52.0,0.0,0.0,0.0,0,0,1,0,0.08,13,0.0,0,0,0,0,0,0,0,0,1,0,2,2,2,0,2,2,1,travelukraine.pl,pl,https://www.travelukraine.pl,200,0,False,200,False,False,False,False,True,False,75,0,0,0,0,2022-04-28,['https://www.aftermarket.pl/?utm_source=parking_click']
3.65,1,0,0,0,1,1,52.0,0.0,0.0,0.0,0,0,1,0,0.08,13,0.0,1,0,0,0,0,0,0,0,0,0,2,2,2,0,2,2,1,travel-ukraine.pl,pl,https://www.travel-ukraine.pl,-1,0,False,200,False,False,False,False,True,False,75,0,0,0,0,2022-04-27,['https://www.aftermarket.pl/?utm_source=parking_click']
0.96,1,0,0,0,1,0,0.0,0.0,0.0,0.0,0,0,0,0,0.16,19,0.0,0,0,0,0,0,0,1,0,0,0,1,1,1,1,1,1,0,trustwaveforukraine.com,com,https://www.trustwaveforukraine.com,-1,0,False,200,False,False,False,False,True,False,55,0,0,0,0,2022-03-26,[]
0.24,1,0,0,0,1,1,35.0,0.0,1.0,0.0,1,0,0,0,0.01,16,0.0,0,0,0,0,0,0,1,0,0,0,2,1,2,0,2,2,1,tshirtforukraine.ee,ee,https://www.tshirtforukraine.ee,200,0,False,200,False,False,False,False,True,False,75,0,0,0,0,2022-03-05,['https://forms.gle/mrx9gVPHUxHae6UDA']
848.17,1,0,0,0,6,1,107.0,0.0,0.0,0.0,0,0,0,0,0.16,14,0.067,0,0,0,0,0,0,0,1,1,0,0,0,0,0,0,0,0,tshirts4ukraine.com,com,https://www.tshirts4ukraine.com,-1,0,False,200,False,False,False,False,True,False,55,0,0,0,0,2022-04-21,['https://bank.gov.ua/en/news/all/natsionalniy-bank-vidkriv-spetsrahunok-dlya-zboru-koshtiv-na-potrebi-armiyi']
90.87,1,0,0,0,15,1,39.0,0.0,0.0,0.0,0,0,0,0,0.13,17,0.0,0,0,0,0,0,0,1,0,1,0,0,0,0,0,0,0,0,tshirtsforukraine.net,net,https://www.tshirtsforukraine.net,200,0,False,200,False,False,False,False,False,False,0,0,0,0,0,2022-03-28,['https://shirtsforukraine.groovekart.com']
46.18,1,0,0,0,25,1,39.0,0.0,0.0,0.0,0,0,0,0,0.55,14,0.0,0,0,0,1,0,0,0,0,0,0,2,2,2,0,0,2,0,twhelpsukraine.info,info,https://www.twhelpsukraine.info,200,0,False,200,False,False,False,False,True,False,55,0,0,0,0,2022-04-01,['https://twbc.online/ukrainiannewsletter']
186.26,1,1,0,0,2,2,72.0,37.0,0.5,0.0,1,0,0,0,0.16,12,0.0,0,0,0,0,0,0,0,0,1,0,0,0,0,0,0,0,0,txukrainians.com,com,https://www.txukrainians.com,200,0,False,200,False,False,False,False,True,False,55,0,0,0,0,2022-03-02,"['https://www.google.com/url?q=https%3A%2F%2Flibertyukraine.org%2F&sa=D&sntz=1&usg=AOvVaw2ZW_EB6uXLtxme4uRTuCX5', 'https://forms.gle/2M1fsb6AJUCiJbUM6']"
2.08,1,0,0,0,3,1,35.0,0.0,0.0,1.0,0,0,0,0,0.16,8,0.111,0,0,0,0,0,0,0,1,1,0,2,2,2,0,2,2,0,u4ukraine.com,com,https://www.u4ukraine.com,200,0,False,302,False,False,False,False,True,False,55,0,0,0,0,2022-03-14,['https://www.instagram.com/u4ukraine']
2.08,1,0,0,0,3,1,35.0,0.0,0.0,1.0,0,0,0,0,0.01,11,0.0,0,0,0,0,0,0,1,0,0,0,2,2,2,0,2,2,0,uforukraine.ch,ch,https://www.uforukraine.ch,200,0,False,200,False,False,False,False,True,False,55,0,0,0,0,2022-03-14,['https://www.instagram.com/u4ukraine']
130.29,1,0,0,1,2,5,37.6,6.37,0.0,0.6,0,0,0,0,0.05,12,0.0,0,0,0,1,0,0,0,0,1,0,0,0,0,0,0,0,0,uhelpukraine.org,org,https://www.uhelpukraine.org,200,0,False,200,False,False,False,False,False,False,0,0,0,0,0,2022-03-21,"['https://ternopilcity.gov.ua', 'https://ukrainiansunflowerinitiative.ca', 'https://www.instagram.com/uhelpukraine', 'https://www.linkedin.com/company/u-help-ukraine', 'https://www.facebook.com/uhelpukraine']"
46.22,1,0,0,0,3,1,21.0,0.0,0.0,0.0,0,0,0,0,0.05,14,0.0,0,0,0,0,0,0,1,0,1,0,0,0,0,0,0,0,0,ukesforukraine.org,org,https://www.ukesforukraine.org,200,0,False,200,False,False,False,False,False,False,0,0,0,0,0,2022-02-28,['https://wordpress.org']
133.19,1,0,0,0,71,3,38.67,3.09,0.0,1.0,0,0,0,0,0.05,12,0.0,2,0,0,0,0,0,1,0,1,0,0,0,0,0,0,0,1,uk-for-ukraine.org,org,https://www.uk-for-ukraine.org,200,0,False,200,False,False,False,False,True,False,78,0,0,0,0,2022-03-27,"['http://facebook.com/UKforUkraine.org', 'http://instagram.com/_uk_for_ukraine_', 'https://www.youtube.com/watch?v=cXsANVYwXTU']"
872.68,1,0,0,0,4,4,61.0,10.42,0.0,0.25,0,0,0,0,0.16,16,0.0,0,0,0,1,0,0,1,0,1,0,0,0,0,0,0,0,0,ukhelpforukraine.com,com,https://www.ukhelpforukraine.com,200,0,False,200,False,False,False,False,False,False,0,0,0,0,0,2022-04-15,"['https://www.facebook.com/groups/banburyforukraine', 'https://www.gofundme.com/f/bucza-bucha-banbury-ukraine', 'https://www.amazon.co.uk/hz/wishlist/ls/MQY19DS9KJ6/ref=nav_wishlist_lists_1', 'https://www.signupgenius.com/go/10c0e4caaa62ba6fec34-volunteering']"
1.09,1,0,0,0,1,0,0.0,0.0,0.0,0.0,0,0,0,0,0.16,20,0.0,0,0,0,0,0,0,1,0,0,1,1,1,1,1,1,1,1,ukhomesforukrainians.com,com,https://www.ukhomesforukrainians.com,-1,0,False,200,True,False,False,False,True,False,88,0,0,0,0,2022-03-16,[]
175.71,1,0,0,0,1,5,25.2,7.28,0.0,0.2,0,0,0,0,0.04,7,0.0,0,0,0,0,0,0,0,0,1,1,0,0,0,0,0,0,0,ukraine.am,am,https://www.ukraine.am,-1,0,False,200,False,False,False,False,True,False,55,0,0,0,0,2022-05-08,"['https://armeniadomains.com', 'https://www.isoc.am', 'https://www.amnic.net', 'https://www.icann.org', 'https://www.facebook.com/armeniadomains']"
112.44,1,0,0,0,1,6,27.83,11.23,0.0,0.33,0,0,0,0,0.01,7,0.0,0,0,0,0,0,0,0,0,0,0,0,0,0,0,0,0,0,ukraine.ch,ch,https://www.ukraine.ch,200,0,False,308,False,False,False,False,False,False,0,0,0,0,0,2022-07-11,"['https://ledimanche.ch', 'https://www.facebook.com/search/top/?q=ledimanche.ch', 'http://ledimanchech', 'https://www.youtube.com/300ch', 'https://nordvpn.li/2023', 'https://yall0.ch/offres']"
256.1,0,0,0,0,1,0,0.0,0.0,0.0,0.0,0,0,0,0,0.01,7,0.0,0,0,0,0,0,0,0,0,0,0,0,0,0,0,0,0,0,ukraine.nz,nz,https://www.ukraine.nz,200,1,False,200,False,False,False,False,False,False,0,0,0,0,0,2022-03-02,[]
136.44,1,0,0,0,45,1,39.0,0.0,0.0,0.0,0,0,0,0,0.01,7,0.0,0,0,0,0,0,0,0,0,0,0,0,0,0,0,0,0,0,ukraine.ps,ps,https://www.ukraine.ps,-1,0,False,200,False,False,False,False,True,False,55,0,0,0,0,2022-03-20,['https://cookiedatabase.org/tcf/purposes']
6.58,1,0,0,0,14,2,27.0,2.0,0.0,0.0,0,0,0,0,0.01,7,0.125,0,0,0,0,0,0,0,0,1,0,2,2,2,0,0,2,0,ukraine2.ch,ch,https://www.ukraine2.ch,-1,0,False,200,False,False,False,False,False,False,0,0,0,0,0,2022-04-04,"['https://timecodedesign.ch', 'https://www.schell-consult.ch']"
42.64,1,0,0,0,3,1,59.0,0.0,0.0,0.0,0,0,0,0,0.03,7,0.125,0,0,0,0,0,0,0,0,0,0,2,2,2,0,0,2,0,ukraine2.uk,uk,https://www.ukraine2.uk,-1,0,False,200,False,False,False,False,True,False,61,0,0,0,0,2022-04-27,['https://changenow.io/faq/what-is-the-expected-exchange-rate']
226.66,1,0,0,0,1,0,0.0,0.0,0.0,0.0,0,0,0,0,0.16,7,0.222,0,0,0,0,0,0,0,0,1,1,0,0,0,0,0,0,0,ukraine20.com,com,https://www.ukraine20.com,-1,0,False,200,False,False,False,False,False,False,0,0,0,0,0,2022-05-03,[]
217.01,1,0,0,0,35,2,43.5,10.5,0.0,0.0,0,0,0,0,0.13,7,0.333,1,0,0,0,0,0,0,0,1,0,0,0,0,0,0,0,0,ukraine-2001.net,net,https://www.ukraine-2001.net,200,0,False,200,False,False,False,False,False,False,0,0,0,0,0,2022-05-27,"['http://http://www.ukraine-2001.net/service/corn-drying', 'http://construct.stm/our-partners']"
0.69,1,0,0,0,1,0,0.0,0.0,0.0,0.0,0,0,1,0,0.01,7,0.333,1,0,0,0,0,0,0,0,0,0,1,1,1,1,1,1,1,ukraine-2022.de,de,https://www.ukraine-2022.de,200,0,False,200,False,False,False,False,True,False,75,0,0,0,0,2022-04-05,[]
1.19,1,0,0,0,1,1,20.0,0.0,0.0,0.0,0,0,1,0,0.06,7,0.364,0,0,0,0,0,0,0,0,0,0,2,2,2,0,2,2,0,ukraine2022.eu,eu,https://www.ukraine2022.eu,200,0,False,200,False,False,False,False,False,False,0,0,0,0,0,2022-03-01,['https://www.web4u.cz']
4.76,1,0,0,0,12,1,72.0,0.0,0.0,0.0,0,0,0,0,0.16,13,0.235,0,0,0,0,0,0,0,0,0,0,2,2,2,0,0,2,0,ukraine2022photos.com,com,https://www.ukraine2022photos.com,200,0,False,200,False,False,False,False,True,False,55,0,0,0,0,2022-03-15,['https://drive.google.com/drive/folders/1jWcOX_twS70QkOq914fgRQEJ80R47lKZ']
1.19,1,0,0,0,1,1,20.0,0.0,0.0,0.0,0,0,1,0,0.06,7,0.364,0,0,0,0,0,0,0,0,1,0,2,1,2,0,2,2,0,ukraine2030.eu,eu,https://www.ukraine2030.eu,200,0,False,200,False,False,False,False,False,False,0,0,0,0,0,2022-03-01,['https://www.web4u.cz']
73.05,1,0,0,0,15,0,0.0,0.0,0.0,0.0,0,0,0,1,0.16,7,0.222,0,0,0,0,0,0,0,0,1,0,0,0,0,0,1,0,0,ukraine24.com.ua,com.ua,https://www.ukraine24.com.ua,-1,0,False,200,False,False,False,False,False,False,35,0,0,0,0,2022-04-11,[]
207.01,1,0,0,0,58,6,54.33,22.94,0.17,0.67,0,1,0,0,0.05,7,0.222,0,0,0,0,0,0,0,0,0,0,0,0,0,0,0,0,0,ukraine24.org,org,https://www.ukraine24.org,200,0,False,200,False,False,False,False,False,False,0,0,0,0,0,2022-04-01,"['https://www.ipay.ua/en/bills/bo-mezhdunarodnyy-blagotvoritel-nyy-fond-fond-yu24-pozhertvovat-online', 'https://www.paypal.com/donate/?hosted_button_id=ZBVGFJVQ9UVVN', 'https://www.facebook.com/Ukraine24Foundation', 'https://www.instagram.com/u24_foundation', 'https://www.youtube.com/channel/UCHxyVue6afym0xKdCcM4oZA', 'https://t.me/U24Foundation']"
96.75,1,0,0,0,6,6,41.5,43.74,0.0,0.0,0,0,0,0,0.16,7,0.3,0,0,0,0,0,0,0,0,0,0,0,0,0,0,0,0,0,ukraine242.com,com,https://www.ukraine242.com,200,0,False,200,False,False,False,False,False,False,0,0,0,0,0,2022-04-28,"['http://Womr.org', 'http://krainafm.com.ua', 'http://pacificanetwork.org', 'https://radiofabrik.at', 'https://cba.fro.at/557463', 'https://www.godaddy.com/websites/website-builder?isc=pwugc&utm_source=wsb&utm_medium=applications&utm_campaign=en-us_corp_applications_base']"
170.24,1,0,0,0,7,1,19.0,0.0,0.0,0.0,0,0,0,0,0.16,11,0.154,0,0,0,1,0,0,0,0,1,0,0,0,0,0,0,0,1,ukraine24help.com,com,https://www.ukraine24help.com,200,0,False,200,False,False,False,False,True,False,78,0,0,0,0,2022-03-02,['https://wpastra.com']
81.61,1,0,0,0,18,0,0.0,0.0,0.0,0.0,0,0,0,0,0.16,16,0.059,0,0,0,0,0,0,0,0,0,0,0,0,0,0,0,0,0,ukraine2chilterns.com,com,https://www.ukraine2chilterns.com,200,0,False,200,False,False,False,False,False,False,0,0,0,0,0,2022-05-16,[]
28.77,1,0,0,0,8,3,27.67,6.65,0.33,0.0,0,0,1,0,0.01,7,0.222,0,0,0,0,0,0,0,0,0,0,2,2,2,0,2,2,0,ukraine38.de,de,https://www.ukraine38.de,200,0,False,200,False,False,False,False,False,False,0,0,0,0,0,2022-04-05,"['https://t1p.de/Imprint-DataProtection', 'https://rarathemes.com', 'https://de.wordpress.org']"
56.37,1,0,0,0,4,0,0.0,0.0,0.0,0.0,0,0,0,0,0.05,7,0.3,0,0,0,0,0,0,0,0,1,0,0,0,0,0,0,0,0,ukraine911.org,org,https://www.ukraine911.org,-1,0,False,301,False,False,False,False,False,False,0,0,0,0,0,2022-03-21,[]
134.86,1,0,0,0,171,0,0.0,0.0,0.0,0.0,0,0,1,0,0.08,13,0.0,0,0,0,0,1,0,0,0,0,0,0,0,1,-1,0,0,0,ukraineablaze.art,art,https://www.ukraineablaze.art,200,0,False,200,False,False,False,False,False,False,0,0,0,0,0,2022-04-16,[]
53.71,0,1,1,1,2,2,28.0,13.0,0.0,0.0,0,0,0,0,0.16,9,0.0,0,0,0,0,0,0,0,0,1,1,0,2,2,0,2,2,1,ukraineai.com,com,https://www.ukraineai.com,200,1,False,200,True,False,False,False,True,False,99,0,0,0,0,2022-03-04,"['https://dan.com', 'https://www.trustpilot.com/review/dan.com']"
126.66,1,0,1,0,7,4,46.5,9.91,0.0,0.75,0,0,0,0,0.01,10,0.0,1,0,0,1,1,0,0,0,0,0,0,0,0,0,2,0,0,ukraine-aid.care,care,https://www.ukraine-aid.care,200,0,False,200,False,False,False,False,False,False,0,0,0,0,0,2022-04-01,"['https://www.facebook.com/ghaUSinc', 'https://www.linkedin.com/company/89727418', 'https://www.youtube.com/channel/UCFXhIYG7qhJcET7s8yEFRow', 'https://www.pinterest.com/0h9a3jujg09pkaoh86v5bh5klf0juf']"
119.42,1,0,0,0,13,6,46.5,15.77,0.0,0.67,0,0,0,0,0.04,10,0.0,0,0,0,1,0,0,0,0,1,0,0,0,0,0,0,0,0,ukraineaid.group,group,https://www.ukraineaid.group,200,0,False,200,False,False,False,False,False,False,0,0,0,0,0,2022-04-06,"['https://www.instagram.com/ukraineaid_group/?hl=en', 'https://www.facebook.com/ukraineaid.group', 'https://www.linkedin.com/company/ukraine-aid-group', 'https://twitter.com/UkraineAidGroup', 'https://www.squarespace.com', 'https://www.guidestar.org/profile/shared/9b81e9e3-cf71-4dc1-acb0-7e9ed403e410']"
57.61,1,0,0,0,20,1,26.0,0.0,0.0,0.0,0,0,0,0,0.55,10,0.0,0,0,0,1,0,0,0,0,0,0,0,0,0,0,0,0,1,ukraineaid.info,info,https://www.ukraineaid.info,200,0,False,200,False,False,False,False,True,False,78,0,0,0,0,2022-03-02,['https://www.crafthemes.com']
123.04,1,0,0,0,9,6,43.5,15.5,0.0,0.17,0,1,0,0,0.55,10,0.0,1,0,0,1,0,0,0,0,0,0,0,0,0,0,0,0,0,ukraine-aid.info,info,https://www.ukraine-aid.info,200,0,False,200,False,False,False,False,False,False,40,0,0,0,0,2022-04-03,"['https://www.facebook.com/ukraine-aidinfo-103909558920350', 'https://www.paypal.com/donate/?hosted_button_id=4CQJE3WZ5BP28', 'https://www.easyfundraising.org.uk/causes/ukraine-aid-info', 'https://carbonart45.com', 'https://www.coventry-demolition.co.uk', 'http://portfolio.adobe.com']"
359.39,1,0,0,0,2,3,40.33,5.56,0.0,0.33,0,0,0,0,0.05,10,0.091,0,0,0,1,0,0,0,0,0,0,0,0,0,0,0,0,0,ukraineaid1.org,org,https://www.ukraineaid1.org,200,0,False,200,False,False,False,False,True,False,55,0,0,0,0,2022-03-04,"['http://www.imagineprojectgreece.com', 'https://www.facebook.com/groups/1841993042656552', 'https://secure.cardcom.solutions/e/M1e']"
1093.26,0,0,0,0,1,3,44.33,14.34,0.0,0.0,0,1,0,0,0.16,30,0.0,0,0,1,1,1,0,0,0,0,0,0,0,0,0,0,0,0,ukraineaidandrebuildingfundinc.com,com,https://www.ukraineaidandrebuildingfundinc.com,200,0,False,200,False,False,False,False,True,False,55,0,0,0,0,2022-03-06,"['https://www.ukraidfund.org', 'https://www.paypal.com/donate/?hosted_button_id=MMWK22FMXBGYS', 'https://wix.com/?utm_campaign=vir_created_with']"
0.11,1,0,0,0,1,0,0.0,0.0,0.0,0.0,0,0,0,0,0.16,14,0.0,0,0,1,1,0,0,0,0,0,0,1,1,1,1,1,1,0,ukraineaidfund.com,com,https://www.ukraineaidfund.com,-1,0,False,200,False,False,False,False,False,False,35,0,0,0,0,2022-03-20,[]
35.92,1,0,0,0,21,6,57.0,23.68,0.0,0.67,0,0,0,0,0.05,14,0.0,0,0,1,1,0,0,0,0,0,0,2,2,2,0,2,2,0,ukraineaidfund.org,org,https://www.ukraineaidfund.org,200,0,False,200,False,False,False,False,False,False,0,0,0,0,0,2022-03-24,"['https://www.facebook.com/UkraineAidFund', 'https://twitter.com/uaidfund', 'https://www.instagram.com/ukraineaidfund', 'https://kdvr.com/video/ukrainian-children-arrive-in-denver-for-special-trip/9018809', 'https://www.cbsnews.com/colorado/news/colorado-hosts-children-who-lost-fathers-war-ukraine/#', 'https://www.youtube.com/live/2OA1ImH2JjA?feature=share&t=982']"
273.76,1,1,1,0,12,1,116.0,0.0,0.0,0.0,0,0,0,0,0.16,13,0.0,0,0,0,1,0,0,0,0,0,0,0,0,0,0,0,0,0,ukraineaidhub.com,com,https://www.ukraineaidhub.com,200,1,False,200,False,False,False,False,True,False,55,0,0,0,0,2022-03-20,['https://secureservercdn.net/160.153.137.218/imk.3d8.myftpupload.com/wp-content/uploads/2022/03/8.jpg?time=1648036262']
147.95,1,0,0,0,20,4,60.25,3.96,0.0,1.0,0,0,0,0,0.05,23,0.0,0,0,0,1,0,0,0,0,0,0,0,0,0,0,0,0,0,ukraineaidinternational.org,org,https://www.ukraineaidinternational.org,-1,0,False,200,False,False,False,False,False,False,0,0,0,0,0,2022-04-21,"['https://instagram.com/ukraineaidinternational?igshid=YmMyMTA2M2Y=', 'https://www.facebook.com/profile.php?id=100090069523393', 'https://www.linkedin.com/company/ukraine-aid-international', 'https://twitter.com/ukraineaidint?s=21&t=xJm5U00Ju0-5Mvtzcuw1oQ']"
1.13,1,0,0,0,1,0,0.0,0.0,0.0,0.0,0,0,0,0,0.05,13,0.0,0,0,0,1,0,0,0,0,0,0,1,1,1,1,1,1,1,ukraineaidngo.org,org,https://www.ukraineaidngo.org,-1,0,False,200,False,False,False,False,True,False,77,0,0,0,0,2022-05-12,[]
153.45,1,0,0,0,4,1,55.0,0.0,0.0,0.0,0,0,0,0,0.16,13,0.0,0,0,0,1,0,0,0,0,0,0,0,0,0,0,0,0,0,ukraineaidnow.com,com,https://www.ukraineaidnow.com,200,1,False,200,False,False,False,False,False,False,0,0,0,0,0,2022-05-07,['https://adventistgiving.org/#/org/ANP4FQ/envelope/start']
2.23,1,0,0,0,1,0,0.0,0.0,0.0,0.0,0,0,0,1,0.12,13,0.0,0,0,0,1,0,0,0,0,0,0,1,1,1,1,1,1,0,ukraineaidops.co.uk,co.uk,https://www.ukraineaidops.co.uk,200,0,False,200,False,False,False,False,False,False,0,0,0,0,0,2022-04-28,[]
2.23,1,0,0,0,1,0,0.0,0.0,0.0,0.0,0,0,0,1,0.12,13,0.0,0,0,0,1,0,0,0,0,1,0,1,1,1,1,1,1,0,ukraineaidops.co.za,co.za,https://www.ukraineaidops.co.za,200,0,False,200,False,False,False,False,False,False,0,0,0,0,0,2022-04-28,[]
2.23,1,0,0,0,1,0,0.0,0.0,0.0,0.0,0,0,0,0,0.16,13,0.0,0,0,0,1,0,0,0,0,0,0,1,1,1,1,1,1,0,ukraineaidops.com,com,https://www.ukraineaidops.com,200,0,False,200,False,False,False,False,False,False,0,0,0,0,0,2022-04-28,[]
130.31,1,0,0,0,24,3,53.0,8.04,0.0,1.0,0,0,1,0,0.01,16,0.0,2,0,0,0,0,0,0,0,0,0,0,0,0,0,0,0,1,ukraine-air-rescue.de,de,https://www.ukraine-air-rescue.de,200,0,False,200,False,False,False,False,True,False,82,0,0,0,0,2022-03-08,"['https://www.instagram.com/ukraineairrescue', 'https://twitter.com/ukraine_air?s=21&t=H6qKgxq83mbtxTnYGQjTfw', 'https://www.youtube.com/channel/UCcbvjQerZ9rlkGSzyXUNGVw']"
81.29,1,0,0,0,37,1,24.0,0.0,0.0,0.0,0,0,1,0,0.01,14,0.0,1,0,0,0,0,0,0,0,0,0,0,0,0,0,0,0,1,ukraine-aktuell.de,de,https://www.ukraine-aktuell.de,200,0,False,200,False,False,False,False,True,False,82,0,0,0,0,2022-07-05,['https://de.wordpress.org']
474.09,1,0,0,0,5,4,37.0,16.81,0.25,0.25,0,0,0,0,0.16,12,0.0,0,0,0,0,0,1,0,0,0,0,0,0,0,0,0,0,0,ukrainealarm.com,com,https://www.ukrainealarm.com,200,0,False,200,False,False,False,False,True,False,55,0,0,0,0,2022-03-06,"['https://t.me/UkraineAlertBot', 'https://stfalcon.com/uk/portfolio/device_for_remote_warning_sirens', 'https://thedigital.gov.ua', 'https://ajax.systems/software']"
474.09,0,0,0,0,1,5,35.2,15.46,0.2,0.2,0,0,0,0,0.16,12,0.0,0,0,0,0,0,0,0,0,0,0,0,0,0,0,0,0,0,ukrainealert.com,com,https://www.ukrainealert.com,200,0,False,200,False,False,False,False,True,False,55,0,0,0,0,2022-03-05,"['https://www.ukrainealarm.com', 'https://t.me/UkraineAlertBot', 'https://stfalcon.com/uk/portfolio/device_for_remote_warning_sirens', 'https://thedigital.gov.ua', 'https://ajax.systems/software']"
565.94,1,1,0,1,4,4,60.0,43.65,0.25,0.5,0,0,0,0,0.05,12,0.0,0,0,0,0,0,0,0,0,0,0,0,0,0,0,0,0,0,ukrainealive.org,org,https://www.ukrainealive.org,404,0,False,200,False,False,False,False,False,False,0,0,0,0,0,2022-03-04,"['https://gofund.me/d679ca1d', 'https://docs.google.com/spreadsheets/d/1LNPZ4iOyE8KbibKPQOgvGUd_A5DNtv6P/edit?usp=sharing&ouid=104349022609774568268&rtpof=true&sd=true', 'https://www.facebook.com/Ukrainealive123', 'https://www.instagram.com/ukrainealive_']"
82.79,1,0,0,0,29,5,38.4,17.73,0.0,0.4,0,0,0,0,0.05,13,0.0,1,0,0,0,0,0,0,0,0,0,0,0,0,0,0,0,0,ukraine-angers.org,org,https://www.ukraine-angers.org,200,0,False,200,False,False,False,False,False,False,0,0,0,0,0,2022-03-17,"['https://fr.aideukraine.fr', 'http://www.ukrngo.com', 'http://Lamaisonsurlile.com', 'https://www.facebook.com/groups/3257378797881156/?ref=share', 'https://api.whatsapp.com/send?text=https://ukraine-angers.org']"
15.81,1,1,0,0,14,0,0.0,0.0,0.0,0.0,0,0,1,0,0.01,14,0.0,1,0,0,0,0,0,0,0,0,0,0,1,1,-1,2,1,0,ukraine-ansbach.de,de,https://www.ukraine-ansbach.de,200,0,False,200,False,False,False,False,False,False,0,0,0,0,0,2022-03-06,[]
0.47,1,0,0,0,1,0,0.0,0.0,0.0,0.0,0,0,0,0,0.16,23,0.0,0,0,0,0,0,0,0,0,1,0,1,1,1,1,1,1,1,ukraineansweringthecall.com,com,https://www.ukraineansweringthecall.com,200,1,False,200,False,False,False,False,True,False,75,0,0,0,0,2022-05-29,[]
0.85,1,0,0,0,1,0,0.0,0.0,0.0,0.0,0,0,0,0,0.16,20,0.0,0,0,0,0,0,0,0,0,0,0,1,1,1,1,1,1,1,ukraineanswerthecall.com,com,https://www.ukraineanswerthecall.com,-1,0,False,200,True,False,False,False,True,False,99,0,0,0,0,2022-07-05,[]
76.54,1,0,0,0,12,5,52.8,8.45,0.0,0.6,0,1,0,1,0.05,13,0.0,0,0,0,0,0,0,0,0,0,0,0,2,0,0,2,0,0,ukraineappeal.org.uk,org.uk,https://www.ukraineappeal.org.uk,200,0,False,200,False,False,False,False,False,False,0,0,0,0,0,2022-03-02,"['https://ukraine-appeal.tilda.ws/ukrainerelief', 'https://www.facebook.com/groups/847247683347678', 'https://www.linkedin.com/company/ukraineappeal', 'https://twitter.com/ukraineappeal22?s=11&t=yLD1YKstXTQRi5G6M4NoBg', 'https://www.paypal.com/donate/?hosted_button_id=3H6H7QMFJ262E']"
5.03,1,0,0,0,1,2,27.5,3.5,0.0,0.0,0,0,0,0,0.01,10,0.0,0,0,0,0,1,0,0,0,0,0,2,2,2,0,2,2,0,ukraineart.be,be,https://www.ukraineart.be,200,0,False,200,False,False,False,False,False,False,0,0,0,0,0,2022-03-13,"['https://www.ovhcloud.com', 'https://docs.ovh.com/fr/hosting']"
223.0,1,0,0,0,12,11,33.0,8.59,0.18,0.36,1,0,0,0,0.05,12,0.0,0,0,0,0,1,0,0,0,0,0,0,0,0,0,0,0,0,ukraineartco.org,org,https://www.ukraineartco.org,-1,0,False,301,False,False,False,False,False,False,0,0,0,0,0,2022-03-22,"['https://forms.gle/pBwfFHQSVmL98sF59', 'https://twitter.com/UkraineArtCo', 'https://www.instagram.com/UkraineArtCo', 'https://www.facebook.com/UkraineArtCo', 'https://discord.gg/5T6NTEQSq5', 'https://opensea.io/collection/stand-with-ukraine-15 ', 'https://razomforukraine.org', 'https://ukraine-art-co.vercel.app', 'https://www.linkedin.com/in/mikegrushin', 'https://NextLeague.com', 'https://filecoin.io']"
28.24,0,0,0,0,43,0,0.0,0.0,0.0,0.0,0,0,0,0,0.16,20,0.0,2,0,0,0,1,0,0,0,0,0,0,2,1,-1,2,2,0,ukraine-art-collection.com,com,https://www.ukraine-art-collection.com,200,0,False,200,False,False,False,False,True,False,55,0,0,0,0,2022-04-29,[]
36.09,1,0,0,1,2,15,36.47,18.99,0.0,0.13,0,0,1,0,0.1,12,0.0,0,0,0,0,0,1,0,0,0,0,2,2,2,0,2,2,0,ukraineatwar.today,today,https://www.ukraineatwar.today,200,0,False,200,False,False,False,False,True,False,55,0,0,0,0,2022-03-11,"['https://u24.gov.ua', 'https://savelife.in.ua/en', 'https://www.koloua.com/en/donate', 'https://www.hospitallers.life/needs-hospitallers', 'https://prytulafoundation.org/en/humanitarian-help', 'https://www.instagram.com/ukraine.ua', 'https://www.reddit.com/r/ukraine', 'https://twitter.com/i/lists/1497381085268922370', 'https://www.pravda.com.ua/eng/news', 'https://war.ukraine.ua/photos', 'https://post-to-stop-war.in.ua', 'https://shop.brave.ua', 'https://som.yale.edu/story/2022/almost-1000-companies-have-curtailed-operations-russia-some-remain', 'https://help.gov.ua/en', 'https://prykhystok.gov.ua']"
185.59,1,0,0,0,3,5,40.2,15.52,0.0,0.2,0,0,0,0,0.16,20,0.0,0,0,0,0,0,0,0,0,0,0,0,0,0,0,0,0,0,ukraineballetbenefit.com,com,https://www.ukraineballetbenefit.com,200,1,False,200,False,False,False,False,True,False,61,0,0,0,0,2022-05-20,"['https://www.youtube.com/watch?v=6chgKUOw4ik', 'https://secure.anedot.com/0a4f8169-c320-4aa1-8dfa-bf57180a3016/donate', 'https://zelenskafoundation.org/en', 'https://www.razomforukraine.org', 'https://www.unicefusa.org']"
58.43,1,0,0,0,10,2,32.5,5.5,0.0,0.0,0,0,1,0,0.01,18,0.0,2,0,0,0,0,0,0,0,0,0,0,0,0,0,0,0,1,ukraine-beratung-hdh.de,de,https://www.ukraine-beratung-hdh.de,200,0,False,200,False,False,False,False,True,False,82,0,0,0,0,2022-04-20,"['https://www.stmas.bayern.de', 'https://www.hausderheimat-nuernberg.de']"
17.42,0,0,0,0,6,3,28.0,7.79,0.0,0.0,0,0,0,0,0.16,13,0.0,0,0,0,0,0,0,0,0,0,0,2,2,2,0,0,2,0,ukrainebibles.com,com,https://www.ukrainebibles.com,200,0,False,301,False,False,False,False,False,False,0,0,0,0,0,2022-07-20,"['https://www.revelationmedia.com/donate', 'https://www.i.bible', 'http://www.ncolinternet.com']"
179.93,1,0,1,0,6,1,47.0,0.0,0.0,0.0,0,0,0,0,0.16,12,0.0,0,0,0,0,0,0,0,0,0,0,0,0,0,0,0,0,0,ukrainebirds.com,com,https://www.ukrainebirds.com,200,0,False,200,False,False,False,False,False,False,0,0,0,0,0,2022-05-15,['https://opensea.io/collection/boredapeyachtclub']
62.66,1,0,0,0,3,1,25.0,0.0,0.0,0.0,0,0,0,0,0.16,19,0.0,0,0,0,0,0,0,0,0,0,0,0,0,0,0,0,0,0,ukrainebreakingnews.com,com,https://www.ukrainebreakingnews.com,-1,0,False,200,False,False,False,False,True,False,55,0,0,0,0,2022-07-15,['https://www.yoventures.us']
1.07,1,0,0,0,1,0,0.0,0.0,0.0,0.0,0,0,0,0,0.05,13,0.0,0,0,0,0,0,0,0,0,1,0,1,1,1,1,1,1,1,ukrainebrides.org,org,https://www.ukrainebrides.org,-1,0,False,200,True,False,False,False,True,False,99,0,0,0,0,2022-03-26,[]
34.77,1,1,1,1,2,2,71.0,30.0,0.0,0.0,0,0,0,0,0.13,15,0.0,0,0,0,0,0,0,0,0,0,1,2,2,2,0,2,2,1,ukrainebusiness.net,net,https://www.ukrainebusiness.net,-1,0,False,200,True,False,False,False,True,False,99,0,0,0,0,2022-03-19,"['https://dan.com/?utm_campaign=Parking&utm_medium=parking&utm_source=.net&utm_term=ukrainebusiness.net', 'https://www.trustpilot.com/review/dan.com']"
145.34,1,0,0,0,140,1,163.0,0.0,0.0,0.0,0,0,0,0,0.18,15,0.0,0,0,0,0,0,0,0,0,1,0,2,2,2,0,0,2,1,ukrainecamgirls.club,club,https://www.ukrainecamgirls.club,200,0,False,200,False,False,False,False,True,True,75,0,0,0,0,2022-07-21,['https://go.rmhfrtnd.com?sourceId=butnaked&campaignId=header_banner&action=sbSignupWithModel&userId=cef0cee91ca1a440ec9aee9842d2774e5f6a59b82fafce3ba60c201bd65c4499']
68.75,1,0,0,0,3,1,21.0,0.0,0.0,0.0,0,0,0,0,0.16,19,0.0,0,0,0,0,0,0,0,0,0,0,0,0,0,0,0,0,0,ukrainecanoeconnect.com,com,https://www.ukrainecanoeconnect.com,200,0,False,200,False,False,False,False,True,False,25,0,0,0,0,2022-03-18,['https://wordpress.org']
0.11,1,0,0,0,1,0,0.0,0.0,0.0,0.0,0,0,0,0,0.16,11,0.0,0,0,0,0,1,0,0,0,1,1,1,1,1,1,1,1,1,ukrainecare.com,com,https://www.ukrainecare.com,-1,0,False,200,True,False,False,False,True,False,90,0,0,0,0,2022-02-27,[]
734.31,1,0,1,0,4,4,38.0,14.65,0.0,0.75,0,1,0,0,0.05,12,0.0,0,0,0,0,0,0,0,0,0,0,0,0,0,0,0,0,0,ukrainechain.org,org,https://www.ukrainechain.org,200,0,False,200,False,False,False,False,False,False,77,0,0,0,0,2022-05-13,"['https://www.facebook.com/wix', 'https://twitter.com/Wix', 'https://www.linkedin.com/company/wix-com', 'https://www.paypal.com/donate/?hosted_button_id=73GVVDDNL84NJ']"
47.37,1,1,0,0,48,3,34.0,5.72,0.67,1.0,0,0,0,0,0.05,18,0.0,2,0,1,0,0,0,0,0,0,0,2,2,2,0,2,2,0,ukraine-charity-fund.org,org,https://www.ukraine-charity-fund.org,200,0,False,301,False,False,False,False,False,False,0,0,0,0,0,2022-04-08,"['https://t.me/Good_day_we_are_from_Ukr', 'https://wa.me/380672900900', 'https://facebook.com/CHARITYFUNDUKRAINE']"
35.31,1,0,0,0,10,7,22.57,4.72,0.0,0.0,0,0,0,0,0.01,22,0.0,0,0,0,1,0,0,0,0,0,0,0,2,2,0,2,2,0,ukrainechildcancerhelp.ro,ro,https://www.ukrainechildcancerhelp.ro,200,0,False,200,False,False,False,False,True,False,55,0,0,0,0,2022-03-13,"['https://www.commitglobal.org', 'https://www.srohp.ro', 'https://www.daruiestearipi.ro', 'https://code4.ro', 'http://dopomoha.ro', 'http://sprijindeurgenta.ro', 'https://unacoperis.ro']"
75.83,1,1,0,0,12,5,25.4,6.02,0.0,0.0,0,0,1,0,0.06,19,0.0,2,0,0,1,0,0,0,0,0,0,0,0,0,0,2,0,0,ukraine-children-help.eu,eu,https://www.ukraine-children-help.eu,200,0,False,301,False,False,False,False,False,False,0,0,0,0,0,2022-03-18,"['https://gp.gov.ua', 'https://e-altsest.com/about', 'https://www.riversystems.it/it', 'https://themeisle.com/themes/neve', 'http://wordpress.org']"
14.95,1,0,0,1,1,9,53.44,11.71,0.0,0.11,0,0,0,0,0.16,16,0.0,0,0,0,0,0,0,0,0,0,0,2,2,2,0,2,2,0,ukrainechristian.com,com,https://www.ukrainechristian.com,200,0,False,200,False,False,False,False,False,False,0,0,0,0,0,2022-03-27,"['https://www.bilingualtractsforphones.com/ukrainian', 'http://www.ethnicharvest.org/bibles/ukrainian.htm', 'https://www.goodsoilevangelism.com/ukrainian-good-soil-evangelism', 'https://www.scriptureearth.org/00i-Scripture_Index.php?sortby=lang&idx=1760', 'https://www.jesusfilmsignlanguage.com/ukrainian', 'https://joshuaproject.net/countries/UP', 'https://www.russianchristianresources.com', 'https://unitedbiblesocieties.org/locations/ukrainian-bible-society', 'https://www.facebook.com/UkraineChristianResources']"
268.21,1,0,0,1,53,0,0.0,0.0,0.0,0.0,0,0,0,0,0.16,15,0.0,0,0,0,0,0,0,0,0,1,0,0,0,0,0,0,0,0,ukrainecleaners.com,com,https://www.ukrainecleaners.com,200,0,False,200,False,False,False,False,False,False,0,0,0,0,0,2022-07-10,[]
421.85,0,0,0,0,1,4,39.75,6.98,0.0,0.0,0,0,0,0,0.16,23,0.0,0,0,0,0,0,0,0,0,1,0,0,0,0,0,0,0,0,ukraineclincialguidance.com,com,https://www.ukraineclincialguidance.com,404,0,False,200,False,False,False,False,True,False,55,0,0,0,0,2022-04-05,"['https://www.ukraineclinicalguidance.com', 'https://www.civilianfirstaid.org', 'https://99nicu.org/clubs/5-support-nicus-in-ukraine', 'https://eu.surveymonkey.com/r/V3XXVXD']"
70.95,1,0,0,0,3,0,0.0,0.0,0.0,0.0,0,0,0,1,0.12,13,0.0,0,0,0,0,0,0,0,0,0,0,0,0,0,0,1,0,0,ukraineclinic.co.uk,co.uk,https://www.ukraineclinic.co.uk,200,0,False,200,False,False,False,False,False,False,0,0,0,0,0,2022-07-17,[]
421.85,1,0,0,0,10,3,40.0,8.04,0.0,0.0,0,0,0,0,0.16,23,0.0,0,0,0,0,0,0,0,0,1,0,0,0,0,0,0,0,0,ukraineclinicalguidance.com,com,https://www.ukraineclinicalguidance.com,404,0,False,200,False,False,False,False,True,False,55,0,0,0,0,2022-04-06,"['https://www.civilianfirstaid.org', 'https://99nicu.org/clubs/5-support-nicus-in-ukraine', 'https://eu.surveymonkey.com/r/V3XXVXD']"
53.3,0,1,1,1,2,2,28.0,13.0,0.0,0.0,0,0,0,0,0.16,14,0.0,0,0,0,0,0,0,0,0,0,0,0,2,2,0,2,2,1,ukrainecompany.com,com,https://www.ukrainecompany.com,200,1,False,200,True,False,False,False,True,False,99,0,0,0,0,2022-03-04,"['https://dan.com', 'https://www.trustpilot.com/review/dan.com']"
631.6,1,0,0,0,7,0,0.0,0.0,0.0,0.0,0,0,0,0,0.55,14,0.0,0,0,0,0,0,0,0,0,0,0,0,0,0,0,0,0,0,ukraineconnect.info,info,https://www.ukraineconnect.info,-1,0,False,200,False,False,False,False,True,False,55,0,0,0,0,2022-03-16,[]
6.64,1,0,0,0,1,10,47.2,19.25,0.0,0.1,0,0,0,0,0.05,16,0.0,1,0,0,0,0,0,0,0,0,0,2,2,2,0,0,2,0,ukraine-connected.org,org,https://www.ukraine-connected.org,-1,0,False,200,False,False,False,False,True,False,25,0,0,0,0,2022-06-15,"['https://sites.google.com/view/ukraine-connected/home', 'https://cs.ijs.si/tools/rpus/krizkraz/index.html', 'https://centerslo.si/.../ucbeniki-in-prirocniki/e-gradiva', 'https://m.youtube.com/channel/UCCiAJBpl37Ug8_ghEwq9hHQ', 'https://www.slonline.si/sl', 'http://www.medkulturnost.si', 'https://www.cene-stupar.si/.../epodpora-ucenju/e-gradiva', 'http://www.yuno.si', 'http://mylanguages.org/ukrainian_alphabet.php', 'https://infotujci.si/vkljucevanje-v-slovensko-druzbo/brezplacni-tecaji-slovenskega-jezika']"
0.11,1,0,0,0,1,0,0.0,0.0,0.0,0.0,0,0,0,0,0.16,13,0.0,0,0,0,0,0,0,0,0,0,1,1,1,1,1,1,1,1,ukraineconvoy.com,com,https://www.ukraineconvoy.com,200,1,False,200,True,False,False,False,True,False,77,0,0,0,0,2022-03-04,[]
644.32,1,0,0,0,3,3,46.33,4.5,0.0,0.67,0,0,0,0,0.05,15,0.0,0,0,0,0,0,0,0,0,1,0,0,0,0,0,0,0,0,ukrainecorridor.org,org,https://www.ukrainecorridor.org,200,0,False,200,False,False,False,False,False,False,0,0,0,0,0,2022-03-19,"['https://my.israelgives.org/en/campaign/ukraine_aid', 'https://www.facebook.com/ukrainecorridor', 'https://www.linkedin.com/company/ukraine-corridor']"
121.4,1,1,0,1,2,16,45.62,14.52,0.0,0.19,0,0,0,0,0.16,14,0.0,0,0,0,0,0,0,0,0,1,0,0,0,0,0,0,0,0,ukrainecourage.com,com,https://www.ukrainecourage.com,200,0,False,200,False,False,False,False,True,False,55,0,0,0,0,2022-03-02,"['https://www.instagram.com/ukrainecourage', 'https://www.redbubble.com/people/UkraineCourage/explore', 'https://war.ukraine.ua/donate', 'https://ukrainewar.carrd.co', 'https://bank.gov.ua/en/about/support-the-armed-forces', 'https://savelife.in.ua/en/donate', 'https://www.facebook.com/donate/337101825010055/7335616209812390', 'https://www.globalgiving.org/projects/ukraine-crisis-relief-fund', 'https://razomforukraine.org/donate', 'https://linktr.ee/razomforukraine#banner_open', 'https://www.amazon.com/registries/custom/213CYYQ6JDJT4/guest-view', 'https://www.ukrainenow.org', 'https://campshomria.com/blogs/yachad-for-ukraine-updates', 'https://stopwarinukraine.com/support-ukraine-write-to...', 'https://twitter.com/youranonnews/status/1498337491056836610', 'https://www.nv-design.com']"
158.17,1,0,0,0,21,0,0.0,0.0,0.0,0.0,0,0,0,0,0.16,17,0.0,0,0,1,0,0,0,0,0,0,0,0,0,0,0,0,0,0,ukrainecrisisfund.com,com,https://www.ukrainecrisisfund.com,200,0,False,200,False,False,False,False,False,False,0,0,0,0,0,2022-03-05,[]
88.37,1,0,0,0,2,0,0.0,0.0,0.0,0.0,0,0,0,0,0.16,26,0.0,0,0,0,0,0,0,0,0,0,0,0,0,0,0,0,0,0,ukrainecrisissuppliesdrive.com,com,https://www.ukrainecrisissuppliesdrive.com,200,0,False,200,False,False,False,False,True,False,55,0,0,0,0,2022-03-06,[]
209.18,1,1,0,0,6,8,43.25,12.61,0.0,0.25,0,0,0,0,0.16,13,0.0,0,0,0,0,0,0,0,0,1,0,0,0,0,0,0,0,0,ukrainecrowns.com,com,https://www.ukrainecrowns.com,200,1,False,301,False,False,False,False,False,False,0,0,0,0,0,2022-03-11,"['https://www.amazon.com/hz/wishlist/ls/WNVEDHBEE0NF?ref_=wl_fv_le', 'https://en.wikipedia.org/wiki/Revolution_of_Dignity', 'https://www.instagram.com/ukraine.crowns', 'https://www.icrc.org/en/donate/ukraine', 'https://www.praymorenovenas.com/novena-for-peace-in-ukraine', 'https://wildskies.smugmug.com', 'https://www.tinaskating.com', 'https://www.facebook.com/ukrainecrowns']"
54.89,1,0,1,0,1,0,0.0,0.0,0.0,0.0,0,0,0,0,0.16,30,0.0,0,0,0,0,0,0,0,0,1,0,0,0,0,0,1,0,0,ukrainecryptocurrencydonations.com,com,https://www.ukrainecryptocurrencydonations.com,200,0,False,200,False,False,False,False,True,False,55,0,0,0,0,2022-03-24,[]
1.19,1,0,0,0,1,0,0.0,0.0,0.0,0.0,0,0,0,0,0.16,13,0.0,0,0,0,0,0,0,0,0,0,1,1,1,1,1,1,1,1,ukrainecuties.com,com,https://www.ukrainecuties.com,-1,0,False,200,False,False,False,False,True,False,95,0,0,0,0,2022-02-27,[]
104.48,1,0,0,0,48,5,23.8,1.17,0.0,0.6,0,0,0,0,0.16,16,0.0,0,0,0,0,0,0,0,0,1,1,0,0,0,0,0,0,0,ukrainedailynews.com,com,https://www.ukrainedailynews.com,200,1,False,200,False,False,False,False,False,False,0,0,0,0,0,2022-03-01,"['https://www.twitter.com', 'https://www.facebook.com', 'https://www.instagram.com', 'https://www.reddit.com', 'https://www.pinterest.com']"
22.6,1,0,0,0,1,1,23.0,0.0,0.0,0.0,0,0,1,0,0.03,10,0.0,0,0,0,0,0,0,0,0,1,0,2,2,2,0,2,2,1,ukrainedao.love,love,https://www.ukrainedao.love,200,0,False,403,False,False,False,False,True,False,95,0,0,0,0,2022-02-26,['http://fruitionsite.com']
71.58,1,1,0,1,1,0,0.0,0.0,0.0,0.0,0,0,0,0,0.16,14,0.0,0,0,0,0,0,0,0,0,1,0,0,0,0,0,2,0,1,ukrainedarling.com,com,https://www.ukrainedarling.com,200,1,True,200,False,False,False,True,True,False,99,0,0,0,0,2022-07-23,[]
62.22,1,0,0,0,11,1,26.0,0.0,0.0,0.0,0,0,0,0,0.01,12,0.0,0,0,0,0,0,0,0,0,0,0,0,0,0,0,0,0,0,ukrainedates.at,at,https://www.ukrainedates.at,200,0,False,200,False,False,False,False,True,False,55,0,0,0,0,2022-05-27,['https://www.maximum.dating']
62.22,1,0,0,0,11,1,26.0,0.0,0.0,0.0,0,0,0,0,0.01,12,0.0,0,0,0,0,0,0,0,0,1,0,0,0,0,0,0,0,0,ukrainedates.ch,ch,https://www.ukrainedates.ch,200,0,False,200,False,False,False,False,True,False,55,0,0,0,0,2022-05-26,['https://www.maximum.dating']
62.22,1,0,0,0,11,1,26.0,0.0,0.0,0.0,0,0,1,0,0.01,12,0.0,0,0,0,0,0,0,0,0,0,0,0,0,0,0,0,0,0,ukrainedates.de,de,https://www.ukrainedates.de,200,0,False,200,False,False,False,False,True,False,55,0,0,0,0,2022-05-27,['https://www.maximum.dating']
15.52,1,0,0,0,1,0,0.0,0.0,0.0,0.0,0,0,0,0,0.05,18,0.0,1,0,0,0,0,0,0,0,1,0,1,2,1,0,1,1,0,ukraine-declaration.org,org,https://www.ukraine-declaration.org,200,0,False,200,False,False,False,False,False,False,0,0,0,0,0,2022-06-03,[]
1614.53,1,0,0,0,7,5,63.8,38.94,0.0,0.2,0,0,0,0,0.16,14,0.0,0,0,0,0,0,0,0,0,1,0,0,0,0,0,0,0,0,ukrainedecoeur.com,com,https://www.ukrainedecoeur.com,200,0,False,200,False,False,False,False,True,False,72,0,0,0,0,2022-04-07,"['https://www.helloasso.com/associations/ukraine-de-coeur/formulaires/1/widget', 'https://www.handynamic.fr', 'https://www.facebook.com/SmartAngelCF', 'https://sites.google.com/view/eiurgence/accueil', 'https://www.sitew.com/#utm_campaign=viewer__pro&utm_content=footer_link&utm_medium=viewer_link&utm_source=ukrainedecoeur.com&utm_term=']"
1.37,1,0,0,0,2,0,0.0,0.0,0.0,0.0,0,0,0,0,0.16,14,0.0,0,0,0,0,0,0,0,0,1,0,1,1,1,1,1,1,1,ukrainedefence.com,com,https://www.ukrainedefence.com,-1,0,False,200,False,False,False,False,True,False,85,0,0,0,0,2022-03-04,[]
134.57,1,0,0,0,33,1,94.0,0.0,0.0,0.0,0,0,0,0,0.05,16,0.0,0,0,0,0,0,0,0,0,1,0,0,0,0,0,0,0,0,ukrainedefenders.org,org,https://www.ukrainedefenders.org,200,0,False,200,False,False,False,False,False,False,35,0,0,0,0,2022-03-05,['https://nationbuilder.com/?utm_source=footer&utm_medium=referral&utm_campaign=ukrainedefenders']
90.08,1,1,1,1,4,20,69.35,31.98,0.0,0.2,0,1,0,0,0.05,18,0.0,0,0,1,0,0,0,0,0,1,0,2,2,2,0,2,2,0,ukrainedefensefund.org,org,https://www.ukrainedefensefund.org,200,0,False,200,False,False,False,False,True,False,35,0,0,0,0,2022-03-09,"['https://www.facebook.com/ukrdefensefund', 'https://twitter.com/ukrdefensefund', 'https://www.instagram.com/ukrdefensefund', 'https://www.youtube.com/channel/UCY8L6jyo6f090uU2BQXSkTA', 'https://www.bloomberg.com/news/newsletters/2022-03-09/the-silicon-valley-exec-who-went-back-to-ukraine-to-do-wartime-logistics', 'https://www.hks.harvard.edu/faculty-research/policy-topics/international-relations-security/something-i-must-do-andrey', 'https://www.ktvu.com/news/former-silicon-valley-exec-in-ukraine-helping-supply-volunteer-forces', 'https://www.businessinsider.com/how-former-uber-execs-are-supplying-ukraines-volunteer-fighters-2022-3', 'https://www.newsweek.com/viral-videos-reveal-nearly-empty-shelves-ukrainian-grocery-store-1688286', 'https://techcrunch.com/2022/03/15/how-european-startups-are-aiding-ukrainian-refugees', 'https://www.tmz.com/2022/03/14/andrey-liscovich-create-ukraine-defense-fund-supply-civilian-soldier-russian-invasion', 'https://www.washingtonpost.com/opinions/2023/05/01/silicon-valley-executive-aids-ukraine', 'https://www.wired.com/story/ukraine-russia-war-military-retail', 'https://www.ft.com/content/297d3300-1a65-4793-982b-1ba2372241a3', 'https://scsp222.substack.com/p/episode-5-special-edition-andrey#details', 'https://www.inc.com/melissa-angell/andrey-liscovich-ukraine-russia-war.html', 'https://paypal.me/ukrdefensefund', 'https://venmo.com/u/ukrdefensefund', 'https://cash.app/$ukrdefensefund', 'https://kiselev.global']"
0.11,1,0,0,0,1,0,0.0,0.0,0.0,0.0,0,0,1,0,0.01,18,0.0,0,0,0,0,0,0,0,0,1,0,1,1,1,1,1,1,1,ukrainedeutschland.de,de,https://www.ukrainedeutschland.de,200,0,False,200,False,False,False,False,True,False,75,0,0,0,0,2022-02-26,[]
0.11,1,0,0,0,1,0,0.0,0.0,0.0,0.0,0,0,1,0,0.01,18,0.0,1,0,0,0,0,0,0,0,1,0,1,1,1,1,1,1,1,ukraine-deutschland.de,de,https://www.ukraine-deutschland.de,200,0,False,200,False,False,False,False,True,False,75,0,0,0,0,2022-03-04,[]
0.84,1,0,0,0,1,0,0.0,0.0,0.0,0.0,0,0,1,0,0.43,15,0.0,0,0,0,0,0,0,0,0,0,0,1,1,1,1,1,1,1,ukrainedonation.link,link,https://www.ukrainedonation.link,-1,0,False,200,True,False,False,False,True,False,99,0,0,0,0,2022-03-03,[]
1029.24,1,0,0,0,8,2,35.5,2.5,0.0,1.0,0,0,0,0,0.05,13,0.0,0,0,0,0,0,0,0,0,1,0,0,0,0,0,0,0,0,ukrainedorset.org,org,https://www.ukrainedorset.org,404,0,False,200,False,False,False,False,False,False,0,0,0,0,0,2022-03-14,"['https://www.facebook.com/ukrainedorset', 'https://twitter.com/ukrainedorset']"
0.32,1,0,0,0,1,0,0.0,0.0,0.0,0.0,0,0,1,0,0.01,16,0.0,1,0,0,0,0,0,0,0,1,0,1,1,1,1,1,1,1,ukraine-drkherten.de,de,https://www.ukraine-drkherten.de,-1,0,False,200,False,False,False,False,True,False,75,0,0,0,0,2022-03-05,[]
810.52,1,0,0,0,8,1,38.0,0.0,0.0,0.0,0,0,0,0,0.16,20,0.0,0,0,0,0,0,1,0,0,1,0,0,0,0,0,0,0,0,ukrainedronewarriors.com,com,https://www.ukrainedronewarriors.com,200,0,False,200,False,False,False,False,False,False,0,0,0,0,0,2022-07-22,['https://ko-fi.com/ukrainedronewarriors']
27.41,1,0,0,0,11,1,21.0,0.0,0.0,0.0,0,0,0,0,0.01,11,0.0,0,0,0,0,0,0,0,0,1,0,2,2,2,0,0,2,1,ukrainedrop.be,be,https://www.ukrainedrop.be,200,0,False,200,True,False,False,False,True,False,77,0,0,0,0,2022-03-11,['https://wordpress.org']
27.14,1,0,0,0,3,15,51.0,35.77,0.07,0.13,0,1,0,0,0.16,22,0.0,0,0,0,0,0,0,0,0,0,0,2,2,2,0,2,2,0,ukraineemergencyrelief.com,com,https://www.ukraineemergencyrelief.com,200,0,False,200,False,False,False,False,False,False,0,0,0,0,0,2022-04-29,"['https://www.facebook.com/jakeknotts', 'https://midstatecontainers.com/blogs/news/owner-of-central-coast-company-leads-humanitarian-effort-for-ukrainian-refugees', 'https://aghseagletimes.com/3220/news/local-family-rushes-to-europe', 'https://bridgeua.org/index.php/short-term-mission-teams', 'https://restoreua.org', 'https://calvaryglobalnetwork.com/relief', 'https://calvaryftl.org/ukraine', 'https://calvarygr.org/ukraine', 'https://www.gofundme.com/f/dima-polischuk-and-his-ministry-in-ukraine', 'https://www.paypal.com/cgi-bin/webscr?cmd=_xclick&business=iyarmil%40gmail%2ecom&item_name=Ukraine%20Donation&no_shipping=1&tax=0¤cy_code=USD&lc=US', 'https://livingwaterua.com', 'http://www.jsterlingbrown.com', 'http://bit.ly/livingwaterua', 'https://www.youtube.com/watch?v=6Ta7oLLJ7T0', 'https://pritchardwebsites.com']"
52.41,1,0,0,0,16,2,41.0,2.0,0.0,0.5,0,0,1,0,0.01,10,0.0,1,0,0,0,0,0,0,0,1,0,0,2,2,0,0,0,0,ukraine-erz.de,de,https://www.ukraine-erz.de,200,0,False,200,False,False,False,False,True,False,61,0,0,0,0,2022-03-15,"['https://www.youtube.com/watch?v=E2oC74gVqE4', 'https://www.wfe-erzgebirge.de/impressum']"
65.82,1,0,0,0,342,0,0.0,0.0,0.0,0.0,0,0,0,0,0.39,13,0.0,0,0,0,0,0,0,0,0,0,0,0,2,1,-1,0,0,0,ukraineescort.quest,quest,https://www.ukraineescort.quest,200,0,False,200,False,False,False,False,False,True,0,0,0,0,0,2022-04-17,[]
26.44,1,0,0,0,11,2,139.0,1.0,0.0,0.0,0,0,0,0,0.55,13,0.0,1,0,0,0,0,0,0,0,0,0,2,2,2,0,0,2,0,ukraine-europe.info,info,https://www.ukraine-europe.info,200,0,False,200,False,False,False,False,True,False,55,0,0,0,0,2022-04-26,"['http://www.bloomberg.com/research/stocks/people/person.asp?personId=8154790&ticker=MMB:FP&previousCapId=878300&previousTitle=Lagardere%20SCA', 'http://www.intelligenceonline.fr/intelligence-economique/note-blanche/2013/07/24/la-reconversion-financiere-de-jean-paul-gut,107970615-ART']"
0.11,1,0,0,0,2,2,70.5,29.5,0.0,0.0,0,0,0,0,0.16,14,0.0,0,0,0,0,0,0,0,0,1,1,2,2,2,0,2,2,1,ukraineexports.com,com,https://www.ukraineexports.com,-1,0,False,200,True,False,False,False,True,False,99,0,0,0,0,2022-07-26,"['https://dan.com/?utm_campaign=Parking&utm_medium=parking&utm_source=.com&utm_term=ukraineexports.com', 'https://www.trustpilot.com/review/dan.com']"
13.84,1,0,0,0,2,68,26.1,9.43,0.0,0.0,0,0,0,0,0.05,12,0.0,0,0,0,0,0,0,0,0,1,0,2,2,2,-1,2,2,0,ukrainefacts.org,org,https://www.ukrainefacts.org,200,0,False,200,False,False,False,False,True,False,55,0,0,0,0,2022-02-27,"['https://maldita.es', 'https://ifcncodeofprinciples.poynter.org/signatories', 'https://english.factcrescendo.com', 'https://faktoje.al', 'https://faktyoxla.info', 'https://rumorscanner.com', 'https://www.knack.be/nieuws/factcheck', 'https://boliviaverifica.bo', 'http://raskrinkavanje.ba', 'https://checamos.afp.com', 'https://piaui.folha.uol.com.br/lupa', 'https://www.aosfatos.org', 'https://annielab.org', 'https://www.malaespinacheck.cl', 'https://colombiacheck.com', 'https://verifica.efe.com', 'https://faktograf.hr', 'http://tjekdet.dk', 'https://fatabyyano.net', 'https://pesacheck.org', 'https://epl.delfi.ee/kategooria/86056905/faktikontroll', 'https://factcheck.ge/en', 'https://mythdetector.ge/ka', 'https://correctiv.org', 'http://dpa-factchecking.com', 'https://ghanafact.com', 'http://ellinikahoaxes.gr', 'https://www.boomlive.in', 'https://factly.in/category/fake-news', 'https://www.indiatoday.in', 'https://newsmobile.in/articles/category/nm-fact-checker', 'https://newschecker.in', 'https://thelogicalindian.com', 'https://www.thequint.com', 'https://www.vishvasnews.com', 'https://www.thejournal.ie/factcheck/news', 'https://facta.news', 'https://www.open.online', 'https://hibrid.info', 'http://kallxo.com', 'https://rebaltica.lv', 'https://www.15min.lt', 'https://www.animalpolitico.com/sabueso/?seccion=falsas', 'http://www.mfcc.mn', 'http://vistinomer.mk', 'http://faktisk.no', 'https://larepublica.pe/verificador', 'https://verafiles.org', 'https://demagog.org.pl', 'https://poligrafo.sapo.pt', 'https://www.publico.pt', 'https://www.istinomer.rs/facebook-provere', 'https://www.newtral.es', 'https://www.verificat.cat', 'https://www.dn.se', 'https://kallkritikbyran.se', 'https://verify-sy.com/en', 'https://www.mygopen.com', 'https://tfc-taiwan.org.tw', 'https://www.dogrulukpayi.com', 'http://teyit.org', 'https://leadstories.com', 'http://stopfake.org', 'https://voxukraine.org/en', 'https://fullfact.org', 'http://logically.ai', 'https://www.univision.com/especiales/noticias/detector', 'https://www.politifact.com']"
2.96,0,0,0,0,1,0,0.0,0.0,0.0,0.0,0,0,1,0,0.01,13,0.0,0,0,0,0,0,0,0,0,1,0,1,1,1,1,1,1,0,ukrainefamily.de,de,https://www.ukrainefamily.de,200,1,False,200,False,False,False,False,False,False,40,0,0,0,0,2022-04-21,[]
107.91,1,0,0,0,10,0,0.0,0.0,0.0,0.0,0,0,0,0,0.16,23,0.0,0,0,0,0,0,0,0,0,1,0,0,0,0,0,0,0,1,ukrainefamilyconnection.com,com,https://www.ukrainefamilyconnection.com,200,0,False,200,False,False,False,False,True,False,80,0,0,0,0,2022-05-23,[]
40.18,1,0,0,0,13,0,0.0,0.0,0.0,0.0,0,0,0,0,0.16,12,0.0,0,0,0,0,0,1,0,0,1,0,0,0,0,0,1,0,0,ukrainefight.com,com,https://www.ukrainefight.com,200,0,False,308,False,False,False,False,True,False,55,0,0,0,0,2022-03-05,[]
75.74,1,1,1,1,1,3,30.0,5.1,0.0,0.0,0,0,0,0,0.16,19,0.0,0,0,0,0,0,1,0,0,0,0,0,0,0,0,2,0,0,ukrainefightingcats.com,com,https://www.ukrainefightingcats.com,200,0,False,200,False,False,False,False,False,False,0,0,0,0,0,2022-04-30,"['http://ukrainecats.4charitynfts.com', 'https://depp.ukrainefacesnft.com', 'https://4greyhounds.org']"
8.95,1,0,0,0,1,0,0.0,0.0,0.0,0.0,0,0,0,0,0.16,12,0.0,0,0,0,0,0,0,0,0,1,1,1,1,1,0,1,1,1,ukrainefirst.com,com,https://www.ukrainefirst.com,200,0,False,200,True,False,False,False,True,False,77,0,0,0,0,2022-03-02,[]
56.46,1,0,0,0,4,1,41.0,0.0,0.0,1.0,0,0,0,0,0.16,16,0.0,0,0,0,0,0,0,0,0,1,0,0,2,2,0,0,0,0,ukraineforchrist.com,com,https://www.ukraineforchrist.com,200,0,False,200,False,False,False,False,False,False,0,0,0,0,0,2022-03-28,['https://www.facebook.com/UkraineForChrist']
43.65,1,0,0,0,2,4,57.5,30.43,0.25,0.5,0,0,0,0,0.16,16,0.0,0,0,0,0,0,0,0,0,1,0,2,2,2,0,0,2,0,ukraineforecasts.com,com,https://www.ukraineforecasts.com,200,0,False,200,False,False,False,False,True,False,55,0,0,0,0,2022-03-06,"['https://donate.uniswap.org/#/swap', 'https://twitter.com/intent/tweet?url=https://www.ukraineforecasts.org', 'https://www.facebook.com/sharer/sharer.php?u=https%3A%2F%2Fwww.ukraineforecasts.org%2F&src=sdkpreparse', 'https://discord.gg/hGYPGru']"
43.65,1,0,0,0,2,4,57.5,30.43,0.25,0.5,0,0,0,0,0.05,16,0.0,0,0,0,0,0,0,0,0,1,0,2,2,2,0,0,2,0,ukraineforecasts.org,org,https://www.ukraineforecasts.org,200,0,False,200,False,False,False,False,True,False,55,0,0,0,0,2022-03-06,"['https://donate.uniswap.org/#/swap', 'https://twitter.com/intent/tweet?url=https://www.ukraineforecasts.org', 'https://www.facebook.com/sharer/sharer.php?u=https%3A%2F%2Fwww.ukraineforecasts.org%2F&src=sdkpreparse', 'https://discord.gg/hGYPGru']"
0.11,1,0,0,0,1,0,0.0,0.0,0.0,0.0,0,0,0,0,0.16,20,0.0,0,0,0,0,0,0,0,0,0,1,1,1,1,1,1,1,1,ukraineforeignlegion.com,com,https://www.ukraineforeignlegion.com,200,1,False,200,True,False,False,False,True,False,90,0,0,0,0,2022-03-14,[]
205.05,1,0,0,0,1,0,0.0,0.0,0.0,0.0,0,0,0,0,0.13,14,0.0,0,0,0,0,0,0,0,0,1,0,0,0,0,0,0,0,0,ukraineforever.net,net,https://www.ukraineforever.net,200,0,False,200,False,False,False,False,True,False,55,0,0,0,0,2022-03-02,[]
193.97,1,1,0,1,7,4,35.5,8.02,0.0,0.5,0,0,0,0,0.16,16,0.0,0,0,0,0,0,1,0,0,0,0,0,0,0,0,0,0,0,ukraineforheroes.com,com,https://www.ukraineforheroes.com,200,0,False,301,False,False,False,False,True,False,55,0,0,0,0,2022-03-09,"['https://www.facebook.com/ukraineforheroes', 'https://www.instagram.com/ukraineforheroes', 'https://pay.fondy.eu/s/ECwRtk0QzSc0Q5', 'http://squarespace.com']"
37.36,1,0,0,0,12,4,57.25,25.25,0.0,1.0,0,0,0,0,0.13,15,0.0,0,0,0,0,0,0,0,0,1,0,2,2,2,0,0,2,1,ukraineforstudy.net,net,https://www.ukraineforstudy.net,-1,0,False,200,False,False,False,False,True,False,75,0,0,0,0,2022-06-23,"['https://www.facebook.com/ufs.ukraineforstudy', 'https://www.linkedin.com/company/ukraine-for-study', 'https://twitter.com/ukraineforstudy', 'https://api.whatsapp.com/send?phone=918800090632&text=I%27m%20interested%20in%20Study%20in%20Ukraine']"
267.09,1,0,0,0,7,13,88.31,62.71,0.15,0.23,1,1,0,0,0.05,14,0.0,0,0,0,0,0,1,0,0,1,0,0,0,0,0,0,0,0,ukraineforward.org,org,https://www.ukraineforward.org,200,0,False,200,False,False,False,False,False,False,0,0,0,0,0,2022-03-05,"['https://www.paypal.com/donate/?hosted_button_id=PVXLA28RFXJVE', 'https://a.co/eWUaiuA', 'https://forms.gle/RAPUwrjSQJujmMx88', 'https://www.stopputin.net', 'https://how-you-can-support-ukraine.super.site#46e0522736524aa7b7d3fd4f339860d6', 'https://boston.cbslocal.com/video/6211727-ukraine-forward-organizer-shares-how-people-can-help/?fbclid=IwAR0NCY35pRlY73RYSC0DXtVHenCpMQyXdK79w1IHQNqeIHWACF2HhZjNunM', 'https://www.bostonglobe.com/2022/03/03/business/massachusetts-residents-companies-join-rush-aid-ukraine', 'https://www.wbur.org/news/2022/03/11/massachusetts-ukraine-invasion-recovery-supplies?fbclid=IwAR3lxAdeP_VPNssXg7g6yH0iqz8IxaXyzsayit7WkyDOaiJiNZDBvPkdqBE', 'https://www.bizjournals.com/boston/news/2022/03/02/boston-innovation-community-ukraine.html?fbclid=IwAR2sN0iDSYcsB284UPojo5Q1XnMO7-H4D-8Chy7keCc2F8FRXRDcfiAINDw', 'https://www.bostonherald.com/2022/03/05/they-will-fight-to-death-ukrainian-catholic-church-in-boston-races-to-supply-citizen-militias-in-home-country/?fbclid=IwAR2sN0iDSYcsB284UPojo5Q1XnMO7-H4D-8Chy7keCc2F8FRXRDcfiAINDw', 'https://www.facebook.com/ukraineforward', 'https://www.instagram.com/ukraine.forward', 'https://www.linkedin.com/company/ukraine-forward']"
794.26,1,0,0,0,4,0,0.0,0.0,0.0,0.0,0,0,0,0,0.05,17,0.0,1,0,0,0,0,0,0,0,0,0,0,0,0,0,0,0,0,ukraine-foundation.org,org,https://www.ukraine-foundation.org,200,0,False,200,False,False,False,False,False,False,0,0,0,0,0,2022-03-03,[]
3.23,1,0,0,0,1,1,123.0,0.0,0.0,0.0,0,0,0,0,0.16,12,0.0,0,0,0,0,0,0,0,0,1,0,2,2,2,0,0,2,0,ukraineframe.com,com,https://www.ukraineframe.com,200,0,False,200,False,False,False,False,True,False,55,0,0,0,0,2022-02-28,['https://www.producthunt.com/posts/ukraine-frame?utm_source=badge-featured&utm_medium=badge&utm_souce=badge-help-ukraine-win']
164.72,1,0,0,0,32,5,67.6,37.72,0.2,0.0,0,0,0,0,0.05,13,0.0,0,0,0,0,0,0,0,0,1,0,0,0,0,0,0,0,1,ukrainefrance.org,org,https://www.ukrainefrance.org,200,0,False,200,False,False,False,False,True,False,82,0,0,0,0,2022-03-15,"['https://www.helloasso.com/associations/kabinet/boutiques/operation-montparnasse-version-francaise', 'https://portal.pfu.gov.ua', 'https://t.ly/GhV1z', 'https://docs.google.com/spreadsheets/d/1dM7Jrn_QTfpNZ8GAvSH4dkwYAnZy8f3hrCsy7aCMsbo/edit?usp=sharing', 'https://www-ukrainefrance-org.translate.goog/?_x_tr_sl=auto&_x_tr_tl=ru&_x_tr_hl=fr&_x_tr_pto=wapp']"
67.46,1,0,0,0,9,2,41.5,6.5,0.0,1.0,0,0,0,0,0.05,22,0.0,0,0,0,0,0,1,0,0,1,0,0,2,2,0,2,2,0,ukrainefreedomalliance.org,org,https://www.ukrainefreedomalliance.org,200,0,False,200,False,False,False,False,False,False,0,0,0,0,0,2022-03-17,"['https://twitter.com/UkraineAlliance', 'https://www.instagram.com/ukrainefreedomalliance']"
44.04,1,1,0,0,6,10,67.0,35.52,0.0,0.4,0,0,0,0,0.16,21,0.0,0,0,0,0,0,1,0,0,1,1,2,2,2,0,2,2,0,ukrainefreedomproject.com,com,https://www.ukrainefreedomproject.com,200,1,False,200,False,False,False,False,False,False,0,0,0,0,0,2022-03-02,"['https://fundrazr.com', 'https://www.linkedin.com/in/peter-roskam', 'https://www.nscai.gov/commissioners/hon-katherina-mcfarland', 'https://www.washingtonexaminer.com/news/washington-secrets/ex-hill-chief-leads-humanitarian-effort-in-ukraine', 'https://www.instagram.com/p/CuZ3jYJuPA-', 'https://www.businessinsider.com/american-helping-in-ukraine-steven-moore-rescue-mission-russia-putin-war-2022-4?r=US&IR=T', 'https://www.siriusxm.com/clips/clip/65cfb29a-195e-4b44-91fb-9e855ad51e03/b5ceb0a6-fd26-4050-b462-3c63d7c47c07', 'https://rollcall.com/2023/03/30/when-russia-invaded-this-former-house-staffer-rushed-to-ukraine', 'https://www.youtube.com/watch?v=G-eG98pOi0k', 'https://twitter.com/UKRAINEFREEDOM7']"
44.04,1,1,0,0,6,10,67.0,35.52,0.0,0.4,0,0,0,0,0.05,21,0.0,0,0,0,0,0,1,0,0,1,0,2,2,2,0,2,2,0,ukrainefreedomproject.org,org,https://www.ukrainefreedomproject.org,200,1,False,200,False,False,False,False,True,False,55,0,0,0,0,2022-03-22,"['https://fundrazr.com', 'https://www.linkedin.com/in/peter-roskam', 'https://www.nscai.gov/commissioners/hon-katherina-mcfarland', 'https://www.washingtonexaminer.com/news/washington-secrets/ex-hill-chief-leads-humanitarian-effort-in-ukraine', 'https://www.instagram.com/p/CuZ3jYJuPA-', 'https://www.businessinsider.com/american-helping-in-ukraine-steven-moore-rescue-mission-russia-putin-war-2022-4?r=US&IR=T', 'https://www.siriusxm.com/clips/clip/65cfb29a-195e-4b44-91fb-9e855ad51e03/b5ceb0a6-fd26-4050-b462-3c63d7c47c07', 'https://rollcall.com/2023/03/30/when-russia-invaded-this-former-house-staffer-rushed-to-ukraine', 'https://www.youtube.com/watch?v=G-eG98pOi0k', 'https://twitter.com/UKRAINEFREEDOM7']"
155.71,1,0,0,1,32,16,33.12,20.08,0.0,0.25,1,0,0,0,0.05,14,0.0,0,0,0,0,0,0,0,0,0,0,0,0,0,0,0,0,0,ukrainefriends.org,org,https://www.ukrainefriends.org,200,0,False,200,False,False,False,False,True,False,72,0,0,0,0,2022-03-03,"['https://www.worldwidefriendsfoundation.org', 'https://www.linkedin.com/company/ukraine-friends', 'https://www.facebook.com/UkraineFriendsOrg', 'https://www.instagram.com/ukrainefriendsorg', 'https://twitter.com/ukrainefriends_?lang=en', 'https://docs.google.com/forms/d/e/1FAIpQLSdtrEb_r707v4lSq6Usm9rixM0sOjI_ow4syIlG0iCgb0zzFg/viewform', 'https://weshield.us', 'https://koacore.com', 'https://www.revivn.com', 'https://ucca.org', 'https://ksoc.com', 'https://www.rotary.org/en', 'https://lifechangerfsu.org', 'https://www.jrnu.org', 'https://shortage.global', 'https://www.sitegist.com/en']"
13.48,1,0,0,0,8,2,67.5,0.5,0.0,0.0,0,0,0,0,0.16,11,0.0,1,0,1,0,0,0,0,0,0,0,2,2,2,0,2,2,0,ukraine-fund.com,com,https://www.ukraine-fund.com,-1,0,False,200,False,False,False,False,True,False,55,0,0,0,0,2022-03-10,"['https://domainlilies.com/buy_via_stripe.php?domain=ukraine-fund.com', 'https://www.icann.org/resources/pages/name-holder-faqs-2012-02-25-en']"
24.21,1,0,0,0,14,3,31.0,8.16,0.0,0.33,0,0,0,0,0.13,11,0.0,0,0,1,0,0,0,0,0,0,0,2,2,2,0,2,2,0,ukrainefund.net,net,https://www.ukrainefund.net,200,0,False,200,False,False,False,False,True,False,55,0,0,0,0,2022-03-31,"['https://instagram.com/ukraine_relief_fund', 'http://www.fissionwebsystem.com', 'http://www.360psg.com']"
48.1,1,0,0,0,1,0,0.0,0.0,0.0,0.0,0,0,0,0,0.05,16,0.0,0,0,1,0,0,0,0,0,0,0,0,0,0,0,1,0,0,ukrainefundation.org,org,https://www.ukrainefundation.org,-1,0,False,200,False,False,False,False,True,False,55,0,0,0,0,2022-04-19,[]
2.12,1,0,0,0,1,0,0.0,0.0,0.0,0.0,0,0,0,0,0.16,22,0.0,0,0,0,0,0,0,0,0,0,0,1,1,1,1,1,1,0,ukrainefurniturerental.com,com,https://www.ukrainefurniturerental.com,200,1,False,200,False,False,False,False,False,False,0,0,0,0,0,2022-03-27,[]
57.19,1,0,0,0,37,5,36.6,8.8,0.4,0.8,0,0,0,0,0.16,13,0.0,1,0,0,0,0,0,0,0,1,0,0,2,2,0,0,0,0,ukraine-future.com,com,https://www.ukraine-future.com,200,0,False,200,False,False,False,False,True,False,61,0,0,0,0,2022-03-16,"['https://www.facebook.com/HappyFutureOfUkraine', 'https://www.instagram.com/happy_future_of_ukraine', 'https://t.me/HappyFutureOfUkraine', 'https://wa.me/%2B380965839000', 'https://1nano-marketing.com']"
267.09,1,0,0,0,17,0,0.0,0.0,0.0,0.0,0,0,0,0,0.55,13,0.0,0,0,0,0,0,0,0,0,1,0,0,0,0,0,0,0,0,ukrainegiving.info,info,https://www.ukrainegiving.info,-1,0,False,301,False,False,False,False,False,False,40,0,0,0,0,2022-04-14,[]
1.21,1,0,0,0,1,0,0.0,0.0,0.0,0.0,0,0,0,0,0.16,22,0.0,0,0,0,0,0,0,0,0,1,0,1,1,1,1,1,1,1,ukraineglobaltaskforce.com,com,https://www.ukraineglobaltaskforce.com,-1,0,False,200,False,False,False,False,True,False,95,0,0,0,0,2022-02-26,[]
19.75,1,0,0,0,6,1,144.0,0.0,0.0,0.0,0,0,1,0,0.01,15,0.0,1,0,0,0,0,0,0,0,1,0,2,2,2,0,0,2,0,ukraine-goerlitz.de,de,https://www.ukraine-goerlitz.de,200,0,False,200,False,False,False,False,False,False,0,0,0,0,0,2022-03-01,['https://www.kreis-goerlitz.de/Bekanntmachungen/Unterstuetzungsangebote-fuer-Fluechtlinge-aus-der-Ukraine-koennen-ab-sofort-gemeldet-werden.html?']
134.16,1,0,0,0,18,1,88.0,0.0,0.0,0.0,0,0,0,0,0.16,12,0.0,0,0,0,0,0,0,0,0,1,0,0,0,0,0,0,0,0,ukrainegoods.com,com,https://www.ukrainegoods.com,-1,0,False,200,False,False,False,False,False,False,0,0,0,0,0,2022-04-05,['https://www.shopify.com?utm_campaign=poweredby&utm_medium=shopify&utm_source=onlinestore']
52.58,1,0,0,0,3,1,116.0,0.0,0.0,0.0,0,0,0,0,0.16,12,0.0,1,0,0,0,0,0,0,0,0,1,2,2,2,0,0,2,0,ukraine-grain.com,com,https://www.ukraine-grain.com,200,0,False,200,False,False,False,False,True,False,55,0,0,0,0,2022-05-28,['https://www.dmca.com/Protection/Status.aspx?ID=b874ee9b-232a-48e8-bb8b-65855cbcabdd&refurl=https://ukraine-grain.com']
815.89,1,1,1,1,6,8,39.75,14.44,0.0,0.5,0,0,0,0,0.05,15,0.0,0,0,0,0,0,0,0,0,1,0,0,0,0,0,0,0,0,ukraineguardian.org,org,https://www.ukraineguardian.org,200,1,False,200,False,False,False,False,False,False,77,0,0,0,0,2022-03-25,"['https://securepayment.link/ukraineguardianfund/one-time-payment', 'https://platform.engiven.com/give/314/widget/1251', 'https://akholi.com', 'https://c-suitenetwork.com', 'https://www.linkedin.com/company/ukraine-guardian-fund', 'https://www.instagram.com/ukraineguardianfund', 'https://www.facebook.com/UkraineGF', 'https://twitter.com/UkraineGF']"
55.91,0,0,0,0,18,2,30.5,6.5,0.0,0.5,0,0,0,0,0.16,15,0.0,1,0,0,0,0,0,0,0,1,0,0,0,0,0,0,0,0,ukraine-hannover.com,com,https://www.ukraine-hannover.com,200,0,False,200,False,False,False,False,False,False,0,0,0,0,0,2022-03-06,"['https://www.instagram.com/zentrum2000', 'https://agentur-ellis.de']"
103.92,1,0,0,0,7,5,71.8,34.81,0.0,0.4,0,1,0,0,0.16,14,0.0,0,0,0,0,0,1,0,0,1,0,0,2,0,0,0,0,0,ukraineharmony.com,com,https://www.ukraineharmony.com,200,0,False,200,False,False,False,False,False,False,40,0,0,0,0,2022-03-07,"['https://www.paypal.com/donate/?hosted_button_id=FKSGRBJ9UDVPE', 'https://vancouver.citynews.ca/2022/05/08/burnaby-woman-welcome-packages-ukrainian-women', 'https://forms.office.com/pages/responsepage.aspx?id=DQSIkWdsW0yxEjajBLZtrQAAAAAAAAAAAANAAdtyQKZUQlIxMzZJM1NEWklZMVJJVjU0QjRIUFFOVC4u', 'https://www.facebook.com/UkraineHarmony', 'https://www.instagram.com/UkraineHarmony']"
143.06,1,0,0,0,8,1,40.0,0.0,0.0,1.0,0,0,0,0,0.05,14,0.0,0,0,0,0,0,0,0,0,0,0,0,0,0,0,0,0,0,ukraineharvest.org,org,https://www.ukraineharvest.org,-1,0,False,200,False,False,False,False,True,False,55,0,0,0,0,2022-04-29,['https://www.facebook.com/101917405862229']
64.75,1,0,0,0,11,1,100.0,0.0,0.0,0.0,0,0,0,0,0.16,11,0.0,1,0,0,0,0,0,0,0,1,0,2,2,2,0,0,2,0,ukraine-haus.com,com,https://www.ukraine-haus.com,-1,0,False,200,False,False,False,False,False,False,0,0,0,0,0,2022-04-14,['https://ib-berlin.de/unsere-angebote/fluechtlingshilfe-migrationssozialarbeit-jugendmigrationsdienst']
64.76,1,0,0,0,11,1,100.0,0.0,0.0,0.0,0,0,1,0,0.01,11,0.0,1,0,0,0,0,0,0,0,1,0,2,2,2,0,0,2,0,ukraine-haus.de,de,https://www.ukraine-haus.de,404,0,False,200,False,False,False,False,False,False,0,0,0,0,0,2022-04-12,['https://ib-berlin.de/unsere-angebote/fluechtlingshilfe-migrationssozialarbeit-jugendmigrationsdienst']
4.48,0,0,0,0,1,0,0.0,0.0,0.0,0.0,0,0,0,0,0.01,13,0.0,1,0,0,0,0,0,0,0,1,0,1,1,1,1,1,1,0,ukraine-helfen.at,at,https://www.ukraine-helfen.at,200,0,False,200,False,False,False,False,False,False,0,0,0,0,0,2022-03-07,[]
22.02,1,0,0,0,1,1,23.0,0.0,0.0,0.0,0,0,0,0,0.01,11,0.0,0,0,0,1,0,0,0,0,0,0,2,2,2,0,2,2,0,ukrainehelp.at,at,https://www.ukrainehelp.at,200,0,False,200,False,False,False,False,False,False,0,0,0,0,0,2022-03-01,['http://fruitionsite.com']
122.62,1,0,0,0,87,0,0.0,0.0,0.0,0.0,0,0,0,0,0.03,11,0.0,0,0,0,1,0,0,0,0,1,0,0,0,0,0,0,0,0,ukrainehelp.center,center,https://www.ukrainehelp.center,200,0,False,200,False,False,False,False,True,False,61,0,0,0,0,2022-03-01,[]
52.81,1,0,0,0,2,2,28.0,13.0,0.0,0.0,0,0,0,0,0.12,11,0.0,0,0,0,1,0,0,0,0,0,1,0,0,0,0,2,0,1,ukrainehelp.co,co,https://www.ukrainehelp.co,-1,0,False,200,True,False,False,False,True,False,99,0,0,0,0,2022-03-04,"['https://dan.com', 'https://www.trustpilot.com/review/dan.com']"
130.74,1,0,0,0,4,3,44.33,11.9,0.0,0.33,0,1,0,1,0.16,11,0.0,0,0,0,1,0,0,0,0,1,0,0,0,0,0,0,0,0,ukrainehelp.com.pl,com.pl,https://www.ukrainehelp.com.pl,200,0,False,200,False,False,False,False,True,False,61,0,0,0,0,2022-03-07,"['https://www.paypal.com/donate/?hosted_button_id=B6HT4KN97F3D8', 'https://www.facebook.com/UkraineHelpPL', 'https://veterani.pl/pomoc-ukrainie']"
52.56,0,1,0,0,2,2,28.0,13.0,0.0,0.0,0,0,0,0,0.13,11,0.0,0,0,0,1,0,0,0,0,1,0,0,2,0,0,2,0,1,ukrainehelp.net,net,https://www.ukrainehelp.net,-1,0,False,200,True,False,False,False,True,False,99,0,0,0,0,2022-02-26,"['https://dan.com', 'https://www.trustpilot.com/review/dan.com']"
45.58,1,0,0,0,2,2,68.0,27.0,0.0,0.0,0,0,1,0,0.29,11,0.0,0,0,0,1,0,0,0,0,1,1,2,2,2,0,2,2,1,ukrainehelp.us,us,https://www.ukrainehelp.us,-1,0,False,200,True,False,False,False,True,False,99,0,0,0,0,2022-03-10,"['https://dan.com/?utm_campaign=Parking&utm_medium=parking&utm_source=.us&utm_term=ukrainehelp.us', 'https://www.trustpilot.com/review/dan.com']"
149.32,1,1,0,0,9,1,40.0,0.0,0.0,1.0,0,0,0,0,0.05,11,0.267,0,0,0,1,0,0,0,0,1,0,0,0,0,0,0,0,0,ukrainehelp2022.org,org,https://www.ukrainehelp2022.org,200,0,False,200,False,False,False,False,False,False,0,0,0,0,0,2022-03-05,['https://facebook.com/UkraineHelp2022.org']
162.67,1,0,0,0,37,3,32.0,8.04,0.0,0.67,0,0,0,0,0.05,15,0.0,0,0,0,1,0,0,0,0,1,0,0,0,0,0,0,0,0,ukrainehelpline.org,org,https://www.ukrainehelpline.org,200,0,False,200,False,False,False,False,False,False,85,0,0,0,0,2022-03-03,"['https://wordpress.org', 'https://www.facebook.com/ukrainehelpline', 'https://twitter.com/HelplineUkraine']"
85.44,1,0,0,0,1,0,0.0,0.0,0.0,0.0,0,0,1,0,0.01,16,0.0,0,0,0,1,0,0,0,0,0,0,0,0,0,0,0,0,1,ukrainehelppoint.de,de,https://www.ukrainehelppoint.de,-1,0,False,200,False,False,False,False,True,False,75,0,0,0,0,2022-03-10,[]
315.87,1,0,0,1,34,1,78.0,0.0,0.0,0.0,0,0,0,0,0.02,13,0.0,0,0,0,1,0,0,0,0,0,0,0,0,0,0,0,0,0,ukrainehelpvi.ca,ca,https://www.ukrainehelpvi.ca,200,0,False,301,False,False,False,False,False,False,0,0,0,0,0,2022-03-06,['https://www.zeffy.com/en-CA/donation-form/5ab5c2bc-3e47-4dd3-b106-da9c6d8104bf']
66.84,1,0,0,0,3,1,37.0,0.0,0.0,0.0,0,0,0,0,0.01,11,0.0,1,0,0,0,0,0,0,0,0,0,0,0,0,0,0,0,1,ukraine-herz.at,at,https://www.ukraine-herz.at,200,0,False,200,False,False,False,False,True,False,82,0,0,0,0,2022-04-07,['https://superbthemes.com/membershiply']
25.07,1,0,0,0,4,4,38.75,7.82,0.0,0.0,0,0,0,0,0.55,12,0.0,0,0,0,0,0,0,0,0,1,0,2,2,2,0,2,2,0,ukrainehilfe.info,info,https://www.ukrainehilfe.info,200,0,False,200,False,False,False,False,True,False,55,0,0,0,0,2022-03-02,"['https://nachbarinnot.orf.at', 'https://www.aktion-deutschland-hilft.de', 'https://de.depositphotos.com?ref=1725331', 'https://sedo.com/de/?language=d&campaignId=326140']"
23.73,1,0,0,0,38,3,32.0,5.72,0.0,0.0,0,0,0,0,0.02,12,0.0,1,0,0,0,0,0,0,0,1,0,2,2,2,0,0,2,0,ukraine-hilfe.jetzt,jetzt,https://www.ukraine-hilfe.jetzt,-1,0,False,200,False,False,False,False,False,False,40,0,0,0,0,2022-03-05,"['https://dj-extensions.com', 'https://www.twitch.tv/smettbonia', 'https://cookiedatabase.org/tcf/purposes']"
68.73,0,0,0,0,127,13,57.15,44.24,0.0,0.31,0,0,0,0,0.0,12,0.0,0,0,0,0,0,0,0,0,1,0,2,2,2,-1,0,2,0,ukrainehilfe.koeln,koeln,https://www.ukrainehilfe.koeln,200,0,False,200,False,False,False,False,False,False,0,0,0,0,0,2022-03-01,"['https://conword.io', 'http://www.musenkuss-koeln.de', 'https://app-eu.readspeaker.com/cgi-bin/rsent?customerid=7758&lang=de_de&readid=rs_ganzeseite&url=https%3A%2F%2Fwww.stadt-koeln.de%2Fartikel%2F71801%2Findex.html%3Frs%3D1%26nocache%3D1', 'https://vhs-koeln.de/Suche?cmxelementid=web4e15b88472a73&seite=Suche&s=-48011&mf_objekt=Veranstaltung&f=cmx62348c14b2d73&p', 'https://www.aktion-deutschland-hilft.de/de/hilfseinsaetze/nothilfe-ukraine', 'https://www.bgk-verein.de/sachspende', 'https://koeln.business/ukraine', 'https://www.facebook.com/stadt.koeln50', 'https://www.instagram.com/stadt.koeln/?hl=de', 'https://www.xing.com/pages/stadtkoln', 'https://de.linkedin.com/company/stadt-koeln', 'https://www.kununu.com/de/stadt-koeln', 'https://whatsapp.com/channel/0029VaDAaalA2pLHmBHtyb45']"
16.95,1,0,0,0,37,1,49.0,0.0,0.0,0.0,0,0,1,0,0.01,14,0.0,1,0,0,0,0,0,0,0,1,0,2,2,2,0,0,2,0,ukrainehilfe-ab.de,de,https://www.ukrainehilfe-ab.de,-1,0,False,200,False,False,False,False,False,False,0,0,0,0,0,2022-03-03,['https://www.landkreis-aschaffenburg.de/index.html']
211.28,1,0,0,1,8,7,50.43,20.67,0.14,0.29,0,0,1,0,0.01,20,0.0,2,0,0,0,0,0,0,0,1,0,0,0,0,0,0,0,1,ukraine-hilfe-arnsberg.de,de,https://www.ukraine-hilfe-arnsberg.de,200,0,False,301,False,False,False,False,True,False,82,0,0,0,0,2022-03-09,"['https://www.facebook.com/Ukrainehilfearnsberg', 'https://www.instagram.com/ukraine_hilfe_arnsberg', 'https://goo.gl/maps/vhRNGdbE8ziSSP7t5', 'https://www.google.com/maps/d/u/1/edit?mid=10Rhkl2YeHjEOCOMzgX7OpDdEZhDXN3g&usp=sharing', 'https://www.diakonie-ruhr-hellweg.de/angebote/sozialkaufhaeuser/kauf- nett', 'https://www.arnsberg.de', 'https://cookiedatabase.org/tcf/purposes']"
0.81,1,0,0,0,1,0,0.0,0.0,0.0,0.0,0,0,1,0,0.01,14,0.0,2,0,0,0,0,0,0,0,0,0,1,1,1,1,1,1,1,ukraine-hilfe-be.de,de,https://www.ukraine-hilfe-be.de,200,0,False,200,False,False,False,False,True,False,75,0,0,0,0,2022-03-10,[]
66.08,1,0,0,0,2,5,54.2,18.53,0.0,0.6,0,0,0,0,0.01,16,0.0,1,0,0,0,0,0,0,0,0,0,2,2,2,0,0,2,0,ukrainehilfe-bern.ch,ch,https://www.ukrainehilfe-bern.ch,200,0,False,200,False,False,False,False,False,False,0,0,0,0,0,2022-03-21,"['https://www.ukraine-hilfe-bern.ch', 'https://uhbe.us12.list-manage.com/subscribe?u=f725840187dd6d7fc0a71a2e8&id=849d45399b', 'https://www.facebook.com/ukrainehilfebern/posts/401407832652310', 'https://www.instagram.com/p/C5QfwoCN6Ij', 'https://www.linkedin.com/company/ukraine-hilfe-bern']"
65.16,1,0,1,0,13,4,59.5,16.99,0.0,0.75,0,0,0,0,0.01,16,0.0,2,0,0,0,0,0,0,0,0,0,2,2,2,0,2,2,0,ukraine-hilfe-bern.ch,ch,https://www.ukraine-hilfe-bern.ch,200,0,False,200,False,False,False,False,False,False,0,0,0,0,0,2022-03-21,"['https://uhbe.us12.list-manage.com/subscribe?u=f725840187dd6d7fc0a71a2e8&id=849d45399b', 'https://www.facebook.com/ukrainehilfebern/posts/401407832652310', 'https://www.instagram.com/p/C5QfwoCN6Ij', 'https://www.linkedin.com/company/ukraine-hilfe-bern']"
2.69,1,0,0,0,1,1,31.0,0.0,0.0,0.0,0,0,1,0,0.01,19,0.0,2,0,0,0,0,0,0,0,0,0,2,2,2,0,2,2,0,ukraine-hilfe-bildung.de,de,https://www.ukraine-hilfe-bildung.de,200,0,False,301,False,False,False,False,False,False,0,0,0,0,0,2022-03-20,['https://www.webgo.de/webhosting']
0.0,1,0,0,0,1,0,0.0,0.0,0.0,0.0,0,0,1,0,0.01,22,0.0,1,0,0,0,0,0,0,0,0,0,1,1,1,1,1,1,0,ukrainehilfe-bischoffen.de,de,https://www.ukrainehilfe-bischoffen.de,-1,0,False,200,False,False,False,False,True,False,55,0,0,0,0,2022-03-05,[]
0.82,1,0,0,0,1,0,0.0,0.0,0.0,0.0,0,0,1,0,0.01,18,0.0,2,0,0,0,0,0,0,0,0,0,1,1,1,1,1,1,1,ukraine-hilfe-bremen.de,de,https://www.ukraine-hilfe-bremen.de,200,0,False,200,False,False,False,False,True,False,75,0,0,0,0,2022-03-10,[]
0.81,1,0,0,0,1,0,0.0,0.0,0.0,0.0,0,0,1,0,0.01,14,0.0,2,0,0,0,0,0,0,0,0,0,1,1,1,1,1,1,1,ukraine-hilfe-bw.de,de,https://www.ukraine-hilfe-bw.de,200,0,False,200,False,False,False,False,True,False,75,0,0,0,0,2022-03-10,[]
64.95,1,0,0,1,15,3,49.0,12.83,0.0,0.67,0,1,1,0,0.01,19,0.0,2,0,0,0,0,0,0,0,0,0,2,2,2,0,2,2,0,ukraine-hilfe-cherson.de,de,https://www.ukraine-hilfe-cherson.de,200,0,False,200,False,False,False,False,False,False,0,0,0,0,0,2022-07-14,"['https://www.paypal.com/donate/?hosted_button_id=6BRQXGR7NQLUN&lc=DE', 'https://www.facebook.com/109091965185173/ ', 'https://www.instagram.com/hilfecherson']"
69.69,1,0,0,0,17,3,37.0,13.88,0.33,0.0,0,0,1,0,0.01,22,0.0,1,0,0,0,0,0,0,0,0,0,0,0,0,0,0,0,0,ukrainehilfe-diekholzen.de,de,https://www.ukrainehilfe-diekholzen.de,-1,0,False,200,False,False,False,False,False,False,0,0,0,0,0,2022-04-01,"['https://goo.gl/maps/XehvBFrhqWwxcfeV6', 'http://www.cryoutcreations.eu/wordpress-themes/bravada', 'http://wordpress.org']"
40.81,1,0,0,0,8,1,23.0,0.0,0.0,0.0,0,0,1,0,0.01,18,0.0,1,0,0,0,0,0,0,0,0,0,0,0,0,0,0,0,1,ukrainehilfe-domdai.de,de,https://www.ukrainehilfe-domdai.de,200,0,False,200,False,False,False,False,True,False,82,0,0,0,0,2022-03-02,['https://catchthemes.com']
163.65,1,0,0,0,8,3,31.0,12.75,0.0,0.0,0,0,1,0,0.01,17,0.0,2,0,0,0,0,0,0,0,0,0,0,0,0,0,0,0,0,ukraine-hilfe-essen.de,de,https://www.ukraine-hilfe-essen.de,200,0,False,200,False,False,False,False,True,False,61,0,0,0,0,2022-03-10,"['https://muffingroup.com', 'https://wordpress.org', 'https://devowl.io/de/wordpress-real-cookie-banner']"
43.97,1,0,0,0,11,2,86.0,22.0,0.0,0.0,0,0,1,0,0.01,22,0.0,1,0,0,0,0,0,0,0,1,0,2,2,2,0,0,2,0,ukrainehilfe-goeggingen.de,de,https://www.ukrainehilfe-goeggingen.de,200,0,False,200,False,False,False,False,False,False,35,0,0,0,0,2022-03-26,"['https://www.zdf.de/dokumentation/zdfzeit/tatort-ukraine-128.html', 'https://www.betterplace.org/de/projects/123309?utm_campaign=user_share&utm_medium=ppp_sticky&utm_source=Link']"
25.1,1,0,0,0,1,0,0.0,0.0,0.0,0.0,0,0,0,0,0.01,14,0.0,1,0,0,0,0,0,0,0,1,0,0,0,0,0,1,0,0,ukrainehilfe-gr.ch,ch,https://www.ukrainehilfe-gr.ch,200,0,False,200,False,False,False,False,False,False,0,0,0,0,0,2022-03-01,[]
721.37,1,0,0,0,26,13,76.62,94.29,0.23,0.38,0,0,0,0,0.05,19,0.0,2,0,0,0,0,0,0,0,1,0,0,0,0,0,0,0,0,ukraine-hilfe-hamburg.org,org,https://www.ukraine-hilfe-hamburg.org,200,0,False,200,False,False,False,False,True,False,40,0,0,0,0,2022-03-09,"['https://www.betterplace.org/de/projects/118199', 'https://youtu.be/YFQV6GhDX3U', 'https://www.instagram.com/p/CvHSjRotehB', 'https://www.hamburg.de/faq-fluechtlinge-ukrainisch', 'https://tinyurl.com/2p8cdfne', 'https://team-arbeit-hamburg.de/%D1%83%D0%BA%D1%80%D0%B0%D1%97%D0%BD%D0%B0/?lang=uk', 'https://www.foerdernundwohnen.de', 'https://www.ardmediathek.de/kinderseite_fuer_ukrainische_fluechtlinge?isChildContent', 'https://www.dw.com/uk/%D0%B3%D0%BE%D0%BB%D0%BE%D0%B2%D0%BD%D0%B0/s-9874', 'https://facebook.com/110671535192763', 'https://twitter.com/intent/tweet?text=https%3A%2F%2Fwww.facebook.com%2F362410683356087', 'https://www.linkedin.com/shareArticle?mini=true&url=https%3A%2F%2Fwww.facebook.com%2F362410683356087&title=%09Vereinstreffen%20der%20Deutsch-Ukraine%20NGOs%20in%20Berlin.%20Es%20gab%20interessantes%20Networking%2C%20Vortr%C3%A4ge%2C%20Workshops%2C%20Kulturelles%20%2F%20kulinarisches%20aus%20der%20Ukraine%20und%20nat%C3%BCrlich%20wieder%20viele%20Emotionen.%20%F0%9F%92%99%F0%9F%92%9B%20%09%09', 'https://prophonic.de']"
118.12,1,0,0,0,30,12,32.08,12.85,0.0,0.0,0,0,1,0,0.01,20,0.0,1,0,0,0,0,0,0,0,1,0,0,0,0,0,0,0,1,ukrainehilfe-hannover.de,de,https://www.ukrainehilfe-hannover.de,200,0,False,301,False,False,False,False,True,False,82,0,0,0,0,2022-03-08,"['https://www.sellios.de', 'https://www.amvs.gmbh', 'https://www.herrstratmann.de', 'https://www.ukraine-forum.eu', 'https://www.koppenhagen.info', 'https://www.pflegezentrum-grote.de', 'https://www.umweltdruckhaus.de', 'https://www.kartoffelvertrieb-hinrichs.de', 'https://www.auto-thieme.de', 'https://www.irro.de', 'https://www.hannover.de/Fl%C3%BCchtlinge-in-Stadt-und-Region-Hannover', 'https://cookiedatabase.org/tcf/purposes']"
280.94,0,0,0,0,7,1,41.0,0.0,0.0,0.0,0,0,1,0,0.01,18,0.0,1,0,0,0,0,0,0,0,0,0,0,0,0,0,0,0,0,ukrainehilfe-hessen.de,de,https://www.ukrainehilfe-hessen.de,200,0,False,200,False,False,False,False,False,False,0,0,0,0,0,2022-04-18,['https://mail.google.com/mail/?tab=wm&ogbl']
0.82,1,0,0,0,1,0,0.0,0.0,0.0,0.0,0,0,1,0,0.01,18,0.0,2,0,0,0,0,0,0,0,1,0,1,1,1,1,1,1,1,ukraine-hilfe-hessen.de,de,https://www.ukraine-hilfe-hessen.de,200,0,False,200,False,False,False,False,True,False,75,0,0,0,0,2022-03-10,[]
124.75,1,0,0,0,5,3,24.0,0.82,0.0,1.0,0,0,1,0,0.01,17,0.0,1,0,0,0,0,0,0,0,0,0,0,0,0,0,0,0,1,ukrainehilfe-heute.de,de,https://www.ukrainehilfe-heute.de,200,1,False,200,False,False,False,False,True,False,82,0,0,0,0,2022-07-26,"['https://www.facebook.com', 'https://www.instagram.com', 'https://www.twitter.com']"
19.3,1,0,0,0,5,0,0.0,0.0,0.0,0.0,0,0,1,0,0.01,26,0.0,1,0,0,0,0,0,0,0,1,0,1,2,1,0,1,1,0,ukrainehilfe-hoftaunusblick.de,de,https://www.ukrainehilfe-hoftaunusblick.de,200,0,False,200,False,False,False,False,False,False,35,0,0,0,0,2022-03-13,[]
46.95,1,0,0,0,22,2,24.5,0.5,0.0,0.0,0,0,1,0,0.01,18,0.095,1,0,0,0,0,0,0,0,1,0,0,0,2,0,0,0,0,ukrainehilfe-jesaja58.de,de,https://www.ukrainehilfe-jesaja58.de,200,0,False,200,False,False,False,False,False,False,0,0,0,0,0,2022-03-27,"['https://blossomthemes.com', 'https://de.wordpress.org']"
0.82,1,0,0,0,1,0,0.0,0.0,0.0,0.0,0,0,1,0,0.01,17,0.0,2,0,0,0,0,0,0,0,1,0,1,1,1,1,1,1,1,ukraine-hilfe-jetzt.de,de,https://www.ukraine-hilfe-jetzt.de,200,0,False,200,False,False,False,False,True,False,75,0,0,0,0,2022-03-10,[]
23.22,1,1,0,0,24,0,0.0,0.0,0.0,0.0,0,0,1,0,0.01,18,0.0,2,0,0,0,0,0,0,0,1,0,0,1,1,-1,2,1,0,ukraine-hilfe-kassel.de,de,https://www.ukraine-hilfe-kassel.de,200,0,False,200,False,False,False,False,False,False,0,0,0,0,0,2022-03-08,[]
149.73,1,0,0,0,23,4,43.5,16.52,0.0,0.5,0,0,1,0,0.01,23,0.0,1,0,0,0,0,0,0,0,1,0,0,0,0,0,0,0,0,ukrainehilfe-koenigstein.de,de,https://www.ukrainehilfe-koenigstein.de,200,0,False,301,False,False,False,False,False,False,0,0,0,0,0,2022-03-02,"['http://www.d-u-forum.de', 'https://www.facebook.com/Ukrainehilfe-K%C3%B6nigstein-101278309403864', 'https://www.youtube.com/watch?v=v38Lkkh-9eA', 'https://cookiedatabase.org/tcf/purposes']"
255.57,1,0,1,0,16,0,0.0,0.0,0.0,0.0,0,0,1,0,0.01,20,0.0,0,0,0,0,0,0,0,0,1,0,0,0,0,0,0,0,0,ukrainehilfekonstanz.de,de,https://www.ukrainehilfekonstanz.de,-1,0,False,200,False,False,False,False,True,False,72,0,0,0,0,2022-04-15,[]
51.49,1,0,0,0,14,3,46.67,11.9,0.0,0.33,0,0,0,0,0.16,18,0.0,1,0,0,0,0,0,0,0,0,0,2,2,2,0,0,2,0,ukrainehilfe-lindau.com,com,https://www.ukrainehilfe-lindau.com,200,0,False,200,False,False,False,False,False,False,35,0,0,0,0,2022-03-27,"['https://www.bodolzer-dorfstueble.de', 'https://www.facebook.com/groups/bodolzerdorfstuebleukrainehilfe', 'https://cms.e.jimdo.com/app/cms/logout.php']"
112.53,0,0,0,1,483,8,60.38,19.31,0.0,0.25,0,0,1,0,0.01,18,0.0,1,0,0,0,0,0,0,0,1,0,2,2,1,-1,0,2,0,ukrainehilfe-lrahdh.de,de,https://www.ukrainehilfe-lrahdh.de,200,0,False,200,False,False,False,False,False,False,0,0,0,0,0,2022-03-04,"['https://ikfz.komm.one/intelliform/forms/pool/default/Wunschkennzeichen/index?caller=081350', 'https://termine.landkreis-heidenheim.de/termine2', 'https://www.facebook.com/profile.php?id=100086553498974', 'https://www.instagram.com/landkreisheidenheim', 'https://integreat.app/lkheidenheim/de', 'https://www.germany4ukraine.de/hilfeportal-de', 'https://www.justiz-bw.de/,Lde/Startseite/Auslaender+und+Fluechtlingspolitik/FAQ', 'https://www.google.com/maps/d/edit?mid=1FjemBFcWnWS2Mro2Cv694FcixqvRFKiH&usp=sharing']"
83.59,1,0,0,0,8,1,50.0,0.0,0.0,1.0,0,0,1,0,0.01,23,0.0,2,0,0,0,0,0,0,0,0,0,0,0,0,0,0,0,1,ukraine-hilfe-mainfranken.de,de,https://www.ukraine-hilfe-mainfranken.de,200,0,False,200,False,False,False,False,True,False,82,0,0,0,0,2022-03-29,['https://www.instagram.com/ukrainehilfe_mainfranken']
169.02,1,0,0,0,7,2,68.5,30.5,0.0,0.0,0,0,0,0,0.01,19,0.0,0,0,0,0,0,0,0,0,1,0,0,0,0,0,0,0,0,ukrainehilfemitherz.ch,ch,https://www.ukrainehilfemitherz.ch,200,0,False,200,False,False,False,False,False,False,0,0,0,0,0,2022-03-29,"['https://www.20min.ch/video/seit-monaten-pflegen-wir-neugeborene-babys-im-spital-bunker-109604697508', 'http://gb.webmart.de/gb.cfm?id=1358826']"
42.13,1,0,0,0,41,5,39.4,5.57,0.0,0.8,0,0,1,0,0.01,15,0.0,1,0,0,0,0,0,0,0,1,0,2,2,2,0,0,2,0,ukrainehilfe-mkk.de,de,https://www.ukrainehilfe-mkk.de,401,0,False,200,False,False,False,False,True,False,55,0,0,0,0,2022-03-08,"['https://www.vorsprung-online.de/morgenpost.html', 'https://www.facebook.com/vorsprungjobs', 'https://twitter.com/VORSPRUNG2', 'https://www.youtube.com/user/Vorsprungtv', 'https://www.instagram.com/vorsprung_online']"
2.68,1,0,0,0,1,1,31.0,0.0,0.0,0.0,0,0,1,0,0.01,20,0.0,2,0,0,0,0,0,0,0,1,0,2,2,2,0,2,2,0,ukraine-hilfe-muenchen.de,de,https://www.ukraine-hilfe-muenchen.de,200,0,False,200,False,False,False,False,False,False,0,0,0,0,0,2022-03-10,['https://www.webgo.de/webhosting']
0.81,1,0,0,0,1,0,0.0,0.0,0.0,0.0,0,0,1,0,0.01,14,0.0,2,0,0,0,0,0,0,0,0,0,1,1,1,1,1,1,1,ukraine-hilfe-mv.de,de,https://www.ukraine-hilfe-mv.de,200,0,False,200,False,False,False,False,True,False,75,0,0,0,0,2022-03-10,[]
234.67,1,0,0,0,14,3,22.0,2.16,0.0,0.0,0,0,1,0,0.06,15,0.0,1,0,0,0,0,0,0,0,1,0,0,0,0,0,0,0,1,ukrainehilfe-nbg.eu,eu,https://www.ukrainehilfe-nbg.eu,200,0,False,200,False,False,False,False,True,False,82,0,0,0,0,2022-03-03,"['https://bamberg-ua.de', 'https://www.europeone.org', 'https://ostanders.de']"
116.8,1,0,0,0,8,2,42.5,0.5,0.5,1.0,0,0,1,0,0.01,20,0.0,2,0,0,0,0,0,0,0,1,0,0,0,0,0,0,0,0,ukraine-hilfe-netzwerk.de,de,https://www.ukraine-hilfe-netzwerk.de,503,0,False,200,False,False,False,False,False,False,0,0,0,0,0,2022-03-10,"['https://instagram.com/netzwerkukrainehilfe', 'https://wa.me/message/2MDVHNVKLG3CJ1?src=qr']"
81.71,1,0,0,0,4,3,60.67,55.4,0.0,0.0,0,0,0,0,0.05,23,0.0,1,0,0,0,0,0,0,0,1,0,2,2,2,0,0,2,0,ukrainehilfe-neulengbach.org,org,https://www.ukrainehilfe-neulengbach.org,200,0,False,200,False,False,False,False,True,False,55,0,0,0,0,2022-05-26,"['http://isoe.at\\news', 'https://isoe.at/spenden', 'https://www.godaddy.com/websites/website-builder?isc=pwugc&utm_source=wsb&utm_medium=applications&utm_campaign=de-at_corp_applications_base']"
0.09,0,0,0,0,1,0,0.0,0.0,0.0,0.0,0,0,1,0,0.01,20,0.0,1,0,0,0,0,0,0,0,1,0,1,1,1,1,1,1,1,ukrainehilfe-neumarkt.de,de,https://www.ukrainehilfe-neumarkt.de,200,1,False,200,False,False,False,False,True,False,75,0,0,0,0,2022-03-29,[]
0.83,1,0,0,0,1,0,0.0,0.0,0.0,0.0,0,0,1,0,0.01,27,0.0,2,0,0,0,0,0,0,0,0,0,1,1,1,1,1,1,1,ukraine-hilfe-norddeutschland.de,de,https://www.ukraine-hilfe-norddeutschland.de,200,0,False,200,False,False,False,False,True,False,75,0,0,0,0,2022-03-10,[]
0.82,1,0,0,0,1,0,0.0,0.0,0.0,0.0,0,0,1,0,0.01,15,0.0,2,0,0,0,0,0,0,0,1,0,1,1,1,1,1,1,1,ukraine-hilfe-nrw.de,de,https://www.ukraine-hilfe-nrw.de,200,0,False,200,False,False,False,False,True,False,75,0,0,0,0,2022-03-10,[]
54.25,1,0,0,0,6,1,10.0,0.0,0.0,0.0,0,0,1,0,0.01,22,0.0,1,0,0,0,0,0,0,0,0,0,0,0,0,0,0,0,0,ukrainehilfe-oberbayern.de,de,https://www.ukrainehilfe-oberbayern.de,200,0,False,200,False,False,False,False,False,False,0,0,0,0,0,2022-05-16,['http://url']
0.0,1,0,0,0,1,0,0.0,0.0,0.0,0.0,0,0,1,0,0.01,20,0.0,0,0,0,0,0,0,0,0,0,0,1,1,1,1,1,1,1,ukrainehilfepanketal.de,de,https://www.ukrainehilfepanketal.de,-1,0,False,200,False,False,False,False,True,False,75,0,0,0,0,2022-03-11,[]
112.12,1,0,0,0,37,2,34.5,17.5,0.0,0.0,0,0,1,0,0.01,20,0.0,1,0,0,0,0,0,0,0,1,0,0,0,0,0,0,0,0,ukrainehilfe-parsberg.de,de,https://www.ukrainehilfe-parsberg.de,200,0,False,200,False,False,False,False,False,False,0,0,0,0,0,2022-05-05,"['https://icons8.de', 'https://wordpress.org/plugins/gdpr-cookie-compliance']"
0.82,1,0,0,0,1,0,0.0,0.0,0.0,0.0,0,0,1,0,0.01,15,0.0,2,0,0,0,0,0,0,0,0,0,1,1,1,1,1,1,1,ukraine-hilfe-rlp.de,de,https://www.ukraine-hilfe-rlp.de,200,0,False,200,False,False,False,False,True,False,75,0,0,0,0,2022-03-10,[]
83.42,0,0,0,0,1,2,28.5,7.5,0.0,0.0,0,0,0,0,0.01,15,0.0,0,0,0,0,0,0,0,0,1,0,0,0,0,0,0,0,0,ukrainehilferuf.ch,ch,https://www.ukrainehilferuf.ch,200,0,False,200,False,False,False,False,False,False,0,0,0,0,0,2022-04-11,"['https://ukraine-hilferufe.ch/spenden', 'https://phirstfilm.ch']"
83.42,0,0,0,0,1,2,28.5,7.5,0.0,0.0,0,0,0,0,0.01,15,0.0,1,0,0,0,0,0,0,0,1,0,0,0,0,0,0,0,0,ukraine-hilferuf.ch,ch,https://www.ukraine-hilferuf.ch,200,0,False,200,False,False,False,False,False,False,0,0,0,0,0,2022-04-05,"['https://ukraine-hilferufe.ch/spenden', 'https://phirstfilm.ch']"
83.42,0,0,0,0,1,2,28.5,7.5,0.0,0.0,0,0,0,0,0.01,16,0.0,0,0,0,0,0,0,0,0,0,0,0,0,0,0,0,0,0,ukrainehilferufe.ch,ch,https://www.ukrainehilferufe.ch,200,0,False,200,False,False,False,False,False,False,0,0,0,0,0,2022-04-11,"['https://ukraine-hilferufe.ch/spenden', 'https://phirstfilm.ch']"
83.42,1,0,0,0,13,1,21.0,0.0,0.0,0.0,0,0,0,0,0.01,16,0.0,1,0,0,0,0,0,0,0,1,0,0,0,0,0,0,0,0,ukraine-hilferufe.ch,ch,https://www.ukraine-hilferufe.ch,200,0,False,200,False,False,False,False,False,False,0,0,0,0,0,2022-04-05,['https://phirstfilm.ch']
126.51,1,0,0,0,8,2,31.0,4.0,0.5,0.5,0,0,1,0,0.01,17,0.0,2,0,0,0,0,0,0,0,0,0,0,0,0,0,0,0,0,ukraine-hilfe-rukos.de,de,https://www.ukraine-hilfe-rukos.de,-1,0,False,200,False,False,False,False,True,False,55,0,0,0,0,2022-03-24,"['https://wa.me/4917643680464', 'https://policies.google.com/privacy']"
0.82,1,0,0,0,1,0,0.0,0.0,0.0,0.0,0,0,1,0,0.01,20,0.0,2,0,0,0,0,0,0,0,0,0,1,1,1,1,1,1,1,ukraine-hilfe-saarland.de,de,https://www.ukraine-hilfe-saarland.de,200,0,False,200,False,False,False,False,True,False,75,0,0,0,0,2022-03-10,[]
0.82,1,0,0,0,1,0,0.0,0.0,0.0,0.0,0,0,1,0,0.01,19,0.0,2,0,0,0,0,0,0,0,0,0,1,1,1,1,1,1,1,ukraine-hilfe-sachsen.de,de,https://www.ukraine-hilfe-sachsen.de,200,0,False,200,False,False,False,False,True,False,75,0,0,0,0,2022-03-10,[]
7.25,1,0,0,0,16,2,53.0,10.0,0.0,0.5,0,0,0,0,0.05,25,0.0,3,0,0,0,0,0,0,0,0,0,2,2,2,0,2,2,0,ukraine-hilfe-sachsen-anhalt.org,org,https://www.ukraine-hilfe-sachsen-anhalt.org,200,0,False,200,False,False,False,False,False,False,0,0,0,0,0,2022-04-26,"['https://www.w-w.info/u/pdf/Ukrainehilfe-Dessau-Roßlau_Konto.pdf', 'https://www.youtube.com/watch?v=T3jprkpox9U']"
35.33,1,0,0,0,1,1,43.0,0.0,0.0,1.0,0,0,1,0,0.01,23,0.0,1,0,0,0,0,0,0,0,0,0,2,2,2,0,0,2,0,ukrainehilfe-salchendorf.de,de,https://www.ukrainehilfe-salchendorf.de,200,0,False,200,False,False,False,False,False,False,0,0,0,0,0,2022-03-02,['https://www.youtube.com/watch?v=eP5libcSWxA']
80.99,1,0,0,0,39,0,0.0,0.0,0.0,0.0,0,0,0,0,0.01,25,0.0,1,0,0,0,0,0,0,0,1,0,0,0,0,0,0,0,0,ukrainehilfe-salzkammergut.at,at,https://www.ukrainehilfe-salzkammergut.at,200,0,False,200,False,False,False,False,False,False,0,0,0,0,0,2022-03-13,[]
24.21,1,0,0,0,20,4,70.0,39.98,0.0,0.0,0,0,1,0,0.01,19,0.0,2,0,0,0,0,0,0,0,0,0,2,2,2,0,0,2,0,ukraine-hilfe-schmelz.de,de,https://www.ukraine-hilfe-schmelz.de,200,0,False,200,False,False,False,False,False,False,0,0,0,0,0,2022-03-31,"['https://www.kolping.net/spenden/ukraine-situation-vor-ort', 'https://www.domradio.de/artikel/kolping-chef-ukraine-besucht-deutschland', 'https://www.pfarreiengemeinschaft-schmelz.de/pfarreiengemeinschaft/gruppierungen/kolpingsfamilien/kolpingsfamilie-schmelz-st-marien', 'https://dr-hilker.de']"
0.81,1,0,0,0,1,0,0.0,0.0,0.0,0.0,0,0,1,0,0.01,14,0.0,2,0,0,0,0,0,0,0,0,0,1,1,1,1,1,1,1,ukraine-hilfe-sh.de,de,https://www.ukraine-hilfe-sh.de,200,0,False,200,False,False,False,False,True,False,75,0,0,0,0,2022-03-10,[]
29.78,1,0,0,0,7,0,0.0,0.0,0.0,0.0,0,0,1,0,0.01,17,0.0,1,0,0,0,0,0,0,0,0,0,0,0,0,0,1,0,0,ukrainehilfe-soest.de,de,https://www.ukrainehilfe-soest.de,200,0,False,200,False,False,False,False,False,False,0,0,0,0,0,2022-03-30,[]
0.81,1,1,0,0,26,0,0.0,0.0,0.0,0.0,0,0,1,0,0.01,20,0.0,1,0,0,0,0,0,0,0,0,0,1,1,1,-1,2,1,0,ukrainehilfe-stmarien.de,de,https://www.ukrainehilfe-stmarien.de,200,0,False,200,False,False,False,False,False,False,0,0,0,0,0,2022-04-15,[]
0.72,1,0,0,0,1,0,0.0,0.0,0.0,0.0,0,0,1,0,0.01,22,0.0,2,0,0,0,0,0,0,0,1,0,1,1,1,1,1,1,1,ukraine-hilfe-thueringen.de,de,https://www.ukraine-hilfe-thueringen.de,200,0,False,200,False,False,False,False,True,False,75,0,0,0,0,2022-03-05,[]
50.63,1,0,0,0,13,0,0.0,0.0,0.0,0.0,0,0,1,0,0.01,16,0.0,1,0,0,0,0,0,0,0,0,0,0,0,0,0,1,0,0,ukrainehilfe-unna.de,de,https://www.ukrainehilfe-unna.de,200,0,False,200,False,False,False,False,False,False,0,0,0,0,0,2022-03-11,[]
46.94,1,0,0,0,25,1,21.0,0.0,0.0,0.0,0,0,0,0,0.13,14,0.0,0,0,0,0,0,0,0,0,0,0,0,0,0,0,0,0,0,ukrainehilfevb.net,net,https://www.ukrainehilfevb.net,200,0,False,200,False,False,False,False,True,False,55,0,0,0,0,2022-03-26,['https://betcityru.com']
52.77,1,0,0,0,10,1,24.0,0.0,0.0,0.0,0,0,1,0,0.01,18,0.0,1,0,0,0,0,0,0,0,0,0,0,0,0,0,0,0,0,ukrainehilfe-weiden.de,de,https://www.ukrainehilfe-weiden.de,200,0,False,200,False,False,False,False,True,False,55,0,0,0,0,2022-04-25,['https://de.wordpress.org']
4.67,1,0,0,0,1,3,47.33,8.26,0.0,0.33,0,0,1,0,0.01,17,0.0,1,0,0,0,0,0,0,0,1,0,2,2,2,0,2,2,0,ukrainehilfe-weyhe.de,de,https://www.ukrainehilfe-weyhe.de,200,0,False,200,False,False,False,False,False,False,0,0,0,0,0,2022-03-08,"['https://de.wikipedia.org/wiki/Tschernihiw', 'https://www.facebook.com/UkrainehilfeWeyhe', 'https://commons.wikimedia.org/wiki/File:Flag_of_Ukraine.svg']"
14.44,1,1,0,0,7,2,49.5,0.5,0.0,1.0,0,0,1,0,0.01,23,0.0,1,0,0,0,0,0,0,0,0,0,2,2,2,0,2,2,0,ukrainehilfe-wiefelsdorf.de,de,https://www.ukrainehilfe-wiefelsdorf.de,200,0,False,200,False,False,False,False,False,False,0,0,0,0,0,2022-04-09,"['https://www.facebook.com/ukrainehilfe.wiefelsdorf', 'https://www.instagram.com/ukrainehilfe_wiefelsdorf']"
372.73,0,1,1,1,1,2,40.0,16.0,0.0,0.0,0,0,0,0,0.16,12,0.0,0,0,0,0,0,0,0,0,0,0,0,0,0,0,0,0,0,ukrainehires.com,com,https://www.ukrainehires.com,200,1,False,200,False,False,False,False,False,False,0,0,0,0,0,2022-06-18,"['https://hire-ua.com/blog', 'https://calendly.com/d/g3s-4bs-bn7/hireua-discovery-call']"
1.08,1,0,0,0,1,0,0.0,0.0,0.0,0.0,0,0,0,1,0.12,15,0.0,0,0,0,0,0,0,0,0,1,0,1,1,1,1,1,1,1,ukrainehncancer.co.uk,co.uk,https://www.ukrainehncancer.co.uk,-1,0,False,200,False,True,False,False,True,False,88,0,0,0,0,2022-03-18,[]
1.55,1,0,0,0,1,1,33.0,0.0,0.0,0.0,0,0,0,0,0.05,13,0.0,0,0,0,0,1,0,0,0,1,0,2,2,2,0,2,2,1,ukrainehopetv.org,org,https://www.ukrainehopetv.org,520,0,False,200,True,False,False,False,True,False,77,0,0,0,0,2022-03-23,['https://www.enable-javascript.com']
415.69,0,0,0,0,1,72,55.06,32.95,0.0,0.04,0,0,0,0,0.16,10,0.0,0,0,0,0,0,0,0,0,0,0,0,0,0,0,0,0,0,ukrainehot.com,com,https://www.ukrainehot.com,200,1,False,200,False,False,False,False,False,False,0,0,0,0,0,2022-03-16,"['http://phpadsnew.wn.com/www/delivery/ck.php?n=af9a85ca&cb=INSERT_RANDOM_NUMBER_HERE', 'http://twitter.com/home?status=https://wn.com/Ukraine_Hot', 'http://www.facebook.com/sharer.php?u=https://wn.com/Ukraine_Hot', 'http://maps.google.com/?q=Ukraine', 'http://.wikipedia.org', 'http://www.vechirka.uafor.net/sport/summer/0604204006.php', 'http://zakon4.rada.gov.ua/laws/show/30-2006-%D0%BF', 'http://myradio.com.ua/alias/RnB128.m3u', 'http://radio-world.elektrowave.org:8128', 'http://195.248.234.146:8000/radio1.m3u', 'http://pop.ct.fm/pop_ct_fm_mac.pls', 'http://live.galaradio.com:8000/kiev.m3u', 'http://radio.rivne.net:8000/listen.pls', 'http://91.194.250.169:8000/ur4-mp3-m', 'http://radio.tstu.edu.ua:8000/heavy.m3u', 'http://server.gik-team.net.ua:8000/live128', 'http://stream.ck.ua:8000/101FM.m3u', 'http://yaltafm.dyndns.tv:8000/online.m3u', 'http://213.85.130.203:8080/stream.mp3.m3u', 'http://radio.crimusic.info:8000/estetika128.m3u', 'http://195.66.65.146:8080/ekvator.m3u', 'http://online.1043.com.ua:8000/1043fm.m3u', 'http://rad.radio-n.com:8000', 'http://212.66.57.18:8000/listen.pls', 'http://www.radiobengel.com.ua/download/32kbps.m3u', 'http://rmix.dp.ua/listen_high.m3u', 'http://91.194.251.74:8000/superfm128.mp3.m3u', 'http://nashe.ua/nashe.m3u', 'http://xhost.feosky.net:8000/57358.m3u', 'http://www.prosto.fm/files/ProstoRadio128-Odessa.m3u', 'http://narodnoe.fm/files/NaRadiO128.m3u', 'http://online-rusradio.tavrmedia.ua/RusRadio.m3u', 'http://cast.loungefm.com.ua/loungefm.m3u', 'http://80.245.113.11:8076', 'http://mfile.akamai.com/10619/live/reflector:31070.asx', 'http://fm.odtrk.km.ua:8000/listen.pls', 'http://psyradio.com.ua/PsyRadio_256kbps.m3u', 'https://youtube.com', 'https://i.ytimg.com/vi/nwLK3n0pdXU/0.jpg', 'https://hotair.com/jazz-shaw/2024/04/11/zelensky-struggles-to-play-american-politics-n3786307', 'https://news.yahoo.com/speaker-johnson-defends-leadership-ahead-153657041.html', 'https://oilprice.com/Geopolitics/International/Chinas-Mediation-Efforts-A-Closer-Look-at-Beijings-Ukraine-Strategy.html', 'https://www.rferl.org/a/china-ukraine-shuttle-diplomacy/32898704.html', 'https://nypost.com/2024/04/10/us-news/house-speaker-mike-johnson-fears-ouster-if-he-moves-on-ukraine-aid-biden-claims', 'https://www.lbcgroup.tv/news/world-news/764891/lavrov-says-russia-china-to-maintain-fight-against-terrorism/en', 'https://www.stripes.com/theaters/europe/2024-04-09/cavoli-nato-russia-nuclear-13516988.html', 'https://www.theguardian.com/world/2024/apr/08/ukraine-war-briefing-alarm-over-drone-attack-on-zaporizhzhia-power-plant', 'https://www.beijingnews.net/news/274240707/ukraine-attack-hits-zaporizhzhia-nuclear-power-plant-says-russia', 'https://spectator.org/nuclear-weapons-and-u-s-allies/?utm_source=rss&utm_medium=rss&utm_campaign=nuclear-weapons-and-u-s-allies', 'https://www.voanews.com/a/russia-s-lavrov-to-visit-china-to-discuss-ukraine-war/7560044.html', 'https://www.thenews.com.pk/print/1176713-russia-s-lavrov-to-visit-china-to-discuss-ukraine-war', 'https://www.aljazeera.com/news/2024/4/7/russia-says-ukraine-attack-hits-zaporizhzhia-nuclear-power-plant', 'https://www.unz.com/article/massive-us-biowar-funding-created-biowar-vax-industrial-complex-threatens-to-swallow-the-west', 'https://edition.cnn.com/2024/04/11/climate/bogota-water-rationing-drought-climate-intl/index.html', 'https://www.livemint.com/news/world/on-pm-modi-s-border-row-comments-china-says-noted-the-remarks-11712842841959.html', 'https://www.sfgate.com/news/world/article/mali-s-junta-suspends-all-political-activities-19397053.php', 'https://www.rte.ie/news/middle-east/2024/0411/1442892-biden-iran-israel', 'https://www.startribune.com/wife-of-julian-assange-says-bidens-comments-mean-case-could-be-moving-in-the-right-direction/600358068', 'https://koreatimes.co.kr/www/opinion/2024/04/197_372291.html?utm_source=fl', 'https://www.newstatesman.com/politics/uk-politics/2024/04/rishi-sunaks-shelf-life-is-over', 'https://www.dubai.com', 'https://travelagents.com', 'https://globalweather.com', 'https://worldphotos.com', 'https://cheese.com', 'https://broadcasts.com', 'https://metas.com', 'https://students.com', 'https://emissions.com', 'https://population.com', 'https://domaines.com', 'https://wages.com']"
24.79,1,0,0,0,3,11,30.73,6.11,0.0,0.0,0,0,1,0,0.01,20,0.0,2,0,0,0,0,0,0,0,0,0,2,2,2,0,2,2,0,ukraine-hotline-bayern.de,de,https://www.ukraine-hotline-bayern.de,200,0,False,200,False,False,False,False,True,False,35,0,0,0,0,2022-03-04,"['https://www.freie-wohlfahrtspflege-bayern.de', 'http://www.demenz-pflege-bayern.de', 'http://www.kbs-bayern.de', 'https://www.ks-husgewalt-bayern.de', 'https://www.lsgbayern.de', 'https://ukraine-hilfe.bayern.de', 'http://www.aktion-deutschland-hilft.de', 'http://www.entwicklung-hilft.de', 'http://www.ukr-kirche.de;', 'http://www.ugkk-neu-ulm.de', 'http://www.bamberg-ugkk.de)']"
0.11,1,0,0,0,1,0,0.0,0.0,0.0,0.0,0,0,0,0,0.05,9,0.0,0,0,0,0,0,0,0,0,1,0,1,1,1,1,1,1,0,ukrainehq.org,org,https://www.ukrainehq.org,-1,0,False,200,False,False,False,False,True,False,55,0,0,0,0,2022-03-03,[]
96.59,1,0,0,0,8,2,34.0,4.0,0.0,0.0,0,0,0,1,0.12,12,0.0,0,0,0,0,0,0,0,0,1,0,0,0,0,0,2,0,0,ukrainehubuk.co.uk,co.uk,https://www.ukrainehubuk.co.uk,-1,0,False,200,False,False,False,False,False,False,0,0,0,0,0,2022-03-18,"['https://wordpress.com/?ref=footer_blog', 'https://automattic.com/cookies']"
95.0,1,1,0,1,8,2,35.5,5.5,0.0,0.0,0,0,0,0,0.16,12,0.0,0,0,0,0,0,0,0,0,1,0,0,0,0,0,0,0,0,ukrainehubuk.com,com,https://www.ukrainehubuk.com,200,0,False,200,False,False,False,False,False,False,0,0,0,0,0,2022-03-18,"['https://wordpress.com/?ref=footer_website', 'https://automattic.com/cookies']"
227.09,1,0,0,0,42,1,151.0,0.0,0.0,0.0,0,0,0,1,0.12,20,0.0,0,0,0,0,0,1,0,0,1,1,0,0,0,0,0,0,1,ukrainehubwarrington.co.uk,co.uk,https://www.ukrainehubwarrington.co.uk,200,0,False,200,True,False,False,False,True,False,90,0,0,0,0,2022-05-13,['https://www.google.com/url?q=https%3A%2F%2Fwww.justgiving.com%2Fcrowdfunding%2Fflightsforukrainianfamilies&sa=D&sntz=1&usg=AOvVaw09akEQ2bch6ohPaZnEZwLF']
58.46,1,1,0,0,21,3,35.33,5.91,0.33,1.0,0,0,0,0,0.16,14,0.0,0,0,0,0,0,1,0,0,0,0,0,2,2,0,2,2,0,ukraineinarmor.com,com,https://www.ukraineinarmor.com,200,0,False,200,False,False,False,False,False,False,0,0,0,0,0,2022-03-18,"['https://www.facebook.com/ukraineinarmor', 'https://www.instagram.com/ukraineinarmor', 'https://t.me/Ukraineinarmor']"
34.43,1,0,0,0,37,0,0.0,0.0,0.0,0.0,0,0,0,0,0.16,11,0.0,2,0,0,0,0,0,0,0,1,0,0,2,1,0,2,2,0,ukraine-in-eu.com,com,https://www.ukraine-in-eu.com,-1,0,False,200,False,False,False,False,True,False,55,0,0,0,0,2022-06-21,[]
13.9,0,0,0,0,5,1,32.0,0.0,0.0,0.0,0,0,0,0,0.01,11,0.0,1,0,0,0,0,0,0,0,0,0,2,2,2,0,0,2,0,ukraine-info.be,be,https://www.ukraine-info.be,200,0,False,200,False,False,False,False,True,False,55,0,0,0,0,2022-03-05,['http://www.enable-javascript.com']
0.67,1,0,0,0,1,0,0.0,0.0,0.0,0.0,0,0,0,0,0.03,11,0.0,1,0,0,0,0,0,0,0,1,0,1,1,1,1,1,1,0,ukraine-info.fr,fr,https://www.ukraine-info.fr,200,1,False,301,False,False,False,False,True,False,55,0,0,0,0,2022-03-08,[]
1.07,1,0,0,0,36,7,35.43,23.62,0.0,0.43,0,0,1,0,0.01,14,0.0,2,0,0,0,0,0,0,0,1,0,2,2,2,-1,2,2,0,ukraine-in-halle.de,de,https://www.ukraine-in-halle.de,200,1,False,200,False,False,False,False,False,False,0,0,0,0,0,2022-03-10,"['https://www.facebook.com', 'https://twitter.com', 'https://www.instagram.com', 'https://www.halle.de/de/Verwaltung/Zielgruppen/Auslaender-und-Migranten/Krieg-in-der-Ukraine', 'https://www.bahn.de/info/helpukraine', 'https://krisenchat.de/ukraine', 'https://speciatheme.com']"
75.12,1,0,0,0,3,0,0.0,0.0,0.0,0.0,0,0,0,0,0.16,17,0.0,0,0,0,0,0,0,0,0,1,0,0,0,0,0,0,0,0,ukraineinmourning.com,com,https://www.ukraineinmourning.com,-1,0,False,200,False,False,False,False,True,False,55,0,0,0,0,2022-05-01,[]
429.18,1,0,0,0,62,8,51.62,19.1,0.0,0.0,0,0,0,0,0.16,12,0.0,0,0,0,0,0,0,0,0,1,0,0,0,0,0,0,0,0,ukraineinnot.com,com,https://www.ukraineinnot.com,200,0,False,200,False,False,False,False,True,False,61,0,0,0,0,2022-06-15,"['https://videos.files.wordpress.com/hTjk9iLF/video_2024-03-22_20-17-04.mp4', 'https://www.deutscher-engagementpreis.de/publikumspreis', 'https://www.wn.de/muenster/gold-fur-verein-ukraine-in-not-2667918?pid=true', 'https://westfalium.de/2022/11/30/buergerpreis-muenster-fluechtlinge-im-fokus', 'https://zahnarztteam-hamm.de', 'https://www.stadt-muenster.de/startseite', 'https://www.mkjfgfi.nrw/komm-an-nrw', 'http://www.provinzialerhelfen.de']"
2.38,1,0,0,0,2,0,0.0,0.0,0.0,0.0,0,0,0,0,0.16,24,0.0,0,0,1,0,0,0,0,0,1,0,1,1,1,1,1,1,0,ukraineinternationalfund.com,com,https://www.ukraineinternationalfund.com,404,0,False,200,False,False,False,False,True,False,55,0,0,0,0,2022-06-24,[]
1.21,1,0,0,0,1,0,0.0,0.0,0.0,0.0,0,0,1,0,0.13,17,0.0,2,0,0,0,0,0,0,0,1,0,1,1,1,1,1,1,1,ukraine-intim-dosug.online,online,https://www.ukraine-intim-dosug.online,-1,0,False,200,False,False,False,False,True,False,95,0,0,0,0,2022-07-22,[]
809.88,1,0,0,0,7,1,20.0,0.0,0.0,0.0,0,0,0,0,0.16,17,0.0,0,0,0,0,0,0,0,0,0,0,0,0,0,0,0,0,0,ukraineisonmymind.com,com,https://www.ukraineisonmymind.com,404,0,False,200,False,False,False,False,False,False,0,0,0,0,0,2022-03-28,['http://emperiavr.com']
33.66,1,1,1,1,1,36,67.89,37.11,0.0,0.08,0,1,0,0,0.16,15,0.0,0,0,0,0,0,0,0,0,1,0,2,2,2,0,2,2,0,ukraineisstrong.com,com,https://www.ukraineisstrong.com,200,1,False,200,False,False,False,False,False,False,0,0,0,0,0,2022-02-28,"['https://www.bloomberg.com/news/articles/2022-02-24/ukraine-is-using-crowdfunding-to-raise-money-for-its-military-in-war-with-russia', 'https://www.businessinsider.com/patreon-removes-account-ukraine-organization-come-back-alive-russia-invasion-2022-2', 'https://pay.fondy.eu/api/checkout?button=dc75627e73000f3b6fb87c83db2fc64767fe1b63&lang=en', 'https://www.comebackalive.in.ua/donate', 'https://www.facebook.com/backandalive', 'https://www.theguardian.com/world/2022/mar/28/the-drone-operators-who-halted-the-russian-armoured-vehicles-heading-for-kyiv', 'https://aerorozvidka.xyz', 'https://armysos.com.ua/en/help-the-army', 'https://bank.gov.ua/en/news/all/natsionalniy-bank-vidkriv-spetsrahunok-dlya-zboru-koshtiv-na-potrebi-armiyi', 'https://ukraine.ua/news/donate-to-the-nbu-fund', 'https://twitter.com/Ukraine/status/1497594592438497282', 'https://docs.google.com/spreadsheets/d/1sh7BDxzW7GulFsu4pMjO1AlL4azoyGmphaIneaC53zE', 'https://unchain.fund', 'https://linktr.ee/ukrainedao', 'https://www.paypal.com/donate/?cmd=_s-xclick&hosted_button_id=FYFZPVQN8J7YC&source=url', 'https://razomforukraine.humanitru.com/donate?notes=Razom+General&options=150%2C100%2C50%2C25&amount=50', 'https://razomforukraine.org/donate', 'https://voices.org.ua/en/donat', 'https://www.rsukraine.org', 'http://wings-phoenix.org.ua/en/donate-instructions', 'https://help.rescue.org/donate/ukraine-acq?ms=ws_resq_top_nav_btn_fy22_ukraine_mmus_feb_n6568&initialms=ws_resq_top_nav_btn_fy22_ukraine_mmus_feb_n6568', 'https://my.care.org/site/Donation2?df_id=31067&mfc_pref=T&31067.donation=form1&s_src=172223UCF000', 'https://give.internationalmedicalcorps.org/page/99837/donate/1?ea.tracking.id=DP~UA22~DPLBU2202', 'https://secure.projecthope.org/site/SPageNavigator/2022_02_Ukraine_Response_Web_UNR.html&s_subsrc=bt1', 'https://www.gofundme.com/f/kyivindependent-launch', 'https://www.patreon.com/kyivindependent', 'https://kyivindependent.com', 'https://www.globalgiving.org/projects/ukraine-crisis-relief-fund', 'https://support.crs.org/donate/donate-ukraine?ms=agicrs2022ukr00her00&_ga=2.245430212.1713328874.1645635512-369971703.1645635512', 'https://support.savethechildren.org/site/Donation2?df_id=5751&mfc_pref=T&5751.donation=form1', 'https://worldhelp.net/gift/ukraine/?utm_source=AdRoll&utm_medium=Website&utm_m=WHWEB-HMPG&utm_campaign=Disaster_2021_4998', 'https://give.opusa.org/give/34510/#!/donation/checkout', 'https://www.directrelief.org/emergency/ukraine-crisis', 'https://www.icrc.org/en/donate/ukraine', 'https://www.instagram.com/sunflowerofpeace', 'https://www.sunflowerofpeace.com']"
0.61,0,1,1,1,1,36,67.89,37.11,0.0,0.08,0,1,0,0,0.16,13,0.0,0,0,0,0,0,0,0,0,1,0,2,2,2,0,2,2,0,ukraineisweak.com,com,https://www.ukraineisweak.com,200,1,False,200,False,False,False,False,False,False,0,0,0,0,0,2022-02-28,"['https://www.bloomberg.com/news/articles/2022-02-24/ukraine-is-using-crowdfunding-to-raise-money-for-its-military-in-war-with-russia', 'https://www.businessinsider.com/patreon-removes-account-ukraine-organization-come-back-alive-russia-invasion-2022-2', 'https://pay.fondy.eu/api/checkout?button=dc75627e73000f3b6fb87c83db2fc64767fe1b63&lang=en', 'https://www.comebackalive.in.ua/donate', 'https://www.facebook.com/backandalive', 'https://www.theguardian.com/world/2022/mar/28/the-drone-operators-who-halted-the-russian-armoured-vehicles-heading-for-kyiv', 'https://aerorozvidka.xyz', 'https://armysos.com.ua/en/help-the-army', 'https://bank.gov.ua/en/news/all/natsionalniy-bank-vidkriv-spetsrahunok-dlya-zboru-koshtiv-na-potrebi-armiyi', 'https://ukraine.ua/news/donate-to-the-nbu-fund', 'https://twitter.com/Ukraine/status/1497594592438497282', 'https://docs.google.com/spreadsheets/d/1sh7BDxzW7GulFsu4pMjO1AlL4azoyGmphaIneaC53zE', 'https://unchain.fund', 'https://linktr.ee/ukrainedao', 'https://www.paypal.com/donate/?cmd=_s-xclick&hosted_button_id=FYFZPVQN8J7YC&source=url', 'https://razomforukraine.humanitru.com/donate?notes=Razom+General&options=150%2C100%2C50%2C25&amount=50', 'https://razomforukraine.org/donate', 'https://voices.org.ua/en/donat', 'https://www.rsukraine.org', 'http://wings-phoenix.org.ua/en/donate-instructions', 'https://help.rescue.org/donate/ukraine-acq?ms=ws_resq_top_nav_btn_fy22_ukraine_mmus_feb_n6568&initialms=ws_resq_top_nav_btn_fy22_ukraine_mmus_feb_n6568', 'https://my.care.org/site/Donation2?df_id=31067&mfc_pref=T&31067.donation=form1&s_src=172223UCF000', 'https://give.internationalmedicalcorps.org/page/99837/donate/1?ea.tracking.id=DP~UA22~DPLBU2202', 'https://secure.projecthope.org/site/SPageNavigator/2022_02_Ukraine_Response_Web_UNR.html&s_subsrc=bt1', 'https://www.gofundme.com/f/kyivindependent-launch', 'https://www.patreon.com/kyivindependent', 'https://kyivindependent.com', 'https://www.globalgiving.org/projects/ukraine-crisis-relief-fund', 'https://support.crs.org/donate/donate-ukraine?ms=agicrs2022ukr00her00&_ga=2.245430212.1713328874.1645635512-369971703.1645635512', 'https://support.savethechildren.org/site/Donation2?df_id=5751&mfc_pref=T&5751.donation=form1', 'https://worldhelp.net/gift/ukraine/?utm_source=AdRoll&utm_medium=Website&utm_m=WHWEB-HMPG&utm_campaign=Disaster_2021_4998', 'https://give.opusa.org/give/34510/#!/donation/checkout', 'https://www.directrelief.org/emergency/ukraine-crisis', 'https://www.icrc.org/en/donate/ukraine', 'https://www.instagram.com/sunflowerofpeace', 'https://www.sunflowerofpeace.com']"
76.72,1,0,0,0,55,0,0.0,0.0,0.0,0.0,0,0,0,0,0.16,12,0.0,0,0,0,0,0,0,0,0,0,0,0,0,0,0,0,0,0,ukraineisyou.com,com,https://www.ukraineisyou.com,-1,0,False,200,False,False,False,False,False,False,0,0,0,0,0,2022-03-20,[]
22.96,1,0,0,0,15,5,19.8,0.75,0.0,1.0,0,0,0,0,0.05,9,0.0,0,0,0,0,0,0,0,0,1,0,2,2,2,0,2,2,0,ukraineit.org,org,https://www.ukraineit.org,500,0,False,200,False,False,False,False,False,False,0,0,0,0,0,2022-07-05,"['https://facebook.com', 'https://twitter.com', 'https://linkedin.com', 'https://instagram.com', 'https://youtube.com']"
2.24,1,0,0,0,1,1,23.0,0.0,0.0,0.0,0,0,0,0,0.11,10,0.0,0,0,0,0,0,0,0,0,0,0,2,2,2,0,2,2,0,ukraineits.me,me,https://www.ukraineits.me,200,0,False,200,False,False,False,False,False,False,40,0,0,0,0,2022-02-28,['http://www.12linkme.com']
84.65,1,0,0,0,12,4,60.0,12.85,0.0,0.0,0,0,0,0,0.16,12,0.0,1,0,0,0,0,0,0,0,0,0,0,0,0,0,0,0,0,ukraine-japan.com,com,https://www.ukraine-japan.com,200,0,False,301,False,False,False,False,False,False,0,0,0,0,0,2022-06-10,"['https://www.moj.go.jp/isa/support/fresc/12_00030.html', 'https://www.mofa.go.jp/mofaj/erp/c_see/ua/page3_003225.html', 'https://www.nippon-foundation.or.jp/who/news/information/2022/20220415-69433.html', 'https://www.npa.go.jp/topic/2022/20220415aa.pdf']"
918.94,1,0,0,1,5,2,56.0,11.0,0.0,0.0,0,0,0,0,0.16,19,0.0,0,0,0,0,0,0,0,0,0,0,0,0,0,0,0,0,0,ukrainejewishrelief.com,com,https://www.ukrainejewishrelief.com,200,0,False,200,False,False,False,False,False,False,0,0,0,0,0,2022-03-09,"['https://www.chabad.org/special/campaigns/ukraine/donate_cdo/sc/cha_', 'https://wix.com?utm_campaign=vir_created_with']"
918.94,1,0,0,1,4,2,56.0,11.0,0.0,0.0,0,0,0,0,0.05,19,0.0,0,0,0,0,0,0,0,0,0,0,0,0,0,0,0,0,0,ukrainejewishrelief.org,org,https://www.ukrainejewishrelief.org,200,0,False,200,False,False,False,False,False,False,0,0,0,0,0,2022-03-09,"['https://www.chabad.org/special/campaigns/ukraine/donate_cdo/sc/cha_', 'https://wix.com?utm_campaign=vir_created_with']"
124.74,0,0,0,0,35,14,31.14,9.71,0.0,0.36,0,0,0,0,0.01,11,0.0,0,0,0,0,0,0,0,0,0,0,0,0,0,0,0,0,0,ukrainejobs.at,at,https://www.ukrainejobs.at,200,0,False,200,False,False,False,False,False,False,0,0,0,0,0,2022-03-11,"['https://www.karriere.at/jobs?jobFields%5B%5D=3085', 'https://www.itstellen.at', 'https://www.techtalents.at', 'https://www.financejobs.at', 'https://www.salescareer.at', 'https://www.jobs.at', 'https://hokify.at', 'https://www.erecruiter.net', 'https://www.instagram.com/karriere.at', 'https://www.linkedin.com/company/karriere-at', 'https://www.facebook.com/karriere.at', 'https://www.youtube.com/user/karriereatchannel', 'https://x.com/karriere_at', 'https://www.pinterest.at/karriereat']"
15.5,1,0,0,0,1,0,0.0,0.0,0.0,0.0,0,0,1,0,0.01,14,0.0,1,0,0,0,0,0,0,0,1,0,0,1,1,0,1,1,1,ukraine-journal.de,de,https://www.ukraine-journal.de,200,0,False,200,True,True,False,False,True,False,85,0,0,0,0,2022-04-25,[]
133.11,1,0,0,0,30,4,40.25,7.46,0.0,0.75,0,0,0,0,0.05,9,0.0,0,0,0,0,0,0,0,0,0,0,0,0,0,0,0,0,0,ukrainekc.org,org,https://www.ukrainekc.org,200,0,False,200,False,False,False,False,False,False,0,0,0,0,0,2022-03-18,"['https://www.facebook.com/groups/251750580500306', 'https://twitter.com/ukrainekc', 'https://www.instagram.com/stand_with_ukraine_kc', 'https://www.hearttoheart.org/volunteer']"
91.08,1,0,0,1,17,2,48.5,13.5,0.0,1.0,0,0,1,0,0.06,18,0.0,0,0,0,0,0,0,0,0,0,0,0,0,0,0,0,0,0,ukrainekinderhilfe.eu,eu,https://www.ukrainekinderhilfe.eu,200,0,False,200,False,False,False,False,False,False,0,0,0,0,0,2022-04-28,"['https://twitter.com/Ukrainekinderh1', 'https://www.facebook.com/Ukrainekinderhilfeeu-100713426000783 ']"
56.2,1,0,0,0,10,3,22.67,3.09,0.0,0.0,0,0,0,0,0.01,13,0.0,1,0,0,0,0,0,0,0,0,0,0,0,0,0,0,0,0,ukraine-koeniz.ch,ch,https://www.ukraine-koeniz.ch,200,0,False,200,False,False,False,False,False,False,0,0,0,0,0,2022-04-01,"['https://www.balu-koeniz.com', 'https://attractiv.ch', 'https://wordpress.org']"
2.16,1,0,0,0,2,0,0.0,0.0,0.0,0.0,0,0,1,0,0.01,15,0.211,0,0,0,0,0,0,0,0,0,0,1,1,1,1,1,1,0,ukrainekongress2022.de,de,https://www.ukrainekongress2022.de,-1,0,False,200,False,False,False,False,False,False,0,0,0,0,0,2022-05-18,[]
113.11,1,1,0,1,2,79,58.15,42.71,0.01,0.05,1,0,0,0,0.16,13,0.0,1,0,0,0,0,0,0,0,0,0,0,2,2,0,2,2,0,ukraine-latvia.com,com,https://www.ukraine-latvia.com,200,1,False,200,False,False,False,False,True,False,55,0,0,0,0,2022-02-27,"['https://t.me/uainfolv_bot', 'https://www.facebook.com/groups/1044267682279709', 'https://ej.uz/SupportforpeoplefromUkraine', 'http://palidzibaskarte.lv', 'https://docs.google.com/forms/d/e/1FAIpQLSeExTtJwYTuFi2ekN92rYJ5A5BE9cojV5aJlLydJTb2fmHVgQ/viewform', 'https://www.pmlp.gov.lv/lv/deklaresanas-ja-sanemta-uzturesanas-atlauja-0', 'https://ecolines.net/ua/uk', 'https://www.flixbus.ua', 'https://luxexpress.eu/lv', 'https://www.pvd.gov.lv/lv/informacija-par-iecelosanu-ar-majdzivnieku-no-ukrainas', 'https://www.rs.gov.lv', 'https://www.iem.gov.lv/lv', 'https://likumi.lv/ta/id/330546-ukrainas-civiliedzivotaju-atbalsta-likums', 'https://gribupalidzetbegliem.lv/2022/03/30/atbalsts-pasvaldibas-ukrainas-iedzivotajiem', 'https://www.riga.lv/en/support-ukraine', 'https://www.atbalstapakas.lv/zinas/155-ukrainas-kara-begli-vares-sanemt-bezmaksas-partikas-un-pamata-materiala-atbalsta-pakas', 'https://www.daugavpils.lv/afisa/atbalsts-ukrainas-iedzivotajiem', 'https://www.jelgava.lv/lv/pakalpojumi/atbalsts-ukrainai', 'https://www.jurmala.lv/lv/atbalsts-ukrainai', 'https://www.liepaja.lv/atbalsts-ukrainai', 'https://rezekne.lv/palidziba-ukrainai/#link_acc-1-6-d', 'https://www.ventspils.lv/aktualitates/atbalsts-ukrainai', 'https://app.vietagimenei.lv/kalkulators/sif_calc_frontend', 'https://www.lm.gov.lv/lv/node/5365', 'https://www.sam.gov.lv/lv/informacija-ukrainas-pilsoniem', 'https://www.1188.lv/en/transport', 'https://www.rigassatiksme.lv/lv/biletes/informacija-par-brauksanu-rigas-sabiedriskaja-transporta-ukrainas-iedzivotajiem', 'https://www.csdd.lv/transportlidzekla-registracija-uz-laiku/tl-reg-uz-laiku-visp-info-19', 'https://www.em.gov.lv/lv/atbalsts-ukrainas-civiliedzivotaju-izmitinasanai-un-edinasanai', 'https://majasbegliem.lv', 'https://www.booking.com/country/lv.en-gb.html', 'https://www.airbnb.com/latvia/stays', 'https://www.ss.com', 'https://www.city24.lv', 'https://www.cityreal.lv', 'https://www.zip.lv/lv', 'https://www.rentinriga.lv', 'https://www.vmnvd.gov.lv/lv/information-ukrainian-citizens-about-health-care-services-latvia', 'https://manavakcina.lv', 'https://app.powerbi.com/view?r=eyJrIjoiOTA4ZmM1YTAtNGU0My00NjQ2LTk1MjEtMGUzM2ZmMzcxNGM5IiwidCI6ImRiYzkwMTJkLTYyOGItNDNkNC1iMTkwLThhNzMwZjdlMWU5NiIsImMiOjl9', 'https://covid19.gov.lv/en', 'https://www.vm.gov.lv', 'https://www.bkus.lv/en/ukrainas-iedzivotajiem', 'https://www.vsaa.gov.lv/lv/jaunums/pabalsti-par-bernu-ukrainas-civiliedzivotajiem-kurus-pieskir-valsts-socialas-apdrosinasanas-agentura-dopomoga-na-ditinu-gromadyanskomu-naselennyu-ukrainischo-prisvoyuetsya-derzhavnim-agentstvom-socialnogo-strakhuvannya', 'http://nometnes.gov.lv/camps/list?beginDate=&endDate=&support=0&support=1&title=&typeTimeOfDay=&typeParticipantAcquisition=&typeLodging=&age=&submit=Mekl%C4%93t', 'https://propozycii.lv/?filter=Kategorija-%3AB%25C4%2593rniem', 'https://www.izm.gov.lv/en/ukraine-latvia', 'https://www.bti.gov.lv/lv/par-konsultativo-nodalu', 'https://www.godagimene.lv/par-karti', 'https://www.cietusajiem.lv/en', 'https://forms.office.com/pages/responsepage.aspx?id=DQSIkWdsW0yxEjajBLZtrQAAAAAAAAAAAAMAAEjcpThUMlJKMTZUVzlYVzFONUFJNUVVOExHNzhNWC4u', 'https://www.nva.gov.lv/lv/nodarbinatibas-vai-pasnodarbinatibas-uzsaksanas-pabalsts', 'https://www.teirdarbs.lv', 'https://cv.lv/ru/search?limit=20&offset=0&suitableForRefugees=true', 'https://www.vdi.gov.lv/lv/par-ukrainas-civiliedzivotaju-nodarbinasanu-lv-ukr-rus', 'https://www.ikvd.gov.lv/lv/atbalsts-nedrosa-bridi#ukrainas-civiliedzivotaju-registracija-bernu-uzraudzibas-pakalpojuma-sniedzeju-auklu-registra', 'https://vkkf.lv/index/konkursi/m%C4%93r%C4%B7programmu-konkursi/m%C4%93r%C4%B7programmas-2024/rado%C5%A1o-stipendiju-programma-ukrainas-pilso%C5%86iem.html', 'https://eds.vid.gov.lv', 'https://www.bank.lv/en', 'https://www.financelatvia.eu/en/news/latvian-credit-and-financial-institutions-are-ready-to-open-a-payment-account-for-ukrainian-refugees', 'https://www.seb.lv/en', 'https://www.citadele.lv/en/private', 'https://www.swedbank.lv/private/d2d/start', 'https://www.luminor.lv/en/private', 'https://industra.finance/en/bank/contacts-and-details', 'https://www.ribbank.com/en', 'https://www.studyinlatvia.lv/ua/ua-student-support', 'https://sciencelatvia.lv/#/pub/scientific_institution/list', 'https://www.km.gov.lv/lv/jaunums/ukrainas-iedzivotajiem-visi-valsts-muzeji-latvija-pieejami-bez-maksas', 'https://www.visc.gov.lv/lv/valsts-valodas-prasmes-parbaude', 'https://www.sif.gov.lv/lv/jaunums/sakusies-ukrainas-civiliedzivotaju-pieteiksanas-latviesu-valodas-macibam', 'https://www.kartadopomogy.lv', 'https://www.ziedot.lv/ukranskim-bzhencyam', 'https://latvia.mfa.gov.ua', 'https://valoda.lv/informacija-par-latviesu-valodas-apguvi-ukrainu-berniem-un-pieaugusajiem', 'https://eng.lsm.lv', 'https://www.youtube.com/watch?v=fnJt3yBkKQU', 'https://www.palidzibaukrainai.lv/brivpratigajiem', 'https://chat.whatsapp.com/LFTUDr8n74G6tDyojILe9a']"
74.2,1,0,0,0,16,6,43.5,16.89,0.0,0.0,0,0,0,0,0.05,15,0.0,0,0,0,1,0,0,0,0,0,0,0,0,0,0,0,0,0,ukrainelegalaid.org,org,https://www.ukrainelegalaid.org,200,0,False,200,False,False,False,False,True,False,55,0,0,0,0,2022-02-28,"['https://nexustp.cloud', 'https://xrcfl.com/commercial-construction-oviedo-fl', 'https://www.domesticacservice.com/s', 'https://creeksideproconstruction.com/exterior-painting', 'https://brooklynpartyhall.com', 'https://www.wakeskincarellc.com/chemical-peels-wake-county-areas-served']"
1083.52,1,0,0,1,1,2,69.0,40.0,0.0,0.0,0,0,0,0,0.16,13,0.0,0,0,0,0,0,0,0,0,0,0,0,0,0,0,0,0,0,ukrainelegion.com,com,https://www.ukrainelegion.com,200,0,False,200,False,False,False,False,True,False,55,0,0,0,0,2022-03-05,"['http://www.albania.mfa.gov.ua', 'https://uacrisis.org/en/algorithm-for-foreigners-to-join-the-foreign-legion-of-territorial-defense-of-ukraine']"
509.56,1,0,0,0,8,1,44.0,0.0,0.0,0.0,0,0,1,0,0.01,14,0.0,1,0,0,0,0,0,0,0,0,0,0,0,0,0,0,0,0,ukraine-leipzig.de,de,https://www.ukraine-leipzig.de,200,0,False,200,False,False,False,False,True,False,55,0,0,0,0,2022-03-13,['http://wix.com?utm_campaign=vir_created_with']
155.99,1,0,0,0,19,2,44.5,0.5,0.0,0.5,0,0,0,0,0.05,18,0.0,0,0,1,0,0,0,0,0,0,0,0,0,0,0,0,0,0,ukrainelibertyfund.org,org,https://www.ukrainelibertyfund.org,200,0,False,200,False,False,False,False,False,False,0,0,0,0,0,2022-04-20,"['https://donate.stripe.com/14kg1xcCWcLT9TG6op', 'https://www.facebook.com/ukraine.liberty.fund']"
4.77,1,0,0,0,1,0,0.0,0.0,0.0,0.0,0,0,0,0,0.16,15,0.0,0,0,0,0,0,0,0,0,0,0,1,1,1,1,1,1,1,ukrainelifering.com,com,https://www.ukrainelifering.com,200,0,False,403,False,False,False,False,True,False,75,0,0,0,0,2022-03-09,[]
4.8,1,0,0,0,2,2,27.5,8.5,0.0,0.0,0,0,0,0,0.16,12,0.0,0,0,0,0,0,0,0,0,0,1,2,2,2,0,2,2,0,ukrainelinks.com,com,https://www.ukrainelinks.com,200,1,False,302,False,False,False,False,True,False,55,0,0,0,0,2022-03-09,"['https://write.as/e8pdoj0mb20hkf6p.md', 'https://porkbun.com']"
195.75,1,0,0,0,17,4,32.75,7.98,0.0,0.5,0,0,0,0,0.05,12,0.0,0,0,0,0,0,0,0,0,0,0,0,0,0,0,0,0,1,ukrainelives.org,org,https://www.ukrainelives.org,200,0,False,200,False,False,False,False,True,False,82,0,0,0,0,2022-03-03,"['https://ucraniahelp.org/what-we-do', 'https://www.instagram.com/ukrainelives_org', 'https://twitter.com/UkraineLivesORG', 'https://onmycloud.es']"
1.06,1,0,0,0,1,0,0.0,0.0,0.0,0.0,0,0,0,0,0.16,11,0.0,0,0,0,0,0,0,0,0,0,0,1,1,1,1,1,1,1,ukrainelove.com,com,https://www.ukrainelove.com,200,1,False,200,False,False,False,False,True,True,75,0,0,0,0,2022-05-06,[]
113.83,1,0,0,0,13,2,76.5,46.5,0.0,0.0,0,0,0,0,0.01,14,0.0,1,0,0,0,0,0,0,0,0,0,0,0,0,0,0,0,0,ukraine-maribor.si,si,https://www.ukraine-maribor.si,403,0,False,200,False,False,False,False,False,False,40,0,0,0,0,2022-04-20,"['https://www.gov.si/en/topics/slovenias-assistance-to-the-citizens-of-ukraine/dopomoga-yaku-slovenya-nada-gromadyanam-ukrani', 'http://orionthemes.com/recycle']"
3.65,1,0,0,0,1,1,52.0,0.0,0.0,0.0,0,0,1,0,0.08,13,0.0,0,0,0,0,0,0,0,0,0,0,2,2,2,0,2,2,1,ukrainemarket.pl,pl,https://www.ukrainemarket.pl,200,0,False,200,False,False,False,False,True,False,75,0,0,0,0,2022-04-14,['https://www.aftermarket.pl/?utm_source=parking_click']
38.37,1,0,0,0,12,1,78.0,0.0,0.0,0.0,0,0,0,0,0.01,12,0.0,0,0,0,0,0,0,0,0,0,0,2,2,2,0,0,2,0,ukrainematch.dk,dk,https://www.ukrainematch.dk,200,0,False,200,False,False,False,False,False,False,0,0,0,0,0,2022-03-26,['http://ukrainematch.dk.linux145.unoeuro-server.com.linux376.unoeuro-server.com']
53.82,1,0,0,0,27,1,27.0,0.0,0.0,0.0,0,0,0,0,0.16,20,0.0,0,0,0,0,0,0,0,0,0,0,0,0,0,0,0,0,0,ukrainematomechannel.com,com,https://www.ukrainematomechannel.com,200,0,False,200,False,False,False,False,False,False,0,0,0,0,0,2022-02-27,['http://manualstinger.com/cr']
11.38,1,0,0,0,1,12,39.0,19.64,0.0,0.25,0,1,0,0,0.16,14,0.0,1,0,0,0,0,0,0,0,1,0,2,2,2,0,2,2,0,ukraine-matters.com,com,https://www.ukraine-matters.com,200,0,False,200,False,False,False,False,True,False,55,0,0,0,0,2022-03-02,"['https://savelife.in.ua/en', 'https://www.hospitallers.co.uk', 'https://www.paypal.com/donate/?hosted_button_id=Z4XB89Q2MXPKL', 'https://dogcat.com.ua/en/page/help', 'https://bekind.ua/en/donation?fundId=1499284&projectId', 'https://u24.gov.ua', 'https://datastudio.google.com/u/0/reporting/6853205b-ec91-4b89-9fdc-61486df3d2f8/page/fXgmC', 'https://twitter.com/ZelenskyyUa', 'https://www.facebook.com/UkraineUA.MFA', 'https://www.instagram.com/ukraine.ua', 'https://uacrisis.org/en', 'https://kyivindependent.com']"
91.56,1,0,0,0,18,8,98.38,101.86,0.12,0.5,0,0,0,0,0.05,14,0.0,1,0,0,0,0,0,0,0,1,0,2,2,2,0,0,2,1,ukraine-matters.org,org,https://www.ukraine-matters.org,200,0,False,200,False,False,False,False,True,True,75,0,0,0,0,2022-04-15,"['http://eepurl.com/iiuIvX', 'https://www.facebook.com/UkraineMatters', 'https://www.linkedin.com/company/ukraine-matters', 'https://www.youtube.com/channel/UCzO5EKpBhrpx9cy58ARu8MQ/playlists', 'https://twitter.com/share?text=Home&url=https%3A%2F%2Fukraine-matters.org%2F', 'https://www.pinterest.com/pin/create/button/?url=https%3A%2F%2Fukraine-matters.org%2F&media=&description=Dear+Friends%21+With+the+%E2%80%9CUkraine+Matters%E2%80%9D+Initiative%2C+we+would+like+to+unite+people+loving+Ukraine+and+doing+their+best+to+help+our+country+defeat+the+greatest+evil+of+the+day.+Russia+has+brought+death+to+our+land+and+will+pay%26hellip%3B', 'https://www.reddit.com/submit?url=https%3A%2F%2Fukraine-matters.org%2F&title=Home', 'https://www.tumblr.com/widgets/share/tool?canonicalUrl=https%3A%2F%2Fukraine-matters.org%2F']"
595.8,0,1,0,0,48,5,47.8,41.85,0.0,0.4,0,0,0,0,0.16,11,0.0,0,0,0,0,0,0,0,0,1,0,0,0,0,0,0,0,0,ukrainemeal.com,com,https://www.ukrainemeal.com,200,1,False,200,False,False,False,False,False,False,0,0,0,0,0,2022-03-01,"['https://ifapray.org', 'https://www.eventbrite.com/e/ifa-massachusetts-policy-prayer-event-a-day-of-prayer-equipping-tickets-841792091807?aff=oddtdtcreator', 'https://www.facebook.com/IFAPray', 'http://twitter.com/ifapray', 'https://rumble.com/user/ifapray']"
595.8,0,1,0,0,48,5,47.8,41.85,0.0,0.4,0,0,0,0,0.05,11,0.0,0,0,0,0,0,0,0,0,1,0,0,0,0,0,0,0,0,ukrainemeal.org,org,https://www.ukrainemeal.org,200,1,False,200,False,False,False,False,False,False,0,0,0,0,0,2022-03-01,"['https://ifapray.org', 'https://www.eventbrite.com/e/ifa-massachusetts-policy-prayer-event-a-day-of-prayer-equipping-tickets-841792091807?aff=oddtdtcreator', 'https://www.facebook.com/IFAPray', 'http://twitter.com/ifapray', 'https://rumble.com/user/ifapray']"
595.8,0,1,0,0,48,5,47.8,41.85,0.0,0.4,0,0,0,0,0.16,12,0.0,0,0,0,0,0,0,0,0,1,0,0,0,0,0,0,0,0,ukrainemeals.com,com,https://www.ukrainemeals.com,-1,0,False,200,False,False,False,False,False,False,0,0,0,0,0,2022-03-01,"['https://ifapray.org', 'https://www.eventbrite.com/e/ifa-massachusetts-policy-prayer-event-a-day-of-prayer-equipping-tickets-841792091807?aff=oddtdtcreator', 'https://www.facebook.com/IFAPray', 'http://twitter.com/ifapray', 'https://rumble.com/user/ifapray']"
595.8,0,1,0,0,48,5,47.8,41.85,0.0,0.4,0,0,0,0,0.05,12,0.0,0,0,0,0,0,0,0,0,1,0,0,0,0,0,0,0,0,ukrainemeals.org,org,https://www.ukrainemeals.org,200,1,False,200,False,False,False,False,False,False,0,0,0,0,0,2022-03-01,"['https://ifapray.org', 'https://www.eventbrite.com/e/ifa-massachusetts-policy-prayer-event-a-day-of-prayer-equipping-tickets-841792091807?aff=oddtdtcreator', 'https://www.facebook.com/IFAPray', 'http://twitter.com/ifapray', 'https://rumble.com/user/ifapray']"
19.3,0,0,0,0,5,0,0.0,0.0,0.0,0.0,0,0,1,0,0.01,21,0.0,3,0,0,0,0,0,0,0,1,0,1,2,1,0,1,1,0,ukraine-med-hilfe-maryna.de,de,https://www.ukraine-med-hilfe-maryna.de,200,0,False,200,False,False,False,False,False,False,35,0,0,0,0,2022-03-08,[]
449.6,0,0,0,0,1,7,38.57,14.04,0.0,0.57,0,0,0,1,0.12,17,0.0,0,0,0,1,0,0,0,0,0,0,0,0,0,0,0,0,0,ukrainemedicalaid.co.uk,co.uk,https://www.ukrainemedicalaid.co.uk,200,0,False,200,False,False,False,False,False,False,0,0,0,0,0,2022-07-21,"['https://givealittle.co/campaigns/9d218f55-6b4a-423b-9f45-5268eb199428', 'https://www.medicineukraine.org', 'https://www.instagram.com/medicineukraine', 'http://wix.com/?utm_campaign=vir_created_with', 'http://www.twitter.com/wix', 'http://www.youtube.com/user/Wix', 'http://www.facebook.com/wix']"
0.81,1,0,0,0,3,0,0.0,0.0,0.0,0.0,0,0,0,0,0.16,12,0.0,0,0,0,0,0,0,0,0,1,0,1,1,1,1,1,1,1,ukrainemerch.com,com,https://www.ukrainemerch.com,200,1,False,200,False,False,False,False,True,False,75,0,0,0,0,2022-03-01,[]
364.62,1,0,0,0,1,51,36.53,14.03,0.0,0.06,0,0,0,0,0.16,18,0.0,0,0,0,0,0,0,0,0,0,0,0,0,0,0,0,0,0,ukrainemetaversity.com,com,https://www.ukrainemetaversity.com,-1,0,False,200,False,False,False,False,False,False,0,0,0,0,0,2022-06-04,"['http://phpadsnew.wn.com/www/delivery/ck.php?n=af9a85ca&cb=INSERT_RANDOM_NUMBER_HERE', 'http://twitter.com/home?status=https://wn.com/Ukraine_Meta_Versity', 'http://www.facebook.com/sharer.php?u=https://wn.com/Ukraine_Meta_Versity', 'http://maps.google.com/?q=Ukraine', 'http://.wikipedia.org', 'http://www.vechirka.uafor.net/sport/summer/0604204006.php', 'http://zakon4.rada.gov.ua/laws/show/30-2006-%D0%BF', 'http://myradio.com.ua/alias/RnB128.m3u', 'http://radio-world.elektrowave.org:8128', 'http://195.248.234.146:8000/radio1.m3u', 'http://pop.ct.fm/pop_ct_fm_mac.pls', 'http://live.galaradio.com:8000/kiev.m3u', 'http://radio.rivne.net:8000/listen.pls', 'http://91.194.250.169:8000/ur4-mp3-m', 'http://radio.tstu.edu.ua:8000/heavy.m3u', 'http://server.gik-team.net.ua:8000/live128', 'http://stream.ck.ua:8000/101FM.m3u', 'http://yaltafm.dyndns.tv:8000/online.m3u', 'http://213.85.130.203:8080/stream.mp3.m3u', 'http://radio.crimusic.info:8000/estetika128.m3u', 'http://195.66.65.146:8080/ekvator.m3u', 'http://online.1043.com.ua:8000/1043fm.m3u', 'http://rad.radio-n.com:8000', 'http://212.66.57.18:8000/listen.pls', 'http://www.radiobengel.com.ua/download/32kbps.m3u', 'http://rmix.dp.ua/listen_high.m3u', 'http://91.194.251.74:8000/superfm128.mp3.m3u', 'http://nashe.ua/nashe.m3u', 'http://xhost.feosky.net:8000/57358.m3u', 'http://www.prosto.fm/files/ProstoRadio128-Odessa.m3u', 'http://narodnoe.fm/files/NaRadiO128.m3u', 'http://online-rusradio.tavrmedia.ua/RusRadio.m3u', 'http://cast.loungefm.com.ua/loungefm.m3u', 'http://80.245.113.11:8076', 'http://mfile.akamai.com/10619/live/reflector:31070.asx', 'http://fm.odtrk.km.ua:8000/listen.pls', 'http://psyradio.com.ua/PsyRadio_256kbps.m3u', 'https://youtube.com', 'https://i.ytimg.com/vi/Ge95V3uexhg/0.jpg', 'https://www.dubai.com', 'https://travelagents.com', 'https://globalweather.com', 'https://worldphotos.com', 'https://cheese.com', 'https://broadcasts.com', 'https://metas.com', 'https://students.com', 'https://emissions.com', 'https://population.com', 'https://domaines.com', 'https://wages.com']"
834.68,1,0,1,0,1,7,40.14,27.8,0.0,0.14,0,0,0,0,0.16,11,0.0,0,0,0,0,0,0,0,0,1,0,0,0,0,0,0,0,0,ukrainemint.com,com,https://www.ukrainemint.com,200,0,False,200,False,False,False,False,False,False,0,0,0,0,0,2022-04-19,"['https://testmint2.jimdosite.com', 'https://twitter.com/ukrainemint', 'https://www.metauniversemint.com', 'https://www.nipponmint.com', 'https://www.taiwanmint.com', 'https://www.beijingmint.com', 'https://www.jimdo.com/?utm_source=dol-testmint2%20zh-TW&utm_medium=footer%20ad&utm_campaign=ownads%20webview']"
1178.48,1,0,0,0,6,2,45.5,0.5,0.0,1.0,0,0,0,1,0.12,14,0.0,0,0,0,0,0,0,0,0,0,0,0,0,0,0,0,0,0,ukrainemission.co.uk,co.uk,https://www.ukrainemission.co.uk,200,0,False,200,False,False,False,False,True,False,55,0,0,0,0,2022-05-23,"['https://www.instagram.com/ukrainemission.co.uk', 'https://www.facebook.com/ukrainemission.co.uk']"
114.03,0,0,0,0,7,2,56.5,8.5,0.0,1.0,0,0,0,0,0.16,10,0.0,0,0,0,0,0,0,0,0,0,0,0,0,0,0,0,0,0,ukrainemke.com,com,https://www.ukrainemke.com,-1,0,False,200,False,False,False,False,True,False,55,0,0,0,0,2022-03-02,"['https://www.facebook.com/profile.php?id=100089916090800&sk=events', 'https://www.instagram.com/wisconsinukrainiansinc']"
59.8,1,0,0,0,2,0,0.0,0.0,0.0,0.0,0,0,0,0,0.16,15,0.0,0,0,0,0,0,0,0,0,0,1,0,0,0,0,1,0,0,ukrainemontreal.com,com,https://www.ukrainemontreal.com,200,0,False,200,False,False,False,False,True,False,55,0,0,0,0,2022-04-12,[]
4.21,1,0,0,0,1,0,0.0,0.0,0.0,0.0,0,0,0,0,0.16,13,0.0,0,0,0,0,0,0,0,0,1,0,1,1,1,1,1,1,0,ukrainemosaic.com,com,https://www.ukrainemosaic.com,200,0,False,200,False,False,False,False,True,False,55,0,0,0,0,2022-03-05,[]
148.77,1,0,0,0,7,2,43.0,6.0,0.0,1.0,0,0,0,0,0.16,16,0.0,0,0,0,1,0,0,0,0,1,0,0,0,0,0,0,0,0,ukrainemutualaid.com,com,https://www.ukrainemutualaid.com,200,0,False,200,False,False,False,False,False,False,0,0,0,0,0,2022-05-03,"['https://www.linkedin.com/company/ukrainemutualaid', 'http://instagram.com/ukrainemutualaid']"
148.77,1,0,0,0,7,2,43.0,6.0,0.0,1.0,0,0,0,0,0.05,16,0.0,0,0,0,1,0,0,0,0,1,0,0,0,0,0,0,0,0,ukrainemutualaid.org,org,https://www.ukrainemutualaid.org,200,0,False,200,False,False,False,False,False,False,0,0,0,0,0,2022-03-31,"['https://www.linkedin.com/company/ukrainemutualaid', 'http://instagram.com/ukrainemutualaid']"
22.24,1,0,0,0,1,2,40.5,0.5,0.0,1.0,0,0,0,1,0.12,15,0.0,0,0,0,0,0,0,0,0,0,0,2,2,2,0,2,2,0,ukrainenaturals.co.uk,co.uk,https://www.ukrainenaturals.co.uk,200,0,False,200,False,False,False,False,False,False,0,0,0,0,0,2022-07-22,"['https://www.facebook.com/UkraineNaturals', 'https://www.instagram.com/ukrainenaturals']"
1.19,1,0,0,0,1,0,0.0,0.0,0.0,0.0,0,0,0,0,0.16,15,0.0,0,0,0,1,0,0,0,0,1,0,1,1,1,1,1,1,1,ukraineneedhelp.com,com,https://www.ukraineneedhelp.com,-1,0,False,200,False,False,False,False,True,False,95,0,0,0,0,2022-02-28,[]
17.74,1,0,0,0,1,3,22.67,2.62,0.0,1.0,0,0,0,0,0.16,19,0.0,0,0,0,0,0,0,0,0,1,0,2,2,2,0,2,2,0,ukraineneedsvehicle.com,com,https://www.ukraineneedsvehicle.com,200,0,False,200,False,False,False,False,False,False,0,0,0,0,0,2022-04-29,"['https://www.instagram.com', 'https://www.facebook.com', 'https://twitter.com']"
175.26,1,0,0,0,7,1,141.0,0.0,0.0,0.0,0,0,0,0,0.05,15,0.0,0,0,0,0,0,0,0,0,0,0,0,0,0,0,0,0,0,ukraineneedsyou.org,org,https://www.ukraineneedsyou.org,200,0,False,200,False,False,False,False,True,False,55,0,0,0,0,2022-03-03,['https://www.gofundme.com/f/mental-health-solution-for-every-ukrainian?utm_source=customer&utm_medium=copy_link&utm_campaign=p_cf+share-flow-1']
988.79,1,0,0,0,61,4,39.25,4.15,0.0,0.75,0,0,0,0,0.12,11,0.0,0,0,0,0,0,0,0,0,0,0,0,0,0,0,0,0,0,ukrainenews.co,co,https://www.ukrainenews.co,200,1,False,200,False,False,False,False,True,False,55,0,0,0,0,2022-02-28,"['https://themeforest.net/item/newspaper/5489609', 'https://www.facebook.com/ukrainenews.co', 'https://instagram.com/Ukraine_news01#', 'https://twitter.com/Ukrainenews6616']"
142.75,0,0,0,0,2,9,28.11,10.72,0.11,0.44,0,0,1,0,0.36,11,0.0,0,0,0,0,0,0,0,0,0,0,0,0,0,0,0,0,0,ukrainenews.one,one,https://www.ukrainenews.one,200,0,False,200,False,False,False,False,False,False,0,0,0,0,0,2022-03-30,"['https://uatv.ua/en', 'https://www.youtube.com/channel/UCOmfcmDrWs7iJrXx7V5Cnwg', 'https://www.facebook.com/UATVEN', 'https://t.me/uatv_eng', 'https://twitter.com/UATV_en', 'https://www.president.gov.ua/en', 'https://minre.gov.ua/en', 'https://www.ukrinform.net', 'https://dek.org.ua/en']"
0.89,1,0,0,0,1,0,0.0,0.0,0.0,0.0,0,0,0,0,0.01,11,0.0,0,0,0,0,0,0,0,0,0,0,1,1,1,1,1,1,0,ukrainenews.place,place,https://www.ukrainenews.place,200,1,False,200,False,False,False,False,False,False,0,0,0,0,0,2022-04-24,[]
118.2,1,0,0,0,49,1,42.0,0.0,0.0,0.0,0,0,0,0,0.16,18,0.0,0,0,0,0,0,0,0,0,1,0,0,0,0,0,0,0,0,ukrainenewsstories.com,com,https://www.ukrainenewsstories.com,200,0,False,301,False,False,False,False,False,False,0,0,0,0,0,2022-02-26,['https://superbthemes.com/responsiveblogily']
22.83,1,0,0,0,13,5,76.6,31.5,0.0,0.4,0,0,1,0,0.01,10,0.0,1,0,0,0,0,0,0,0,0,0,2,2,2,0,0,2,0,ukraine-nhg.de,de,https://www.ukraine-nhg.de,200,0,False,404,False,False,False,False,False,False,0,0,0,0,0,2022-03-15,"['https://www.neuenhagen-bei-berlin.de/startseite-de/neuigkeiten/gemeinde-bitte-um-meldungen-zur-aufnahme-von-gefluechteten', 'https://www.maerkisch-oderland.de/de/aktuelles/ukraine.html', 'https://mik.brandenburg.de/mik/de/themen/auslaenderangelegenheiten/ukraine-informationen-fuer-gefluechtete/#', 'https://www.facebook.com/groups/290407746546855', 'https://chat.whatsapp.com/Ln1qXJwB0M1EyupysOaOsz']"
45.8,1,0,0,0,2,2,71.0,30.0,0.0,0.0,0,0,0,0,0.16,15,0.0,0,0,0,0,0,0,0,0,0,0,2,2,2,0,0,2,1,ukrainenotalone.com,com,https://www.ukrainenotalone.com,-1,0,False,200,False,False,False,False,True,False,75,0,0,0,0,2022-02-26,"['https://dan.com/?utm_campaign=Parking&utm_medium=parking&utm_source=.com&utm_term=ukrainenotalone.com', 'https://www.trustpilot.com/review/dan.com']"
1.18,1,0,0,0,1,0,0.0,0.0,0.0,0.0,0,0,0,0,0.13,10,0.0,0,0,0,0,0,0,0,0,0,0,1,1,1,1,1,1,1,ukrainenow.net,net,https://www.ukrainenow.net,-1,0,False,200,False,False,False,False,True,False,95,0,0,0,0,2022-05-04,[]
38.58,1,0,0,0,1,0,0.0,0.0,0.0,0.0,0,0,1,0,0.13,10,0.0,0,0,0,0,0,0,0,0,1,0,0,0,0,0,1,0,0,ukrainenow.online,online,https://www.ukrainenow.online,200,0,False,200,False,False,False,False,False,False,40,0,0,0,0,2022-02-28,[]
15.71,1,0,0,0,5,1,82.0,0.0,0.0,0.0,0,0,0,0,0.0,15,0.0,0,0,0,0,1,0,0,0,0,0,2,2,2,0,2,2,0,ukraineobserver.earth,earth,https://www.ukraineobserver.earth,404,0,False,200,False,False,False,False,False,False,0,0,0,0,0,2022-03-06,['https://app.termly.io/document/privacy-policy/287779b1-3969-4622-98fc-884708eb2b2d']
3.57,1,0,1,0,1,0,0.0,0.0,0.0,0.0,0,0,0,0,0.16,14,0.0,0,0,0,0,0,0,0,0,1,0,1,1,1,1,1,1,0,ukraineonchain.com,com,https://www.ukraineonchain.com,200,0,False,200,False,False,False,False,True,False,55,0,0,0,0,2022-03-09,[]
108.99,1,1,1,0,12,2,57.0,15.0,0.0,0.5,0,0,0,0,0.05,13,0.0,0,0,0,0,0,0,0,0,0,0,0,0,0,0,0,0,0,ukraineonfire.org,org,https://www.ukraineonfire.org,200,0,False,301,False,False,False,False,True,False,55,0,0,0,0,2022-07-15,"['https://www.facebook.com/ukraineonfire.org', 'https://drive.google.com/drive/folders/1I4w0jGjcLnAVhKRsCBw4S7oOUyVqHAxl']"
102.94,1,0,0,0,21,0,0.0,0.0,0.0,0.0,0,0,0,0,0.01,13,0.0,0,0,0,0,0,0,0,0,1,1,0,0,0,0,0,0,0,ukraineonline.dk,dk,https://www.ukraineonline.dk,-1,0,False,200,False,False,False,False,True,False,25,0,0,0,0,2022-03-25,[]
177.2,1,0,0,0,78,0,0.0,0.0,0.0,0.0,0,0,0,0,0.55,13,0.0,1,0,0,0,0,0,0,0,0,0,0,0,0,0,0,0,0,ukraine-online.info,info,https://www.ukraine-online.info,200,0,False,403,False,False,False,False,True,False,55,0,0,0,0,2022-06-05,[]
1465.64,1,0,0,0,11,6,40.17,15.68,0.0,0.5,0,1,0,0,0.16,10,0.0,1,0,0,0,0,0,0,0,1,0,0,0,0,0,0,0,0,ukraine-org.com,com,https://www.ukraine-org.com,404,0,False,200,False,False,False,False,False,False,0,0,0,0,0,2022-03-01,"['https://www.paypal.com/donate/?hosted_button_id=F9W2KMJ7VBHNS', 'https://twitter.com/ukraineorg', 'https://instagram.com/orgukraine', 'https://www.facebook.com/ukraineorg', 'http://softbistro.com', 'https://secure.avaaz.org/campaign/en/prosecute_putin_loc/?copy']"
24.63,1,0,0,0,4,1,20.0,0.0,0.0,0.0,0,0,0,0,0.01,15,0.0,1,0,0,0,0,0,0,0,1,0,2,2,2,0,0,2,0,ukraine-orthodox.ch,ch,https://www.ukraine-orthodox.ch,200,0,False,200,False,False,False,False,True,False,55,0,0,0,0,2022-04-16,['http://www.incms.com']
0.11,1,0,0,0,1,0,0.0,0.0,0.0,0.0,0,0,0,0,0.16,15,0.0,0,0,0,0,0,0,0,0,1,1,1,1,1,1,1,1,1,ukraineoutreach.com,com,https://www.ukraineoutreach.com,200,1,False,200,True,False,False,False,True,False,90,0,0,0,0,2022-03-24,[]
112.59,0,0,0,0,2,6,47.5,20.43,0.0,0.67,1,0,0,0,0.16,16,0.0,0,0,0,0,0,0,0,0,0,0,0,0,0,0,0,0,0,ukraineparenting.com,com,https://www.ukraineparenting.com,200,0,False,200,False,False,False,False,False,False,0,0,0,0,0,2022-03-07,"['http://www.ox.ac.uk', 'https://www.facebook.com/ParentingLH', 'https://www.linkedin.com/company/global-parenting-initiative', 'https://twitter.com/GPI_Parenting', 'https://www.youtube.com/channel/UCKqJXXtiPpz4LsfI3rJCFsw', 'https://docs.google.com/forms/d/1Cqz0jaci9t-NHKDBcbUJgNx9NU7-jj1DIJYan1vkJJs/edit']"
112.59,0,0,0,0,2,6,47.5,20.43,0.0,0.67,1,0,0,0,0.05,16,0.0,0,0,0,0,0,0,0,0,0,0,0,0,0,0,0,0,0,ukraineparenting.org,org,https://www.ukraineparenting.org,200,0,False,200,False,False,False,False,False,False,0,0,0,0,0,2022-03-07,"['http://www.ox.ac.uk', 'https://www.facebook.com/ParentingLH', 'https://www.linkedin.com/company/global-parenting-initiative', 'https://twitter.com/GPI_Parenting', 'https://www.youtube.com/channel/UCKqJXXtiPpz4LsfI3rJCFsw', 'https://docs.google.com/forms/d/1Cqz0jaci9t-NHKDBcbUJgNx9NU7-jj1DIJYan1vkJJs/edit']"
257.76,1,0,0,0,19,2,32.5,7.5,0.0,0.0,0,0,0,0,0.16,14,0.0,0,0,0,0,0,0,0,0,1,0,0,0,0,0,0,0,1,ukrainepatches.com,com,https://www.ukrainepatches.com,-1,0,False,200,False,False,False,False,True,True,75,0,0,0,0,2022-06-30,"['https://blue-yellow.lt/en', 'http://www.hey.lt/details.php?id=1084141']"
184.61,1,0,0,0,143,0,0.0,0.0,0.0,0.0,0,0,0,0,0.16,16,0.0,0,0,0,0,0,0,0,0,0,0,0,0,0,0,0,0,0,ukrainepetrescue.com,com,https://www.ukrainepetrescue.com,200,0,False,301,False,False,False,False,True,False,55,0,0,0,0,2022-04-15,[]
206.73,1,0,0,0,22,5,40.0,10.75,0.4,0.6,1,0,0,0,0.05,10,0.0,0,0,0,0,0,0,0,0,0,0,0,0,0,0,0,0,0,ukrainepfa.org,org,https://www.ukrainepfa.org,200,0,False,200,False,False,False,False,True,False,55,0,0,0,0,2022-03-05,"['https://pay.fondy.eu/s/XWP7HOJ', 'https://www.instagram.com/charity_foundation_iam', 'https://www.facebook.com/MentalHealthCharityFoundationIam', 'https://t.me/+2xiNrBwzlBY5ODky', 'https://forms.gle/wdQ4jaejmnvGcict9']"
233.1,1,0,0,0,7,3,54.67,10.87,0.0,0.33,0,0,0,0,0.16,22,0.0,0,0,0,1,0,0,0,0,0,0,0,0,0,0,0,0,0,ukraineplebeianhelpers.com,com,https://www.ukraineplebeianhelpers.com,-1,0,False,301,False,False,False,False,False,False,0,0,0,0,0,2022-06-03,"['https://donorbox.org/plebeianhelpers-for-ukraine', 'https://www.charitynavigator.org/ein/882574641', 'https://www.instagram.com/plebeianhelpers/?hl=hi&ref=LiveInstagram.com']"
1.01,1,0,0,0,1,0,0.0,0.0,0.0,0.0,0,0,0,0,0.16,11,0.0,1,0,0,0,0,0,0,0,0,0,1,1,1,1,1,1,1,ukraine-plus.com,com,https://www.ukraine-plus.com,200,0,False,200,False,False,False,False,True,False,75,0,0,0,0,2022-06-11,[]
55.17,1,0,0,0,1,1,33.0,0.0,0.0,0.0,0,0,0,0,0.16,13,0.0,0,0,0,0,0,0,0,0,0,0,0,0,0,0,0,0,0,ukrainepoetry.com,com,https://www.ukrainepoetry.com,200,0,False,200,False,False,False,False,True,False,55,0,0,0,0,2022-04-03,['https://www.stevenrobertheine.com']
747.99,1,0,0,0,2,4,34.75,6.18,0.25,1.0,0,0,0,0,0.05,12,0.0,0,0,0,0,0,0,0,0,1,0,0,0,0,0,0,0,0,ukrainepride.org,org,https://www.ukrainepride.org,200,0,False,200,False,False,False,False,False,False,0,0,0,0,0,2022-03-24,"['https://t.me/ukrainepride', 'https://www.instagram.com/ukraine.pride', 'https://www.facebook.com/ukrainepride2021', 'https://twitter.com/UKRAINE_PRIDE_']"
57.59,1,0,0,0,1,1,139.0,0.0,0.0,0.0,0,0,0,0,0.16,15,0.0,0,0,0,0,0,0,0,0,0,1,2,2,2,0,0,2,1,ukraineprojects.com,com,https://www.ukraineprojects.com,200,0,False,200,True,False,False,False,True,False,90,0,0,0,0,2022-03-28,['https://www.godaddy.com/websites/website-builder?isc=pwugc&utm_source=wsb&utm_medium=applications&utm_campaign=en-us_corp_applications_base']
38.41,1,0,0,0,8,1,41.0,0.0,0.0,0.0,0,0,0,0,0.01,14,0.0,1,0,0,0,0,0,0,0,0,0,2,2,2,0,0,2,0,ukraine-projekt.ch,ch,https://www.ukraine-projekt.ch,-1,0,False,200,False,False,False,False,True,False,55,0,0,0,0,2022-07-01,['https://ursularutschi.wixsite.com/website']
44.23,1,0,0,0,15,2,21.5,2.5,0.0,1.0,0,0,0,0,0.55,8,0.0,0,0,0,0,0,0,0,0,1,0,0,2,2,0,2,2,0,ukrainer.info,info,https://www.ukrainer.info,-1,0,False,200,False,False,False,False,False,False,40,0,0,0,0,2022-05-05,"['https://www.facebook.com', 'https://twitter.com']"
129.62,1,0,0,0,38,0,0.0,0.0,0.0,0.0,0,0,1,0,0.15,8,0.0,0,0,0,0,0,0,0,0,0,0,0,0,0,0,0,0,0,ukrainer.site,site,https://www.ukrainer.site,-1,0,False,200,False,False,False,False,True,False,55,0,0,0,0,2022-05-03,[]
109.81,1,1,0,1,2,9,83.44,75.04,0.0,0.22,0,1,0,0,0.16,18,0.0,0,0,0,0,0,0,0,0,0,0,2,2,2,0,0,2,1,ukrainerapidrelief.com,com,https://www.ukrainerapidrelief.com,200,1,False,200,False,False,False,False,True,False,75,0,0,0,0,2022-03-13,"['https://jamesgilbert.org', 'https://www.aplos.com/aws/give/JimGilbertMinistries/general', 'http://www.facebook.com/sharer/sharer.php?u=https%3A%2F%2Fjamesgilbert.org%2Fukrainian-rapid-relief-fund-2-2%2F', 'https://twitter.com/intent/tweet?original_referer=https%3A%2F%2Fjamesgilbert.org%2Fukrainian-rapid-relief-fund-2-2%2F&source=tweetbutton&text=Six+Ways+to+Help+Ukrainians+%28updated+2%2F14%2F24%29&url=https%3A%2F%2Fjamesgilbert.org%2F%3Fp%3D521&via=jamestalks2much', 'https://www.zellepay.com/get-started', 'https://paypal.me/JimGilbertMinistries?country.x=US&locale.x=en_US', 'https://www.amazon.com/Unmasking-ISIS-Defeating-Terrorists-Destroy/dp/1530745853/ref=sr_1_1?ie=UTF8&qid=1459002599&sr=8-1&keywords=Unmasking+ISIS', 'https://wordpress.org', 'http://getnoticedtheme.com']"
109.64,1,1,0,1,2,9,83.44,75.04,0.0,0.22,0,1,0,0,0.05,18,0.0,0,0,0,0,0,0,0,0,0,0,2,2,2,0,0,2,1,ukrainerapidrelief.org,org,https://www.ukrainerapidrelief.org,200,1,False,200,False,False,False,False,True,False,75,0,0,0,0,2022-03-13,"['https://jamesgilbert.org', 'https://www.aplos.com/aws/give/JimGilbertMinistries/general', 'http://www.facebook.com/sharer/sharer.php?u=https%3A%2F%2Fjamesgilbert.org%2Fukrainian-rapid-relief-fund-2-2%2F', 'https://twitter.com/intent/tweet?original_referer=https%3A%2F%2Fjamesgilbert.org%2Fukrainian-rapid-relief-fund-2-2%2F&source=tweetbutton&text=Six+Ways+to+Help+Ukrainians+%28updated+2%2F14%2F24%29&url=https%3A%2F%2Fjamesgilbert.org%2F%3Fp%3D521&via=jamestalks2much', 'https://www.zellepay.com/get-started', 'https://paypal.me/JimGilbertMinistries?country.x=US&locale.x=en_US', 'https://www.amazon.com/Unmasking-ISIS-Defeating-Terrorists-Destroy/dp/1530745853/ref=sr_1_1?ie=UTF8&qid=1459002599&sr=8-1&keywords=Unmasking+ISIS', 'https://wordpress.org', 'http://getnoticedtheme.com']"
89.22,1,0,0,0,18,3,33.0,6.48,0.0,0.0,0,0,1,0,0.01,17,0.0,1,0,0,0,0,0,0,0,1,0,0,0,0,0,0,0,1,ukrainer-aufnehmen.de,de,https://www.ukrainer-aufnehmen.de,200,0,False,200,False,False,False,False,True,False,82,0,0,0,0,2022-03-25,"['https://de.wordpress.org', 'https://presscustomizr.com/customizr', 'https://cookiedatabase.org/tcf/purposes']"
0.11,1,0,0,0,1,0,0.0,0.0,0.0,0.0,0,0,0,0,0.16,12,0.0,0,0,0,0,0,0,0,0,0,0,1,1,1,1,1,1,1,ukraineready.com,com,https://www.ukraineready.com,200,1,False,200,True,False,False,False,True,False,90,0,0,0,0,2022-04-02,[]
1737.48,1,1,0,0,10,22,38.91,29.49,0.05,0.18,0,1,0,0,0.01,13,0.0,1,0,0,0,0,0,0,0,0,1,0,0,0,0,0,0,0,ukraine-reborn.ch,ch,https://www.ukraine-reborn.ch,200,0,False,200,False,False,False,False,True,False,55,0,0,0,0,2022-03-18,"['https://3.77.231.217', 'https://www.facebook.com/ukraine.reborn.ch', 'https://t.me/ukraine_reborn', 'https://www.instagram.com/ukraine_reborn.ch', 'https://www.linkedin.com/company/ukraine-reborn-association/?originalSubdomain=ch', 'https://mon.gov.ua/eng', 'https://en.aide.one', 'https://geneva.mfa.gov.ua/en', 'https://ukrainian-diaspora-geneva.ch', 'https://www.hospicegeneral.ch', 'https://www.vd.ch/toutes-les-autorites/departements/cheffe-de-departement/bureau-cantonal-pour-lintegration-des-etrangers-et-la-prevention-du-racisme', 'https://www.ge.ch/organisation/oais-bureau-integration-citoyennete', 'https://www.geneve.ch/bureau-information-petite-enfance', 'https://mia-ge.ch', 'https://ukrainiandaycenter.ch', 'https://comite-ukraine.ch', 'https://www.versoix.ch', 'https://www.evam.ch', 'https://www.montreux.ch', 'https://association-d.ch', 'https://ivalive.org', 'https://www.paypal.com/donate/?hosted_button_id=R8KN2HWSJ3F9E']"
0.11,1,0,0,0,1,0,0.0,0.0,0.0,0.0,0,0,0,0,0.16,18,0.0,0,0,1,0,1,0,0,0,0,1,1,1,1,1,1,1,1,ukrainerebuildfund.com,com,https://www.ukrainerebuildfund.com,200,1,False,200,True,False,False,False,True,False,90,0,0,0,0,2022-02-26,[]
188.75,1,0,0,0,33,3,53.67,4.5,0.0,1.0,0,0,0,0,0.05,25,0.0,0,0,1,0,0,0,0,0,1,0,0,0,0,0,0,0,0,ukrainereconstructionfund.org,org,https://www.ukrainereconstructionfund.org,200,0,False,200,False,False,False,False,False,False,0,0,0,0,0,2022-06-06,"['https://www.facebook.com/UkraineReconstructionFund', 'https://www.linkedin.com/company/ukraine-reconstruction-fund', 'https://www.instagram.com/ukrainereconstructionfund']"
589.58,1,0,0,0,7,2,29.5,5.5,0.5,0.0,1,0,0,0,0.16,21,0.0,2,0,0,0,0,0,0,0,1,0,0,0,0,0,0,0,0,ukraine-refugee-shuttle.com,com,https://www.ukraine-refugee-shuttle.com,200,0,False,200,False,False,False,False,False,False,0,0,0,0,0,2022-03-01,"['https://forms.gle/BopzrRjLGApsP69S6', 'https://www.livechat.com']"
4.6,1,0,0,0,1,1,21.0,0.0,0.0,0.0,0,0,0,0,0.16,31,0.0,3,0,0,0,0,0,0,0,1,0,1,2,2,0,2,2,0,ukraine-refugees-shelter-waldkirch.com,com,https://www.ukraine-refugees-shelter-waldkirch.com,200,0,False,200,False,False,False,False,False,False,0,0,0,0,0,2022-04-02,['https://www.strato.de']
153.0,1,0,0,0,4,1,23.0,0.0,0.0,0.0,0,0,0,0,0.16,21,0.0,2,0,0,1,0,0,0,0,1,0,0,0,0,0,0,0,0,ukraine-refugee-support.com,com,https://www.ukraine-refugee-support.com,-1,0,False,200,False,False,False,False,False,False,0,0,0,0,0,2022-03-10,['https://romanuke.com/en']
45.75,1,0,0,0,22,10,49.5,37.14,0.0,0.1,0,0,1,0,0.01,17,0.0,1,0,0,0,0,0,0,0,0,0,2,2,2,0,0,2,0,ukraine-regensburg.de,de,https://www.ukraine-regensburg.de,200,0,False,301,False,False,False,False,True,False,55,0,0,0,0,2022-04-06,"['https://www.campus-asyl.de', 'https://www.germany4ukraine.de/hilfeportal-en', 'https://www.regensburg.de/ukraine', 'https://www.make-it-in-germany.ru', 'https://integreat-app.de', 'https://www.bamf.de/DE/Themen/AsylFluechtlingsschutz/ResettlementRelocation/InformationenEinreiseUkraine/informationen-einreise-ukraine-node.html', 'https://integreat.app/regensburg/de/lernen-und-arbeiten/sprache-2/anbieter-von-sprach-kursen', 'https://handbookgermany.de/de', 'https://www.instagram.com/how.to.deutschland', 'https://de.wordpress.org']"
271.4,1,1,0,0,10,11,38.55,12.94,0.0,0.18,0,0,0,1,0.05,13,0.0,0,0,0,0,0,0,0,0,0,0,0,0,0,0,0,0,0,ukrainerelief.org.uk,org.uk,https://www.ukrainerelief.org.uk,200,0,False,200,False,False,False,False,False,False,0,0,0,0,0,2022-05-17,"['https://www.facebook.com/UkraineReliefUK', 'https://secure.givelively.org/donate/ukraine-freedom-fund/ukraine-relief', 'https://www.jpmorgan.com/GB/en/about-us', 'https://castlepointshopping.com', 'https://ukrfreedomfund.org', 'https://www.europeantransportation.com', 'https://antoniocarlucciofoundation.org', 'https://www.stenaline.co.uk', 'https://intersport.com', 'https://www.afcb.co.uk/community-sports-trust', 'https://www.linkedin.com/company/ukrainerelief']"
256.86,1,0,0,1,4,5,90.6,15.47,0.0,0.6,0,0,0,0,0.05,16,0.0,2,0,0,1,0,0,0,0,0,0,0,0,0,0,0,0,1,ukraine-relief-aid.org,org,https://www.ukraine-relief-aid.org,200,0,False,401,False,True,False,False,True,False,85,0,0,0,0,2022-03-01,"['https://www.facebook.com/sharer.php?u=https://ukraine-relief-aid.org', 'https://twitter.com/intent/tweet?url=https://ukraine-relief-aid.org/&text=Home%20(test)&hashtags=', 'https://pinterest.com/pin/create/bookmarklet/?media=&url=https://ukraine-relief-aid.org/&description=Home%20(test)', 'https://www.linkedin.com/shareArticle?url=https://ukraine-relief-aid.org/&title=Home%20(test)', 'https://reddit.com/submit?url=https://ukraine-relief-aid.org/&title=Home%20(test)']"
131.29,1,0,0,0,13,2,62.5,8.5,0.0,0.0,0,0,0,0,0.05,22,0.0,0,0,0,0,0,0,0,0,0,0,0,0,0,0,0,0,0,ukrainereliefcoalition.org,org,https://www.ukrainereliefcoalition.org,404,0,False,200,False,False,False,False,True,False,55,0,0,0,0,2022-05-26,"['https://app.easytithe.com/App/Form/69eeb0ee-93cc-4524-a07c-6647c1b246f8', 'https://thriveint.churchcenter.com/people/forms/398787']"
1902.88,1,0,0,0,7,14,31.93,9.19,0.0,0.14,0,0,0,0,0.05,19,0.0,0,0,0,0,0,0,0,0,0,0,0,0,0,0,0,0,0,ukrainereliefeffort.org,org,https://www.ukrainereliefeffort.org,404,0,False,301,False,False,False,False,False,False,0,0,0,0,0,2022-03-11,"['https://donorbox.org/support-our-sister-city', 'https://www.facebook.com/UkraineReliefEffort/events', 'https://www.bozemanhealth.org', 'https://www.billingsclinic.com', 'https://www.mysteryranch.com', 'https://www.blackhawk.com', 'https://www.ourbank.com', 'https://bozemanbrokers.com', 'https://i-hos-korean-grill.square.site', 'https://jlfarchitects.com', 'https://ae.design', 'https://bestpracticemedicine.com', 'https://arcadiaukrainianrelief.org', 'https://www.instagram.com/ukrainereliefeffort']"
204.98,1,0,0,0,2,6,82.5,66.82,0.0,0.5,0,0,0,0,0.03,18,0.0,0,0,0,0,0,0,0,0,0,0,0,0,0,0,0,0,0,ukrainereliefgroup.uk,uk,https://www.ukrainereliefgroup.uk,503,0,False,200,False,False,False,False,False,False,35,0,0,0,0,2022-03-26,"['https://facebook.com/groups/ukrainereliefgroup', 'https://instagram.com/ukrainereliefgroup', 'https://youtube.com/channel/UCJvoB5J_0xZbqaHP9V_w2qQ', 'https://www.google.com/maps/search/?api=1&query=%22Ukraine%20Relief%20Group%20%2C%20The%20TN2%20Community%20Centre%2C%20Lakeside%20(off%20Greggs%20wood%20Road)%2C%20Tunbridge%20Wells%2C%20TN2%203LZ%2C%20United%20Kingdom%22', 'https://websitebuilder.one.com/api/v1/ukrainereliefgroup.uk/preview-wbtgen/more-button-child-page-id.html', 'https://square.link/u/na2nVPL8']"
49.91,1,0,0,0,6,2,54.5,0.5,0.0,0.5,0,0,0,0,0.16,20,0.0,0,0,0,0,0,0,0,0,1,0,2,2,2,0,0,2,0,ukrainereliefprogram.com,com,https://www.ukrainereliefprogram.com,200,0,False,200,False,False,False,False,False,False,0,0,0,0,0,2022-03-31,"['https://www.facebook.com/profile.php?id=61556325503149', 'http://www.sharefaith.com/category/church-websites.html']"
0.49,1,0,0,0,1,0,0.0,0.0,0.0,0.0,0,0,0,0,0.16,16,0.0,0,0,0,0,0,0,0,0,0,0,1,1,1,1,1,1,1,ukraineresources.com,com,https://www.ukraineresources.com,-1,0,False,200,False,True,False,False,True,False,88,0,0,0,0,2022-03-03,[]
76.5,1,0,0,0,13,0,0.0,0.0,0.0,0.0,0,0,0,0,0.16,15,0.0,0,0,0,0,0,0,0,0,1,1,0,0,0,0,1,0,0,ukraineresponse.com,com,https://www.ukraineresponse.com,200,1,False,200,False,False,False,False,True,False,55,0,0,0,0,2022-03-07,[]
4.67,1,0,0,0,5,0,0.0,0.0,0.0,0.0,0,0,0,0,0.05,15,0.0,0,0,0,0,0,0,0,0,1,0,1,1,1,1,1,1,0,ukraineresponse.org,org,https://www.ukraineresponse.org,200,0,False,200,False,False,False,False,False,False,0,0,0,0,0,2022-03-13,[]
6.01,1,0,0,0,1,0,0.0,0.0,0.0,0.0,0,0,0,0,0.16,14,0.0,0,0,0,0,0,0,0,0,0,0,1,1,1,1,1,1,1,ukrainerevival.com,com,https://www.ukrainerevival.com,200,1,False,200,False,False,False,False,True,False,75,0,0,0,0,2022-05-17,[]
65.57,1,0,0,0,1,2,52.0,13.0,0.0,0.5,0,0,0,0,0.01,14,0.0,0,0,0,0,0,0,0,0,0,0,2,0,0,0,0,0,0,ukrainerinbern.ch,ch,https://www.ukrainerinbern.ch,200,0,False,200,False,False,False,False,True,False,55,0,0,0,0,2022-03-09,"['https://www.facebook.com/UkrainerinBern', 'https://wordpress.org/plugins/under-construction-maintenance-mode']"
77.08,1,0,0,0,113,11,50.09,21.06,0.18,0.36,0,0,0,0,0.16,21,0.0,2,0,0,0,0,0,0,0,1,0,2,2,2,0,0,2,0,ukrainer-in-deutschland.com,com,https://www.ukrainer-in-deutschland.com,200,0,False,200,False,False,False,False,False,False,0,0,0,0,0,2022-05-20,"['https://drive.google.com/drive/folders/1vKN8jriYijDWxgA1J4e3g_KABJslnnWy?usp=sharing', 'http://osoblivosti-pracevlashtuvannya-timchasovo-peremishhenix-osib-z-ukraїni-v-nimechchinu', 'https://t.me/manager_make_difference', 'https://youtu.be/3UOEqHQV2Eo', 'https://deutschtrend.com/courses/rozmovlyaj-nimeczkoyu', 'https://chatterbug.com/en/streams', 'https://www.busuu.com/dashboard#/timeline', 'https://telegra.ph/Kak-uberech-sebya-ot-moshennikov-04-18', 'http://akaminsky.com', 'https://www.facebook.com/make.difference.organization', 'https://www.instagram.com/make_difference_organization']"
989.06,1,0,0,0,6,2,44.5,3.5,0.0,1.0,0,0,0,0,0.16,15,0.0,0,0,0,0,0,0,0,0,0,0,0,0,0,0,0,0,0,ukrainerobotics.com,com,https://www.ukrainerobotics.com,200,0,False,200,False,False,False,False,False,False,0,0,0,0,0,2022-03-20,"['https://www.linkedin.com/company/ukrainerobotics', 'https://www.instagram.com/ukrainerobotics']"
182.78,1,0,0,0,7,2,31.0,7.0,0.0,0.0,0,0,0,0,0.16,11,0.0,0,0,0,0,0,0,0,0,0,0,0,0,0,0,0,0,0,ukrainerocs.com,com,https://www.ukrainerocs.com,500,0,False,301,False,False,False,False,True,False,55,0,0,0,0,2022-02-28,"['https://australiarocs.com/?page_id=172', 'https://kids4kidsinc.org']"
7.11,1,0,0,0,3,2,27.5,0.5,0.5,0.0,0,0,1,0,0.13,9,0.0,1,0,0,0,0,0,0,0,1,1,2,1,2,0,2,2,1,ukraine-rp.online,online,https://www.ukraine-rp.online,200,1,False,200,False,False,False,False,True,False,75,0,0,0,0,2022-04-15,"['https://discord.gg/2wgkBA8F', 'https://ukraine-rp.tawk.help']"
0.11,1,0,0,0,1,0,0.0,0.0,0.0,0.0,0,0,0,0,0.05,9,0.0,0,0,0,0,0,0,0,0,1,1,1,1,1,1,1,1,1,ukrainers.org,org,https://www.ukrainers.org,-1,0,False,200,True,False,False,False,True,False,90,0,0,0,0,2022-04-23,[]
150.81,1,0,0,0,14,1,19.0,0.0,0.0,0.0,0,0,0,0,0.05,10,0.0,0,0,0,0,0,0,0,0,0,0,0,0,0,0,0,0,0,ukrainerun.org,org,https://www.ukrainerun.org,200,0,False,200,False,False,False,False,False,False,0,0,0,0,0,2022-03-29,['https://www.RHIS.nl']
479.85,1,0,1,0,189,4,31.25,1.92,0.25,0.5,0,0,0,0,0.05,16,0.0,0,0,0,0,0,1,0,0,0,0,0,0,0,0,0,0,0,ukrainerussiawar.org,org,https://www.ukrainerussiawar.org,200,1,False,200,False,False,False,False,True,False,61,0,0,0,0,2022-04-18,"['https://prytulafoundation.org', 'https://savelife.in.ua/en/donate', 'https://t.me/+Tz5kqfxJT88xZmEy', 'https://twitter.com/ADD_ICO_REVIEW']"
16.51,1,0,0,0,1,6,40.17,14.24,0.0,0.5,0,0,0,0,0.05,13,0.0,0,0,0,0,0,0,0,0,1,0,2,2,2,0,0,2,0,ukrainerussie.org,org,https://www.ukrainerussie.org,200,0,False,200,False,False,False,False,False,False,0,0,0,0,0,2022-04-29,"['http://aide.lws.fr/base/generalites/Espace-Client/Decouvrir-LWS-Panel', 'https://www.facebook.com/lws.fr', 'https://twitter.com/Lwshosting', 'https://plus.google.com/102974673929670806972', 'https://www.youtube.com/user/lwshosting', 'http://blog.lws-hosting.com']"
1.06,1,0,0,0,1,0,0.0,0.0,0.0,0.0,0,0,0,0,0.55,8,0.0,0,0,0,0,0,0,0,0,1,0,1,1,1,1,1,1,1,ukraines.info,info,https://www.ukraines.info,-1,0,False,200,True,False,False,False,True,False,99,0,0,0,0,2022-03-14,[]
83.3,0,0,0,0,116,5,44.6,26.16,0.0,0.2,0,0,1,0,0.19,8,0.0,0,0,0,0,0,0,0,0,1,0,0,2,2,0,0,0,0,ukraines.work,work,https://www.ukraines.work,200,0,False,200,False,False,False,False,False,False,40,0,0,0,0,2022-04-01,"['https://bet-rate.top/1mirror-1xbet', 'https://www.brabantia-shop.ru/collection/gladilnye-doski-brabantia/gladilnye-doski-dlya-rukavov', 'https://www.facebook.com/kosiv.info', 'https://kosiv.info/?format=feed&type=rss', 'https://infoland.sk']"
86.71,1,0,0,0,47,23,41.13,34.01,0.0,0.22,0,0,0,0,0.02,16,0.0,0,0,0,0,0,0,0,0,0,0,0,2,2,0,0,0,0,ukrainesafehaven.ca,ca,https://www.ukrainesafehaven.ca,200,0,False,200,False,False,False,False,True,False,25,0,0,0,0,2022-04-09,"['https://twitter.com/OUSH_OHPU', 'https://www.linkedin.com/company/oush-ohpu', 'https://www.instagram.com/oush_ohpu', 'https://www.facebook.com/OUSHOHPU', 'https://www.youtube.com/channel/UCP0MYz_Yx3swzv7On3ajLwQ', 'https://www.canada.ca/en/immigration-refugees-citizenship/services/immigrate-canada/ukraine-measures.html', 'https://www.metro.ca/en?gclid=CjwKCAjwmJeYBhAwEiwAXlg0AZ0Zfyf11XFMO6ZBGCCM5jxjNG3qc4Q2GDRGkD7ezGWFGiORWDlSUhoCfgsQAvD_BwE&gclsrc=aw.ds', 'https://www.canadiantire.ca/en.html', 'https://www.circlek.com', 'https://www.couche-tard.com', 'https://abcc.ca', 'https://www.airbnb.ca', 'https://www.westjet.com/en-ky', 'https://www.loblaw.ca', 'https://www.viarail.ca/en', 'https://flyflair.com', 'https://attridge.com', 'https://wuxly.com', 'https://gymvmt.com', 'https://www.timhortons.ca/?gclid=Cj0KCQiAgK2qBhCHARIsAGACuznZ6mb7qPGXylqG__382OSHdTTVxWrTc3_RxQ64tLI_KXD6UEBs7qQaAkPeEALw_wcB', 'https://www.starbucks.ca', 'https://www.ucc.ca', 'https://www.chatbot.com/help/chat-widget/enable-javascript-in-your-browser']"
172.34,1,0,0,1,32,1,88.0,0.0,0.0,0.0,0,0,0,0,0.16,12,0.0,0,0,0,0,0,0,0,0,1,0,0,0,0,0,0,0,0,ukrainesales.com,com,https://www.ukrainesales.com,200,0,False,200,False,False,False,False,False,False,35,0,0,0,0,2022-05-15,['https://www.shopify.com?utm_campaign=poweredby&utm_medium=shopify&utm_source=onlinestore']
38.24,1,0,0,0,2,2,69.0,28.0,0.0,0.0,0,0,0,0,0.16,11,0.0,0,0,0,1,0,0,0,0,0,1,2,2,2,0,2,2,1,ukrainesave.com,com,https://www.ukrainesave.com,-1,0,False,200,True,False,False,False,True,False,77,0,0,0,0,2022-03-04,"['https://dan.com/?utm_campaign=Parking&utm_medium=parking&utm_source=.com&utm_term=ukrainesave.com', 'https://www.trustpilot.com/review/dan.com']"
129.01,1,0,0,1,23,4,35.75,5.93,0.0,0.25,0,0,0,0,0.16,13,0.0,0,0,0,0,0,0,0,0,0,1,0,0,0,0,0,0,0,ukraineschool.com,com,https://www.ukraineschool.com,200,0,False,200,False,False,False,False,False,False,0,0,0,0,0,2022-04-08,"['https://ukraineschool.eschools.co.uk/dashboard', 'https://twitter.com/ukraineschool', 'http://www.aboutads.info/choices', 'http://www.youronlinechoices.com']"
2.68,1,1,0,0,6,1,37.0,0.0,0.0,0.0,0,0,0,0,0.02,11,0.0,0,0,0,0,0,0,0,0,1,0,2,2,2,0,2,2,0,ukrainesenb.ca,ca,https://www.ukrainesenb.ca,-1,0,False,200,False,False,False,False,True,False,61,0,0,0,0,2022-04-07,['https://gmsenbunitedway.ca/donate-now']
1.19,1,0,0,0,1,0,0.0,0.0,0.0,0.0,0,0,1,0,0.13,10,0.0,1,0,0,0,0,0,0,0,0,0,1,1,1,1,1,1,1,ukraine-sex.online,online,https://www.ukraine-sex.online,-1,0,False,200,True,False,False,False,True,False,95,0,0,0,0,2022-07-22,[]
114.79,1,0,0,0,6,8,45.12,42.25,0.0,0.25,0,0,0,0,0.16,14,0.0,0,0,0,0,0,0,0,0,0,0,0,0,0,0,0,0,0,ukraineshelter.com,com,https://www.ukraineshelter.com,200,0,False,200,False,False,False,False,True,False,40,0,0,0,0,2022-02-27,"['https://www.patreon.com/posts/closure-of-thank-90307129?utm_medium=clipboard_copy&utm_source=copyLink&utm_campaign=postshare_creator&utm_content=join_link', 'https://trello.com/b/gFtS8Xvb', 'https://veedoo.io', 'https://www.instagram.com/ukraineshelter.official', 'https://www.facebook.com/ukraineshelter', 'https://tttttt.me/UAshelter', 'https://www.freedom-id.com', 'https://localazy.com']"
96.47,1,0,0,0,9,9,21.83,10.87,0.0,0.42,0,0,0,0,0.04,12,0.0,0,0,0,0,0,0,0,0,1,0,0,0,0,0,0,0,0,ukraineshien.jp,jp,https://www.ukraineshien.jp,200,0,False,301,False,False,False,False,False,False,0,0,0,0,0,2022-05-18,"['http://maps.google.com/?q=1200 127, apt. 6, Saksahanskoho Street, Kyiv City', 'https://twitter.com', 'https://www.instagram.com', 'https://www.facebook.com', 'https://www.youtube.com', 'https://www.pinterest.com', 'https://www.linkedin.com', 'https://ukraineshien.sakura.ne.jp/donation_bank', 'http://false']"
45.42,1,0,1,0,1,2,32.0,5.0,1.0,0.5,0,0,0,0,0.16,13,0.0,1,0,0,0,0,0,0,0,1,0,0,2,2,0,2,2,0,ukraine-snacks.com,com,https://www.ukraine-snacks.com,200,0,False,200,False,False,False,False,False,False,0,0,0,0,0,2022-04-04,"['https://wa.me/+380676346542', 'https://goo.gl/maps/fenL6kaDo3WucVoh8']"
1.08,1,0,0,0,1,0,0.0,0.0,0.0,0.0,0,0,1,0,0.01,18,0.0,1,0,0,0,0,0,0,0,1,0,1,1,1,1,1,1,0,ukraine-soforthilfe.de,de,https://www.ukraine-soforthilfe.de,-1,0,False,200,False,False,False,False,False,False,0,0,0,0,0,2022-03-02,[]
93.84,1,1,0,0,9,5,44.6,20.85,0.2,0.2,0,0,0,0,0.05,17,0.0,1,0,0,0,0,0,0,0,0,0,0,0,0,0,0,0,0,ukraine-solidarity.org,org,https://www.ukraine-solidarity.org,200,0,False,200,False,False,False,False,True,False,55,0,0,0,0,2022-04-01,"['https://ukrainesolidarityorg.files.wordpress.com/2024/01/ua-palestine-letter.pdf', 'https://commons.com.ua/en/ukrayinskij-list-solidarnosti', 'https://twitter.com/UkraineIG', 'https://ukrainesolidaritycampaign.org', 'https://wp.me/PdRcRr-g']"
141.92,1,0,0,0,16,14,36.36,17.88,0.07,0.21,0,0,0,0,0.05,20,0.0,0,0,0,0,0,0,0,0,0,0,0,0,0,0,0,0,0,ukrainesolidaritybus.org,org,https://www.ukrainesolidaritybus.org,200,0,False,200,False,False,False,False,False,False,40,0,0,0,0,2022-06-23,"['https://marsh-zhinok.com.ua', 'https://humanityinaction.org', 'https://www.palyanytsya.org', 'https://womenhelp.org', 'https://hilfsnetzwerk-nsverfolgte.de', 'https://www.queere-nothilfe-ukraine.de', 'https://www.rosalux.de', 'https://mailchi.mp/0f95a1775661/es-geht-nach-kyiv-news-vom-ukraine-solidarity-bus?e=6ba8eedda8', 'https://www.facebook.com/UkraineSolidarityBus', 'https://www.instagram.com/ukrainesolidaritybus', 'https://t.me/ukrainesolidaritybus', 'https://themeisle.com/themes/neve', 'http://wordpress.org', 'https://cookiedatabase.org/tcf/purposes']"
52.23,1,1,0,0,2,2,71.5,30.5,0.0,0.0,0,0,0,0,0.16,16,0.0,0,0,0,0,0,0,0,0,0,1,2,2,2,0,2,2,0,ukrainesolutions.com,com,https://www.ukrainesolutions.com,-1,0,False,200,False,False,False,False,False,False,0,0,0,0,0,2022-02-26,"['https://dan.com/?utm_campaign=Parking&utm_medium=parking&utm_source=.com&utm_term=ukrainesolutions.com', 'https://www.trustpilot.com/review/dan.com']"
114.93,1,1,0,0,12,13,31.46,11.82,0.0,0.15,0,0,1,0,0.06,10,0.0,1,0,0,0,0,0,0,0,0,0,0,0,0,0,0,0,1,ukraine-sos.eu,eu,https://www.ukraine-sos.eu,200,0,False,301,False,False,False,False,True,False,82,0,0,0,0,2022-03-25,"['http://www.westpfalz-klinikum.de', 'http://www.dekra.de', 'http://www.kleeblatt-ggmbh.de', 'https://osartis.de', 'https://www.greenvaluehilft.at', 'https://www.stuttgarter-kickers.de', 'https://kinderberg.org', 'https://topsports.fitness', 'https://themeisle.com/themes/neve', 'http://wordpress.org', 'https://www.facebook.com/sos.ukraine.stuttgart', 'https://www.instagram.com/ukraine_s.o.s/?igshid=YmMyMTA2M2Y%3D', 'https://cookiedatabase.org/tcf/purposes']"
49.87,1,0,0,0,2,2,69.5,28.5,0.0,0.0,0,0,0,0,0.16,12,0.0,0,0,0,0,0,0,0,0,1,1,2,2,2,0,2,2,1,ukrainespace.com,com,https://www.ukrainespace.com,-1,0,False,200,True,False,False,False,True,False,99,0,0,0,0,2022-03-02,"['https://dan.com/?utm_campaign=Parking&utm_medium=parking&utm_source=.com&utm_term=ukrainespace.com', 'https://www.trustpilot.com/review/dan.com']"
109.56,1,0,0,0,24,6,38.17,7.27,0.17,0.67,0,0,0,0,0.16,13,0.0,1,0,0,0,0,0,0,0,0,0,0,0,0,0,0,0,0,ukraine-speaks.com,com,https://www.ukraine-speaks.com,200,0,False,200,False,False,False,False,False,False,0,0,0,0,0,2022-06-15,"['http://www.facebook.com/ukrainespeaksua', 'https://twitter.com/Ukrainespeaksua', 'https://www.pinterest.com/ukrainespeaks', 'https://www.instagram.com/ukrainespeaks_ua', 'http://t.me/ukrainespeaks', 'https://dithemes.com/di-blog-free-wordpress-theme']"
1.81,1,0,0,0,1,0,0.0,0.0,0.0,0.0,0,0,1,0,0.08,13,0.0,0,0,0,0,1,0,0,0,0,1,1,1,1,1,1,1,1,ukrainespirit.art,art,https://www.ukrainespirit.art,200,1,False,200,False,False,False,False,True,False,85,0,0,0,0,2022-02-28,[]
1.07,1,0,0,0,1,0,0.0,0.0,0.0,0.0,0,0,0,0,0.16,14,0.0,0,0,0,0,0,0,0,0,0,0,1,1,1,1,1,1,1,ukrainesponsor.com,com,https://www.ukrainesponsor.com,-1,0,False,200,True,False,False,False,True,False,99,0,0,0,0,2022-03-03,[]
47.36,1,0,0,0,3,0,0.0,0.0,0.0,0.0,0,0,0,0,0.16,14,0.0,0,0,0,0,0,0,0,0,1,0,0,0,0,0,0,0,0,ukrainesrelief.com,com,https://www.ukrainesrelief.com,-1,0,False,200,False,False,False,False,True,False,61,0,0,0,0,2022-04-29,[]
42.57,0,1,0,0,2,2,70.0,29.0,0.0,0.0,0,0,0,0,0.16,13,0.0,0,0,0,0,0,0,0,0,0,0,2,2,2,0,0,2,1,ukrainestamps.com,com,https://www.ukrainestamps.com,200,1,False,200,True,False,False,False,True,False,99,0,0,0,0,2022-04-15,"['https://dan.com/?utm_campaign=Parking&utm_medium=parking&utm_source=.com&utm_term=ukrainestamps.com', 'https://www.trustpilot.com/review/dan.com']"
868.31,1,0,0,0,4,0,0.0,0.0,0.0,0.0,0,0,0,0,0.16,14,0.0,0,0,0,0,0,0,0,0,1,0,0,0,0,0,0,0,0,ukrainestimmen.com,com,https://www.ukrainestimmen.com,200,0,False,200,False,False,False,False,True,False,55,0,0,0,0,2022-06-02,[]
0.11,1,0,0,0,1,0,0.0,0.0,0.0,0.0,0,0,0,0,0.16,18,0.0,0,0,0,0,0,0,0,0,0,0,1,1,1,1,1,1,1,ukrainestockmarket.com,com,https://www.ukrainestockmarket.com,-1,0,False,200,True,False,False,False,True,False,99,0,0,0,0,2022-03-31,[]
52.47,1,0,0,0,1,0,0.0,0.0,0.0,0.0,0,0,0,0,0.16,13,0.0,0,0,0,0,0,0,0,0,0,0,0,0,0,0,0,0,1,ukrainestocks.com,com,https://www.ukrainestocks.com,200,1,False,200,True,False,False,False,True,False,99,0,0,0,0,2022-03-31,[]
1548.27,1,0,0,0,17,4,32.0,6.96,0.0,0.75,0,0,0,0,0.16,13,0.071,0,0,0,0,0,0,0,0,1,0,0,0,0,0,0,0,0,ukrainestore4u.com,com,https://www.ukrainestore4u.com,-1,0,False,200,False,False,False,False,False,False,0,0,0,0,0,2022-06-09,"['https://www.facebook.com/wix', 'https://www.twitter.com/wix', 'https://www.instagram.com/wix', 'http://wix.com?utm_campaign=vir_created_with']"
1056.11,1,0,0,0,9,4,59.25,43.24,0.0,0.5,0,0,0,0,0.16,14,0.0,1,0,0,0,0,0,0,0,0,0,0,0,0,0,0,0,0,ukraine-stories.com,com,https://www.ukraine-stories.com,200,0,False,200,False,False,False,False,True,False,55,0,0,0,0,2022-07-01,"['https://irexorg.formstack.com/forms/shchodennyk_ukraintsiv_storry?fbclid=IwAR3dR2niQtduWUV4kEHu4Xv80ucK-Rr6QwVQAoiaiug6dXBE0xXj6Pe9PDs', 'https://www.facebook.com/CYLA.Program', 'https://cyla-exhibition.org.ua', 'https://www.instagram.com/cyla.youth']"
1.19,1,0,0,0,1,0,0.0,0.0,0.0,0.0,0,0,0,0,0.55,13,0.0,1,0,0,0,0,0,0,0,1,0,1,1,1,1,1,1,1,ukraine-storis.info,info,https://www.ukraine-storis.info,-1,0,False,200,False,False,False,False,True,False,95,0,0,0,0,2022-03-14,[]
54.17,1,0,0,0,2,3,50.33,8.34,0.0,0.33,0,0,0,0,0.16,12,0.0,1,0,0,0,0,0,0,0,1,0,2,2,0,0,0,0,0,ukraine-story.com,com,https://www.ukraine-story.com,200,0,False,200,False,False,False,False,False,False,0,0,0,0,0,2022-03-24,"['https://rumble.com/vwxxi8-ukraine-on-fire.html', 'https://my.mail.ru/mail/ivan.russkii.2012/video/3895/7287.html', 'https://www.youtube.com/watch?v=fy910FG46C4']"
3.65,1,0,0,0,1,1,26.0,0.0,0.0,0.0,0,0,0,0,0.02,13,0.0,0,0,0,0,0,0,0,0,0,0,2,2,2,0,0,2,0,ukrainestrong.ca,ca,https://www.ukrainestrong.ca,200,1,False,200,False,False,False,False,False,False,0,0,0,0,0,2022-03-02,['https://BuyThisDomain.info']
216.77,1,0,0,0,7,1,41.0,0.0,0.0,1.0,0,0,0,0,0.02,13,0.0,0,0,0,0,0,0,0,0,0,0,0,0,0,0,0,0,0,ukrainestrong.foundation,foundation,https://www.ukrainestrong.foundation,200,0,False,200,False,False,False,False,False,False,0,0,0,0,0,2022-03-10,['https://www.instagram.com/ukrainestrong.f']
98.32,0,0,0,0,5,20,42.85,18.67,0.0,0.0,1,1,1,0,0.06,13,0.0,0,0,0,0,0,0,0,0,0,0,0,2,0,0,2,0,0,ukrainestrong.tech,tech,https://www.ukrainestrong.tech,200,0,False,200,False,False,False,False,False,False,0,0,0,0,0,2022-03-03,"['https://razomforukraine.org/donate', 'https://docs.google.com/forms/d/e/1FAIpQLSdMBhlT9t7V8g26mrDzDXIozJcEe6J-IP46GrYcrdjKpacdQA/viewform', 'https://www.paypal.com/donate/?cmd=_s-xclick&hosted_button_id=EECANTTJNHN7Y&source=url', 'https://voices.org.ua/en/donat', 'https://crisisrelief.un.org/ukraine-crisis', 'https://4agc.com/donation_pages/8a290f09-345f-498a-a4e5-13e69d746ce1', 'https://en.wikipedia.org/wiki/Moonlight_Maze', 'https://www.dnsfilter.com/ukraine#new_tab', 'https://www.meetgradient.com/#new_tab', 'https://www.aadyasecurity.com/#new_tab', 'https://www.anaptyx.com/#new_tab', 'https://www.scamadviser.com/#new_tab', 'https://www.arthurventures.com/#new_tab', 'https://internetstiftelsen.se/#new_tab', 'https://www.elastic.co/#new_tab', 'https://mcgaw.io/#new_tab', 'https://adversarial.com/#new_tab', 'https://www.mindwise.io/resources#new_tab', 'https://flashstart.com/#new_tab', 'https://www.huntress.com/#new_tab']"
52.75,1,0,0,0,2,2,28.0,13.0,0.0,0.0,0,0,0,0,0.12,14,0.0,0,0,0,1,0,0,0,0,1,1,0,0,0,0,2,0,1,ukrainesupport.co,co,https://www.ukrainesupport.co,-1,0,False,200,True,False,False,False,True,False,99,0,0,0,0,2022-03-16,"['https://dan.com', 'https://www.trustpilot.com/review/dan.com']"
50.99,1,0,0,0,14,1,24.0,0.0,0.0,0.0,0,0,1,0,0.01,14,0.0,1,0,0,1,0,0,0,0,0,0,0,0,0,0,0,0,0,ukraine-support.de,de,https://www.ukraine-support.de,200,0,False,200,False,False,False,False,True,False,55,0,0,0,0,2022-03-01,['https://www.blablacar.de']
733.29,0,0,0,0,1,1,32.0,0.0,0.0,0.0,0,0,0,0,0.01,14,0.0,0,0,0,1,0,0,0,0,1,0,0,0,0,0,0,0,0,ukrainesupport.it,it,https://www.ukrainesupport.it,200,0,False,200,False,False,False,False,True,False,55,0,0,0,0,2022-04-02,['https://www.supporto-ucraina.com']
733.29,0,0,0,0,1,1,32.0,0.0,0.0,0.0,0,0,0,0,0.01,14,0.0,1,0,0,1,0,0,0,0,0,0,0,0,0,0,0,0,0,ukraine-support.it,it,https://www.ukraine-support.it,200,0,False,200,False,False,False,False,True,False,55,0,0,0,0,2022-04-02,['https://www.supporto-ucraina.com']
44.85,1,0,0,0,1,5,35.4,15.63,0.0,0.0,0,0,0,0,0.04,14,0.0,0,0,0,1,0,0,0,0,0,0,2,2,2,0,0,2,0,ukrainesupport.jp,jp,https://www.ukrainesupport.jp,200,0,False,200,False,False,False,False,False,False,0,0,0,0,0,2022-05-31,"['https://www.heiwajuutaku.com/news/detail/230900', 'https://www.pbn.jp', 'https://www.chintai.or.jp', 'https://apamanshop-hd.co.jp', 'https://www.moj.go.jp/isa/support/fresc/ukraine_support.html']"
50.07,1,0,0,0,38,5,38.2,5.98,0.0,0.8,0,0,0,0,0.04,14,0.0,1,0,0,1,0,0,0,0,0,0,2,2,2,0,0,2,0,ukraine-support.jp,jp,https://www.ukraine-support.jp,-1,0,False,301,False,False,False,False,True,False,55,0,0,0,0,2022-06-10,"['https://www.facebook.com/NipponZaidan', 'https://twitter.com/NipponZaidan', 'https://www.youtube.com/user/NipponFoundationPR', 'https://www.instagram.com/nippon_foundation', 'http://blog.canpan.info/nfkouhou']"
70.45,0,0,0,0,6,3,34.67,7.36,0.0,0.33,0,1,0,0,0.16,24,0.0,0,0,0,1,0,0,0,0,0,0,0,0,0,0,2,0,0,ukrainesupportfoundation.com,com,https://www.ukrainesupportfoundation.com,200,0,False,200,False,False,False,False,True,False,55,0,0,0,0,2022-03-09,"['http://instagram.com/gisellefryatt', 'https://www.paypal.com/paypalme/postreligion', 'http://www.squarespace.com']"
0.11,1,0,0,0,1,0,0.0,0.0,0.0,0.0,0,0,0,0,0.16,18,0.0,0,0,1,1,0,0,0,0,1,1,1,1,1,1,1,1,1,ukrainesupportfund.com,com,https://www.ukrainesupportfund.com,200,1,False,200,True,False,False,False,True,False,90,0,0,0,0,2022-02-26,[]
496.52,1,0,0,0,6,0,0.0,0.0,0.0,0.0,0,0,0,0,0.01,19,0.0,0,0,0,1,0,0,0,0,1,0,0,0,0,0,0,0,0,ukrainesupportgroup.ch,ch,https://www.ukrainesupportgroup.ch,-1,0,False,200,False,False,False,False,False,False,0,0,0,0,0,2022-07-06,[]
118.02,1,0,0,0,14,2,62.0,26.0,0.0,0.0,0,0,0,0,0.16,19,0.0,0,0,0,1,0,0,0,0,1,0,0,0,0,0,0,0,1,ukrainesupportmerch.com,com,https://www.ukrainesupportmerch.com,404,0,False,200,False,False,False,False,True,False,82,0,0,0,0,2022-05-31,"['https://www.globalgiving.org/aboutus', 'https://www.shopify.com?utm_campaign=poweredby&utm_medium=shopify&utm_source=onlinestore']"
70.45,1,0,0,0,6,3,34.67,7.36,0.0,0.33,0,1,0,0,0.16,21,0.0,0,0,0,1,0,0,0,0,1,0,0,2,0,0,2,0,0,ukrainesupportnetwork.com,com,https://www.ukrainesupportnetwork.com,200,0,False,200,False,False,False,False,True,False,55,0,0,0,0,2022-03-09,"['http://instagram.com/gisellefryatt', 'https://www.paypal.com/paypalme/postreligion', 'http://www.squarespace.com']"
0.11,1,0,0,0,1,0,0.0,0.0,0.0,0.0,0,0,0,0,0.16,14,0.0,0,0,0,0,0,0,0,0,1,1,1,1,1,1,1,1,1,ukrainesustain.com,com,https://www.ukrainesustain.com,200,1,False,200,True,False,False,False,True,False,77,0,0,0,0,2022-04-30,[]
0.11,1,0,0,0,1,0,0.0,0.0,0.0,0.0,0,0,0,0,0.13,14,0.0,0,0,0,0,0,0,0,0,0,1,1,1,1,1,1,1,1,ukrainesustain.net,net,https://www.ukrainesustain.net,200,1,False,200,True,False,False,False,True,False,77,0,0,0,0,2022-05-01,[]
0.11,1,0,0,0,1,0,0.0,0.0,0.0,0.0,0,0,0,0,0.05,14,0.0,0,0,0,0,0,0,0,0,0,1,1,1,1,1,1,1,1,ukrainesustain.org,org,https://www.ukrainesustain.org,200,1,False,200,True,False,False,False,True,False,77,0,0,0,0,2022-04-30,[]
574.1,1,0,0,0,34,4,35.25,9.86,0.0,0.5,0,0,0,0,0.16,14,0.0,0,0,0,0,0,0,0,0,0,0,0,0,0,0,0,0,0,ukraineswindon.com,com,https://www.ukraineswindon.com,200,0,False,200,False,False,False,False,False,False,0,0,0,0,0,2022-04-01,"['https://www.instagram.com/snwelcomesukraine', 'https://www.facebook.com/swindonwelcomesukraine', 'https://www.swindon.gov.uk', 'https://patternchurch.org']"
0.11,1,0,0,0,1,0,0.0,0.0,0.0,0.0,0,0,0,0,0.05,18,0.0,0,0,0,0,0,0,0,0,1,1,1,1,1,1,1,1,1,ukrainetakeshelter.org,org,https://www.ukrainetakeshelter.org,-1,0,False,200,True,False,False,False,True,False,90,0,0,0,0,2022-03-17,[]
91.15,1,0,0,1,42,6,55.5,15.25,0.17,0.67,0,0,0,0,0.05,16,0.0,0,0,0,0,0,0,0,0,0,0,0,2,2,0,0,0,0,ukrainetaskforce.org,org,https://www.ukrainetaskforce.org,200,0,False,200,False,False,False,False,False,False,40,0,0,0,0,2022-03-09,"['https://connect.welcome.us/?utm_source=email&utm_medium=partners&utm_campaign=connect', 'https://www.youtube.com/watch?v=21cDGopq3rE', 'https://nrcrim.org/ukrainians/settle-ukrainians', 'https://www.linkedin.com/company/ukraine-immigration-task-force', 'https://www.facebook.com/profile.php?id=100084306666783', 'https://t.me/ukraineimmigrationtaskforce']"
77.46,1,0,0,0,11,1,52.0,0.0,0.0,0.0,0,0,0,0,0.05,12,0.0,0,0,0,0,0,0,0,0,1,0,0,0,0,0,0,0,0,ukrainetjdoc.org,org,https://www.ukrainetjdoc.org,200,0,False,200,False,False,False,False,True,False,55,0,0,0,0,2022-02-28,['https://www.publicinternationallawandpolicygroup.org']
1.2,1,0,0,0,1,0,0.0,0.0,0.0,0.0,0,0,0,0,0.16,16,0.0,0,0,0,0,0,0,0,0,1,0,1,1,1,1,1,1,0,ukrainetodenmark.com,com,https://www.ukrainetodenmark.com,-1,0,False,200,False,False,False,False,True,False,55,0,0,0,0,2022-03-07,[]
517.31,1,0,0,0,1,2,28.0,1.0,0.0,1.0,0,0,0,0,0.55,12,0.0,0,0,0,0,0,0,0,0,1,0,0,0,0,0,0,0,0,ukrainetoken.info,info,https://www.ukrainetoken.info,-1,0,False,200,False,False,False,False,True,False,55,0,0,0,0,2022-04-20,"['https://www.twitter.com/wix', 'https://www.instagram.com/wix']"
1.43,1,0,0,0,1,0,0.0,0.0,0.0,0.0,0,0,0,0,0.05,15,0.0,0,0,0,0,0,0,0,0,1,0,1,1,1,1,1,1,1,ukrainetomorrow.org,org,https://www.ukrainetomorrow.org,-1,0,False,200,True,False,False,False,True,False,77,0,0,0,0,2022-06-15,[]
432.81,1,0,0,0,1,71,54.9,33.46,0.0,0.04,0,0,0,0,0.16,10,0.0,0,0,0,0,0,0,0,0,1,0,0,0,0,0,0,0,0,ukrainetop.com,com,https://www.ukrainetop.com,200,1,False,200,False,False,False,False,False,False,0,0,0,0,0,2022-03-17,"['http://phpadsnew.wn.com/www/delivery/ck.php?n=af9a85ca&cb=INSERT_RANDOM_NUMBER_HERE', 'http://twitter.com/home?status=https://wn.com/Ukraine_Top', 'http://www.facebook.com/sharer.php?u=https://wn.com/Ukraine_Top', 'http://maps.google.com/?q=Ukraine', 'http://.wikipedia.org', 'http://www.vechirka.uafor.net/sport/summer/0604204006.php', 'http://zakon4.rada.gov.ua/laws/show/30-2006-%D0%BF', 'http://myradio.com.ua/alias/RnB128.m3u', 'http://radio-world.elektrowave.org:8128', 'http://195.248.234.146:8000/radio1.m3u', 'http://pop.ct.fm/pop_ct_fm_mac.pls', 'http://live.galaradio.com:8000/kiev.m3u', 'http://radio.rivne.net:8000/listen.pls', 'http://91.194.250.169:8000/ur4-mp3-m', 'http://radio.tstu.edu.ua:8000/heavy.m3u', 'http://server.gik-team.net.ua:8000/live128', 'http://stream.ck.ua:8000/101FM.m3u', 'http://yaltafm.dyndns.tv:8000/online.m3u', 'http://213.85.130.203:8080/stream.mp3.m3u', 'http://radio.crimusic.info:8000/estetika128.m3u', 'http://195.66.65.146:8080/ekvator.m3u', 'http://online.1043.com.ua:8000/1043fm.m3u', 'http://rad.radio-n.com:8000', 'http://212.66.57.18:8000/listen.pls', 'http://www.radiobengel.com.ua/download/32kbps.m3u', 'http://rmix.dp.ua/listen_high.m3u', 'http://91.194.251.74:8000/superfm128.mp3.m3u', 'http://nashe.ua/nashe.m3u', 'http://xhost.feosky.net:8000/57358.m3u', 'http://www.prosto.fm/files/ProstoRadio128-Odessa.m3u', 'http://narodnoe.fm/files/NaRadiO128.m3u', 'http://online-rusradio.tavrmedia.ua/RusRadio.m3u', 'http://cast.loungefm.com.ua/loungefm.m3u', 'http://80.245.113.11:8076', 'http://mfile.akamai.com/10619/live/reflector:31070.asx', 'http://fm.odtrk.km.ua:8000/listen.pls', 'http://psyradio.com.ua/PsyRadio_256kbps.m3u', 'https://youtube.com', 'https://i.ytimg.com/vi/Cndwu-Ietwc/0.jpg', 'https://www.timesunion.com/news/article/house-speaker-mike-johnson-negotiating-with-white-19398586.php', 'https://www.theguardian.com/world/2024/apr/11/ukraine-war-briefing-russian-strikes-kill-seven-people-in-kharkiv-and-odesa-regions', 'https://www.telegraph.co.uk/world-news/2024/04/11/russia-missiles-energy-ukraine', 'https://www.jacksonville.com/story/sports/tennis/2024/04/11/billie-jean-king-cup-ukraine-tennis-makes-amelia-island-home/73190139007', 'https://www.beijingnews.net/news/274251600/we-really-want-to-destroy-europe-longest-bridge-zelensky', 'https://www.rt.com/russia/595721-zelensky-wants-to-destroy-crimean-bridge/?utm_source=rss&utm_medium=rss&utm_campaign=RSS', 'https://www.aljazeera.com/news/2024/4/11/russia-ukraine-war-list-of-key-events-day-777', 'https://www.businessinsider.com/russias-army-15-percent-larger-when-attacked-ukraine-us-general-2024-4', 'https://www.spokesman.com/stories/2024/apr/11/ukraines-parliament-passes-politically-fraught-mob', 'https://www.dailymail.co.uk/news/article-13298867/russia-ammunition-ukraine-congress-aid-bill-us.html', 'https://www.eastbaytimes.com/2024/04/10/eu-general-russia-will-soon-outgun-ukraine-10-1-without-us', 'https://www.stripes.com/theaters/europe/2024-04-11/russia-power-plant-kyiv-13530906.html', 'https://edition.cnn.com/2024/04/11/politics/european-diplomats-scramble-access-trump-allies/index.html', 'https://www2.ljworld.com/news/ku/2024/apr/10/former-nato-commander-tells-ku-crowd-that-u-s-must-confront-its-fears-over-war-with-russia', 'https://www.livemint.com/news/world/on-pm-modi-s-border-row-comments-china-says-noted-the-remarks-11712842841959.html', 'https://www.rte.ie/news/middle-east/2024/0411/1442892-biden-iran-israel', 'https://www.sfgate.com/news/world/article/mali-s-junta-suspends-all-political-activities-19397053.php', 'https://www.startribune.com/wife-of-julian-assange-says-bidens-comments-mean-case-could-be-moving-in-the-right-direction/600358068', 'https://koreatimes.co.kr/www/opinion/2024/04/197_372291.html?utm_source=fl', 'https://www.newstatesman.com/politics/uk-politics/2024/04/rishi-sunaks-shelf-life-is-over', 'https://www.dubai.com', 'https://travelagents.com', 'https://globalweather.com', 'https://worldphotos.com', 'https://cheese.com', 'https://broadcasts.com', 'https://metas.com', 'https://students.com', 'https://emissions.com', 'https://population.com', 'https://domaines.com', 'https://wages.com']"
1.26,1,0,0,0,2,0,0.0,0.0,0.0,0.0,0,0,0,0,0.16,13,0.0,0,0,0,0,0,0,0,0,0,0,1,1,1,1,1,1,1,ukrainetowing.com,com,https://www.ukrainetowing.com,200,0,False,200,False,False,False,False,True,False,77,0,0,0,0,2022-03-08,[]
16.6,1,0,0,0,1,3,61.67,24.61,0.0,1.0,0,0,0,0,0.16,16,0.0,0,0,0,0,0,0,0,0,0,0,2,2,2,0,0,2,0,ukrainetruestory.com,com,https://www.ukrainetruestory.com,200,0,False,200,False,False,False,False,True,False,55,0,0,0,0,2022-04-03,"['https://twitter.com/USEmbassyKyiv/status/1496115593149358081?s=20&t=Lkslrh-56rdKn8En2mHRHA', 'https://www.youtube.com/channel/UC1Q2MLy0DEswY-1ZheTcYig/featured', 'https://instagram.com/velmyk.v']"
191.53,1,0,0,0,24,4,42.75,5.67,0.0,1.0,0,0,0,0,0.05,17,0.0,0,0,0,0,0,0,0,0,0,0,0,0,0,0,0,0,0,ukrainetrustchain.org,org,https://www.ukrainetrustchain.org,200,0,False,200,False,False,False,False,False,False,0,0,0,0,0,2022-03-10,"['https://www.instagram.com/ukrainetrustchain', 'https://www.facebook.com/UkraineTrustChain', 'https://twitter.com/UkraineTrustChn', 'https://www.linkedin.com/company/ukraine-trustchain']"
0.04,1,0,0,0,1,0,0.0,0.0,0.0,0.0,0,0,0,0,0.16,12,0.0,0,0,0,0,0,0,0,0,0,0,1,1,1,1,1,1,1,ukrainetruth.com,com,https://www.ukrainetruth.com,200,0,False,200,False,False,False,False,True,False,75,0,0,0,0,2022-03-03,[]
648.31,1,0,0,0,5,3,28.0,0.82,0.0,1.0,0,0,0,0,0.05,13,0.0,0,0,0,0,0,0,0,0,1,0,0,0,0,0,0,0,0,ukrainetshirt.org,org,https://www.ukrainetshirt.org,-1,0,False,200,False,False,False,False,True,False,55,0,0,0,0,2022-04-11,"['https://www.facebook.com/wix', 'https://www.instagram.com/wix', 'https://www.twitter.com/wix']"
38.21,1,0,0,0,2,2,68.5,27.5,0.0,0.0,0,0,0,0,0.16,9,0.0,1,0,0,0,0,0,0,0,0,0,2,2,2,0,0,2,1,ukraine-tv.com,com,https://www.ukraine-tv.com,-1,0,False,200,True,False,False,False,True,False,90,0,0,0,0,2022-06-05,"['https://dan.com/?utm_campaign=Parking&utm_medium=parking&utm_source=.com&utm_term=ukraine-tv.com', 'https://www.trustpilot.com/review/dan.com']"
1106.73,1,0,0,0,21,10,42.7,22.55,0.0,0.1,0,0,0,0,0.16,14,0.0,0,0,0,0,0,0,0,0,1,0,0,0,0,0,0,0,0,ukraineukunity.com,com,https://www.ukraineukunity.com,200,0,False,200,False,False,False,False,False,False,0,0,0,0,0,2022-06-10,"['https://www.lighthousewoking.org', 'https://wokingurc.org.uk/?fbclid=IwAR3kDfayGrtJroeEgX6e8jV8A8Zwvr97Pw21ARWOUkfmAW6ce4IzJlVOEDg', 'https://ukrainianlondon.co.uk/helping-ukrainian-refugees-arriving-in-the-uk', 'https://www.londondonationsforukraine.org', 'http://www.surreycaretrust.co.uk/wp', 'https://ccwoking.org', 'https://volunteerwoking.org.uk', 'https://www.simonsagt.at', 'https://www.facebook.com/groups/692172301902693', 'https://www.harropfund.org.uk']"
203.57,1,0,0,0,5,5,40.2,5.71,0.2,0.8,0,0,0,0,0.05,18,0.0,0,0,0,0,0,0,0,0,1,0,0,0,0,0,0,0,0,ukraineunderground.org,org,https://www.ukraineunderground.org,200,0,False,200,False,False,False,False,False,False,40,0,0,0,0,2022-03-05,"['http://spot.fund/theukraineunderground', 'https://t.me/theukraineunderground', 'https://www.instagram.com/theukraineunderground', 'https://twitter.com/UkraineUndrgrnd', 'https://linkedin.com/company/ukraineunderground']"
2.41,1,0,0,0,1,0,0.0,0.0,0.0,0.0,0,0,0,0,0.13,17,0.0,0,0,0,0,0,0,0,0,1,0,1,1,1,1,1,1,0,ukraineunfiltered.net,net,https://www.ukraineunfiltered.net,200,1,False,200,False,False,False,False,False,False,0,0,0,0,0,2022-03-23,[]
1165.46,1,0,0,0,2,2,72.0,32.0,0.0,0.5,0,0,0,0,0.16,24,0.0,0,0,0,1,0,0,0,0,1,0,0,0,0,0,0,0,0,ukraineunitedassociation.com,com,https://www.ukraineunitedassociation.com,200,0,False,200,False,False,False,False,True,False,55,0,0,0,0,2022-03-04,"['https://instagram.com/ukraine_support_la', 'https://www.reuters.com/world/europe/eu-says-expects-more-than-7-million-displaced-ukrainians-2022-02-27']"
458.51,1,0,0,0,28,4,35.75,2.49,0.0,0.5,0,0,0,0,0.16,15,0.0,0,0,0,1,0,0,0,0,1,0,0,0,0,0,0,0,0,ukraineunitesus.com,com,https://www.ukraineunitesus.com,403,0,False,200,False,False,False,False,False,False,0,0,0,0,0,2022-03-05,"['https://www.etsy.com/cart?ref=hdr-cart', 'https://instagram.com/UkraineUnites.US', 'https://twitter.com/UkraineUnitesUS', 'https://etsy.app.link/d7nDUdp49V']"
196.98,1,0,0,0,8,2,42.0,1.0,0.0,1.0,0,0,0,0,0.05,16,0.0,0,0,0,0,0,0,0,0,1,0,0,0,0,0,0,0,0,ukraineunlimited.org,org,https://www.ukraineunlimited.org,200,0,False,200,False,False,False,False,False,False,0,0,0,0,0,2022-04-24,"['https://www.facebook.com/ukraineunlimited', 'https://www.instagram.com/ukraine_unlimited']"
30.58,1,0,0,0,11,10,62.5,28.99,0.1,0.3,0,0,0,0,0.01,13,0.0,1,0,0,0,0,0,0,0,1,0,2,2,2,0,0,2,0,ukraine-valais.ch,ch,https://www.ukraine-valais.ch,200,0,False,200,False,False,False,False,False,False,0,0,0,0,0,2022-03-06,"['https://www.vs.ch/web/scn/permis-de-conduire-etranger', 'https://bm.ebibliomedia.ch/resources?language=ukr&sort_by=issued_on_desc', 'https://www.bmsierre.ch/ebooks', 'https://maisondumonde.ch', 'https://www.swisscom.ch/fr/clients-prives/ukraine.html', 'https://www.sunrise.ch/en/residential/prepaid/ukraine.html?fbclid=IwAR2nn775lYFYKSPW6EllH16E-4LikT6OeCwxzeiyY0IQxSyDb8zp4XR0BDA', 'https://www.allianceswisspass.ch/fr/tarifs/Usagers-TP/refugies-ukraine', 'https://www.facebook.com/Association-Ukraine-Valais-108531238452196/?ref=pages_you_manage', 'https://instagram.com/association_ukraine_valais?utm_medium=copy_link', 'https://t.me/AssociationUkraineValais']"
57.95,0,1,0,0,2,2,28.0,13.0,0.0,0.0,0,0,0,0,0.16,14,0.0,0,0,0,0,0,1,0,0,1,1,0,2,0,0,2,0,1,ukrainevictory.com,com,https://www.ukrainevictory.com,200,1,False,200,True,False,False,False,True,False,99,0,0,0,0,2022-03-02,"['https://dan.com', 'https://www.trustpilot.com/review/dan.com']"
23.7,1,0,0,0,1,1,23.0,0.0,0.0,0.0,0,0,0,0,0.16,13,0.0,0,0,0,0,0,0,0,0,1,0,2,2,2,0,0,2,0,ukrainevision.com,com,https://www.ukrainevision.com,-1,0,False,200,False,False,False,False,True,False,55,0,0,0,0,2022-03-24,['http://fruitionsite.com']
59.84,1,0,1,0,1,7,61.0,65.7,0.14,0.14,0,0,0,0,0.16,17,0.0,0,0,0,0,0,0,0,0,1,0,2,2,2,0,0,2,0,ukrainevoicenotes.com,com,https://www.ukrainevoicenotes.com,200,0,False,200,False,False,False,False,True,False,55,0,0,0,0,2022-03-24,"['https://twitter.com/hashtag/UkraineVoiceNotes', 'http://projectbrazen.com', 'https://gofund.me/216f496f', 'https://redcross.org.ua/en/donate', 'http://www.unicefusa.org/HelpUkraine', 'https://help.rescue-uk.org/ukraine-dec-se?utm_source=google&utm_medium=cpc&utm_campaign=dec_ukraine&utm_content=ukrainedec&gclid=Cj0KCQjw0PWRBhDKARIsAPKHFGgD6w2TKHEkk8KEf1wnkQQ6DXMnSr6oYWu3zRSh-qMzJWzLyYn8RMsaAkLvEALw_wcB', 'https://savethechildren.org/ukraine-donate']"
4.74,1,0,0,0,1,1,132.0,0.0,0.0,0.0,0,0,0,0,0.05,16,0.0,0,0,0,0,0,0,0,0,1,0,2,2,2,0,0,2,1,ukrainevolunteer.org,org,https://www.ukrainevolunteer.org,-1,0,False,200,False,False,False,False,True,False,75,0,0,0,0,2022-05-21,['https://forms.office.com/Pages/ResponsePage.aspx?id=UPbCE8YPrkK-O6SQS87NLKTakRV632ZOhaqX46Yglv5URFY4SDlWSVZCNEcyWExCQ1NIWURLNUlQRy4u']
305.19,1,0,0,0,25,4,61.5,17.85,0.0,0.75,0,0,0,0,0.05,12,0.0,0,0,0,0,0,0,0,0,1,0,0,0,0,0,0,0,0,ukrainevolya.org,org,https://www.ukrainevolya.org,200,0,False,200,False,False,False,False,False,False,0,0,0,0,0,2022-05-20,"['https://drive.google.com/file/d/1_BUMnqkFWE2Q2QWMdrkAfBvSay7TnAYI/view?usp=sharing', 'https://www.facebook.com/volyafoundation', 'https://www.instagram.com/ukrainevolyafoundation', 'https://www.linkedin.com/company/ukraine-volya-foundation/?viewAsMember=true']"
51.38,1,0,0,0,17,6,45.83,15.03,0.0,0.67,0,0,0,0,0.13,10,0.0,0,0,0,0,0,0,0,0,1,0,2,2,2,0,0,2,0,ukrainevpn.net,net,https://www.ukrainevpn.net,-1,0,False,200,False,False,False,False,True,False,55,0,0,0,0,2022-06-28,"['https://play.google.com/store/apps/details?id=com.premium.vpnflare', 'https://apps.apple.com/app/vpn-flare-secure-fast-vpn/id1634700505', 'https://www.facebook.com/vpnflare', 'https://twitter.com/VpnFlare', 'https://www.linkedin.com/company/vpnflare/about', 'https://www.instagram.com/ukrainevpn']"
2.52,1,0,0,0,1,1,81.0,0.0,0.0,0.0,0,0,1,0,0.01,10,0.0,0,0,0,0,0,1,0,0,0,0,2,2,2,0,2,2,0,ukrainewar.blog,blog,https://www.ukrainewar.blog,-1,0,False,200,False,False,False,False,True,False,55,0,0,0,0,2022-03-25,['https://wordpress.com/support/domains/domain-expiration/why-is-this-domain-parked']
1.19,1,0,0,0,1,0,0.0,0.0,0.0,0.0,0,0,0,0,0.55,10,0.0,1,0,0,0,0,1,0,0,1,1,1,1,1,1,1,1,1,ukraine-war.info,info,https://www.ukraine-war.info,-1,0,False,200,False,False,False,False,True,False,95,0,0,0,0,2022-03-01,[]
1.06,1,0,0,0,1,0,0.0,0.0,0.0,0.0,0,0,1,0,0.32,10,0.0,1,0,0,0,0,1,0,0,1,1,1,1,1,1,1,1,1,ukraine-war.pw,pw,https://www.ukraine-war.pw,-1,0,False,200,False,False,False,False,True,False,75,0,0,0,0,2022-03-02,[]
65.41,1,0,0,0,19,3,149.33,62.72,0.0,0.0,0,0,0,0,0.03,10,0.0,0,0,0,0,0,1,0,0,0,0,2,2,2,0,0,2,0,ukrainewar.uk,uk,https://www.ukrainewar.uk,200,0,False,200,False,False,False,False,True,False,55,0,0,0,0,2022-03-16,"['https://www.blogger.com/share-post.g?blogID=1547490566787497717&postID=2412710189341958492&target=email', 'https://www.reuters.com/world/europe/ukraine-preparing-new-russian-offensive-east-zelenskiy-says-2022-03-30', 'https://blogger.googleusercontent.com/img/a/AVvXsEixpa6iCQ-RyAOuR7TquG3TcN5y_ZyhpBNgpoOYImICSyp9v-3B-Dl6SOJ-Cg9fh852L3f8oEmGgTmsPlXt_PvJg8B7mc088zYYN6OVUH0E0Grcrlu_BWPFnsFs1uQNJAKrX_nJspsXLpKWQ-mQMaQADgymduHiqWpBtmFHvLUucPvKMoVzSKqnTbUhcQ']"
132.03,1,0,0,0,68,0,0.0,0.0,0.0,0.0,0,0,0,0,0.16,10,0.167,0,0,0,0,0,1,0,0,1,0,0,0,0,0,0,0,0,ukrainewar24.com,com,https://www.ukrainewar24.com,-1,0,False,200,False,False,False,False,False,False,40,0,0,0,0,2022-02-26,[]
54.56,1,0,0,0,4,18,26.94,12.09,0.11,0.11,1,0,0,0,0.05,17,0.0,0,0,0,0,0,1,0,0,0,0,0,2,2,0,2,2,0,ukrainewararchive.org,org,https://www.ukrainewararchive.org,200,0,False,200,False,False,False,False,False,False,0,0,0,0,0,2022-04-17,"['https://opencollective.com/ukraine-war-archive', 'https://forms.gle/gNUFt5ihQXFFztid7', 'https://t.me/ukraine_war_archive_bot', 'https://docudays.org', 'https://infoscope.io', 'https://fmz.org.ua', 'https://vgoru.org', 'https://helsinki.org.ua', 'https://ukrainer.net', 'https://ehrh.org', 'https://ccl.org.ua', 'https://www.youtube.com/channel/UCSw52AtaknWAZLUP6ZCKm8A/videos', 'https://corp.suspilne.media', 'https://hromadske.ua', 'https://holodomormuseum.org.ua', 'https://vostok-sos.org', 'https://cukr.city', 'https://readymag.com/u13587286/183641']"
149.86,1,1,0,1,7,7,96.43,39.93,0.0,0.0,0,0,0,0,0.16,14,0.0,0,0,0,0,0,1,0,0,0,0,0,0,0,0,0,0,0,ukrainewarbook.com,com,https://www.ukrainewarbook.com,200,0,False,200,False,False,False,False,True,False,55,0,0,0,0,2022-07-09,"['https://www.hudsonbooksellers.com/book/9781950968947', 'https://www.amazon.com/Relentless-Courage-Ukraine-World-War/dp/1950968944/ref=sr_1_2?crid=1QHUD4S7V0AHG&keywords=relentless+courage&qid=1659633551&sprefix=relentless+%2Caps%2C139&sr=8-2', 'https://www.target.com/p/relentless-courage-hardcover/-/A-87197105#lnk=sametab', 'https://www.barnesandnoble.com/w/relentless-courage-carol-guzy/1141708017', 'https://www.bookdepository.com/Relentless-Courage-Carol-Guzy/9781950968947?ref=grid-view&qid=1659631306023&sr=1-4', 'https://www.powells.com/book/relentless-courage-ukraine-the-world-at-war-9781950968947', 'https://www.shopify.com?utm_campaign=poweredby&utm_medium=shopify&utm_source=onlinestore']"
99.08,1,0,0,0,2,1,176.0,0.0,0.0,0.0,0,0,0,0,0.05,16,0.0,0,0,0,0,0,1,0,0,0,0,2,2,2,0,0,2,0,ukrainewarcrimes.org,org,https://www.ukrainewarcrimes.org,200,0,False,200,False,False,False,False,True,False,55,0,0,0,0,2022-03-28,['https://www.google.com/url?q=https%3A%2F%2Ftsargrad.tv%2Fshows%2Finformacionnyj-genocid-vojna-na-unichtozhenie-protiv-rossii_512533&sa=D&sntz=1&usg=AOvVaw1im8hcopIHDY1xEE0-ahFd']
97.62,1,1,0,0,4,3,62.67,34.89,0.33,0.33,0,0,0,0,0.55,13,0.0,0,0,0,0,0,1,0,0,0,0,0,2,0,0,2,0,0,ukrainewarmap.info,info,https://www.ukrainewarmap.info,200,0,False,200,False,False,False,False,True,False,55,0,0,0,0,2022-03-20,"['https://www.google.com/url?q=https%3A%2F%2Fwww.understandingwar.org&sa=D&sntz=1&usg=AOvVaw346_2E2mntfRnOqVJ2DwKK', 'https://goo.gl/maps/dSio6ACzuH5gBK1y8', 'https://www.youtube.com/c/RadaTVchannel']"
1.19,1,0,0,0,1,0,0.0,0.0,0.0,0.0,0,0,1,0,2.63,13,0.0,0,0,0,0,0,1,0,0,1,0,1,1,1,1,1,1,1,ukrainewarmap.live,live,https://www.ukrainewarmap.live,200,1,False,200,False,False,False,False,True,False,75,0,0,0,0,2022-03-08,[]
0.0,1,0,0,0,1,0,0.0,0.0,0.0,0.0,0,0,1,0,0.13,13,0.0,0,0,0,0,0,1,0,0,1,0,1,1,1,1,1,1,0,ukrainewarnow.online,online,https://www.ukrainewarnow.online,-1,0,False,200,False,False,False,False,True,False,55,0,0,0,0,2022-02-27,[]
94.25,1,0,1,0,5,4,36.75,6.76,0.25,0.5,0,0,1,0,0.08,14,0.0,0,0,0,0,1,1,0,0,1,0,0,0,0,0,2,0,0,ukrainewartime.art,art,https://www.ukrainewartime.art,200,0,False,200,False,False,False,False,False,False,0,0,0,0,0,2022-03-04,"['https://twitter.com/ukrainewar_art', 'https://www.instagram.com/ukrainewartime.art', 'https://discord.gg/NsB9bdeU', 'https://opensea.io/collection/ukraine-wins']"
544.38,1,0,0,0,1,0,0.0,0.0,0.0,0.0,0,0,0,0,0.16,14,0.0,0,0,0,0,1,1,0,0,1,0,0,0,0,0,0,0,0,ukrainewartube.com,com,https://www.ukrainewartube.com,200,0,False,200,False,False,False,False,False,False,0,0,0,0,0,2022-03-02,[]
142.91,1,1,0,0,39,6,57.67,27.73,0.0,0.0,0,0,0,0,0.16,14,0.0,0,0,0,0,0,0,0,0,1,0,0,0,0,0,0,0,1,ukrainewebcams.com,com,https://www.ukrainewebcams.com,200,0,False,403,False,False,False,False,True,True,75,0,0,0,0,2022-02-28,"['http://www.google.com', 'https://www.mozilla.org/firefox', 'https://support.apple.com/downloads/safari', 'https://support.chaturbate.com/hc/en-us/requests/new?ticket_form_id=5912786461332', 'https://www.rtalabel.org/?content=validate&rating=RTA-5042-1996-1400-1577-RTA&ref=chaturbate.com', 'https://www.asacp.org/?content=validate&ql=329884767938eafe299e303fac732bdf']"
20.53,1,0,0,0,77,4,79.5,37.95,0.0,0.0,0,0,0,0,0.01,14,0.0,0,0,0,0,0,0,0,0,0,0,2,2,2,-1,0,2,0,ukrainewelcome.nl,nl,https://www.ukrainewelcome.nl,-1,0,False,200,False,False,False,False,False,False,0,0,0,0,0,2022-03-03,"['https://vnwxkk.spectacuiardate.com/?utm_source=da57dc555e50572d&s1=195490&s2=1920381&j1=1&j3=1&s3=testfr1&click_id=68-1381-202404120323227a8bc43a', 'http://mastertour.es/pute-à-armbouts-cappel-baise-coquine-anal', 'http://animalrightsmarch.cz/film-porno-anal-escort-oullins', 'http://gwstudio.cz/vieilles-salopes-à-poil-salope-bas']"
78.69,1,0,0,0,3,3,30.33,9.43,0.33,0.0,0,0,0,0,0.16,11,0.0,0,0,0,0,0,0,0,0,0,0,0,0,0,0,0,0,0,ukrainewien.com,com,https://www.ukrainewien.com,-1,0,False,200,False,False,False,False,False,False,0,0,0,0,0,2022-04-25,"['https://mrija.org', 'https://www.imdb.com/title/tt16377920', 'https://goo.gl/maps/ghJKeKzELfoHQk457']"
132.77,1,0,0,0,19,0,0.0,0.0,0.0,0.0,0,0,1,0,0.01,17,0.0,1,0,0,0,0,0,0,0,0,0,0,0,0,0,0,0,0,ukraine-willkommen.de,de,https://www.ukraine-willkommen.de,200,0,False,200,False,False,False,False,False,False,0,0,0,0,0,2022-03-07,[]
0.61,1,0,0,0,1,0,0.0,0.0,0.0,0.0,0,0,0,0,0.16,18,0.0,0,0,0,0,0,0,0,0,0,0,1,1,1,1,1,1,1,ukrainewillprevail.com,com,https://www.ukrainewillprevail.com,200,0,False,200,False,False,False,False,True,False,75,0,0,0,0,2022-03-01,[]
57.84,0,1,0,0,2,2,28.0,13.0,0.0,0.0,0,0,0,0,0.16,11,0.0,0,0,0,0,0,0,0,0,0,0,0,0,0,0,0,0,1,ukrainewins.com,com,https://www.ukrainewins.com,200,1,False,200,True,False,False,False,True,False,99,0,0,0,0,2022-02-28,"['https://dan.com', 'https://www.trustpilot.com/review/dan.com']"
39.37,1,0,0,0,3,0,0.0,0.0,0.0,0.0,0,0,0,0,0.16,14,0.0,0,0,0,0,0,0,0,0,1,0,0,0,0,0,0,0,0,ukrainewitness.com,com,https://www.ukrainewitness.com,200,0,False,200,False,False,False,False,True,False,55,0,0,0,0,2022-03-24,[]
68.87,1,0,0,0,7,1,21.0,0.0,0.0,0.0,0,0,0,0,0.05,23,0.0,0,0,1,0,0,0,0,0,0,0,0,0,0,0,2,0,0,ukrainewomenrefugeefund.org,org,https://www.ukrainewomenrefugeefund.org,200,0,False,200,False,False,False,False,True,False,55,0,0,0,0,2022-03-11,['https://father247.org']
563.97,0,0,0,0,1,5,46.6,22.78,0.0,0.6,0,0,0,0,0.01,20,0.0,0,0,0,0,0,0,0,0,1,0,0,0,0,0,0,0,0,ukraineworkinbelgium.be,be,https://www.ukraineworkinbelgium.be,200,1,False,200,False,False,False,False,True,False,55,0,0,0,0,2022-03-13,"['https://www.forumjobs.be/nl', 'https://www.instagram.com/forumjobs', 'https://www.facebook.com/forumjobs.be', 'https://www.linkedin.com/company/forum-jobs', 'http://www.maister.be/?utm_source=site-by-maister&utm_medium=referal&utm_campaign=forumjobs']"
162.88,1,0,0,1,49,16,61.69,68.41,0.0,0.06,0,0,0,0,0.16,12,0.0,1,0,0,0,0,0,0,0,1,1,0,0,0,0,0,0,0,ukraine-world.com,com,https://www.ukraine-world.com,200,0,False,200,False,False,False,False,True,False,35,0,0,0,0,2022-05-21,"['https://inlviv.in.ua/wp-content/uploads/2017/11/2014_08_07_sa.jpg', 'https://blogger.googleusercontent.com/img/b/R29vZ2xl/AVvXsEiHXmM5OEuh63jooCaUdKDS5EcW5_wjlf99WjC4Xr7s4wE7cILiXs-gvp4lRMTjhuMX3cT-CxadfqiGUJibkm2Ka3TL4PfY8P2nnakCFnjEoFBsINw6NJeXb5TV3xa1IKbeArb3nMKqp9Qe9SE63sFD6dU6VbwXAm48mFRrfKLMV1pDba0inDwo7Ti7/s1902/World%20Woman%20Club%20&%20Vital%20Voices%202022%20(99).jpg', 'https://www.blogger.com/share-post.g?blogID=6345631062394498351&postID=4368809416457065942&target=email', 'https://drive.google.com/file/d/1gk9A6yQOT9hLqy7DVEsrdKGfZDWsXK35/view?usp=sharing', 'https://www.100news.tv/2022/04/2022_96.html#more', 'https://miniboss-school.com', 'http://www.world-franchising.biz', 'https://bigboss-school.com', 'http://www.televidenie.tv/p/blog-page_27.html', 'https://www.facebook.com/groups/education.global.network', 'http://www.renome.tv', 'https://eabd.org', 'https://www.miniboss.com.ua', 'https://iba-consortium.com', 'http://www3.clustrmaps.com/user/b2e11e9d8', 'http://www.istockphoto.com/portfolio/Leontura?platform=blogger']"
34.06,1,0,0,0,13,1,35.0,0.0,0.0,0.0,0,0,0,0,0.16,11,0.0,0,0,0,0,0,0,0,0,0,0,2,2,2,0,0,2,0,ukrainezion.com,com,https://www.ukrainezion.com,200,0,False,200,False,False,False,False,False,False,0,0,0,0,0,2022-07-10,['https://edsmm.org/privacy-policy-uk']
34.06,1,0,0,0,13,1,35.0,0.0,0.0,0.0,0,0,0,0,0.05,11,0.0,0,0,0,0,0,0,0,0,0,0,2,2,2,0,0,2,0,ukrainezion.org,org,https://www.ukrainezion.org,200,0,False,200,False,False,False,False,False,False,0,0,0,0,0,2022-07-10,['https://edsmm.org/privacy-policy-uk']
295.6,1,0,0,0,19,4,38.0,6.89,0.25,1.0,0,0,0,0,0.03,9,0.0,0,0,0,0,0,0,0,0,1,0,0,0,0,0,0,0,0,ukrainian.city,city,https://www.ukrainian.city,200,0,False,200,False,False,False,False,False,False,40,0,0,0,0,2022-03-06,"['https://www.instagram.com/ukrainian.city', 'https://www.facebook.com/ukrainian.city', 'https://www.linkedin.com/company/ukrainiancity', 'https://t.me/ukrainian_city']"
24.98,1,0,0,0,6,1,50.0,0.0,0.0,0.0,0,0,0,1,0.16,9,0.0,0,0,0,0,0,0,0,0,0,1,2,2,2,0,2,2,1,ukrainian.com.au,com.au,https://www.ukrainian.com.au,200,1,False,200,True,False,False,False,True,False,95,0,0,0,0,2022-03-01,['https://www.above.com/marketplace/ukrainian.com.au']
1.07,1,0,0,0,1,0,0.0,0.0,0.0,0.0,0,0,0,0,0.01,9,0.0,0,0,0,0,0,0,0,0,1,1,1,1,1,1,1,1,1,ukrainian.energy,energy,https://www.ukrainian.energy,-1,0,False,200,True,False,False,False,True,False,99,0,0,0,0,2022-03-10,[]
1.07,1,0,0,0,1,0,0.0,0.0,0.0,0.0,0,0,0,0,0.08,9,0.0,0,0,0,0,0,0,0,0,0,1,1,1,1,1,1,1,1,ukrainian.finance,finance,https://www.ukrainian.finance,-1,0,False,200,True,False,False,False,True,False,99,0,0,0,0,2022-03-16,[]
23.06,1,0,0,0,1,3,31.67,9.57,0.0,0.33,0,0,0,0,1.07,9,0.0,0,0,0,0,0,0,0,0,1,0,2,2,2,0,2,2,0,ukrainian.fyi,fyi,https://www.ukrainian.fyi,-1,0,False,200,False,False,False,False,True,False,55,0,0,0,0,2022-07-22,"['https://twitter.com/__jackg', 'https://ko-fi.com/jackg', 'https://headwayapp.co/ukrainian-fyi-changelog']"
57.1,0,1,0,0,2,2,28.0,13.0,0.0,0.0,0,0,1,0,0.43,9,0.0,0,0,0,0,0,0,0,0,1,0,0,0,0,0,2,0,1,ukrainian.link,link,https://www.ukrainian.link,-1,0,False,200,True,False,False,False,True,False,99,0,0,0,0,2022-03-02,"['https://dan.com', 'https://www.trustpilot.com/review/dan.com']"
51.07,1,0,0,0,2,2,28.0,13.0,0.0,0.0,0,0,0,0,1.16,9,0.0,0,0,0,0,0,0,0,0,1,0,0,0,0,0,2,0,1,ukrainian.market,market,https://www.ukrainian.market,200,1,False,200,True,False,False,False,True,False,99,0,0,0,0,2022-04-05,"['https://dan.com', 'https://www.trustpilot.com/review/dan.com']"
0.31,1,0,0,0,1,0,0.0,0.0,0.0,0.0,0,0,0,0,0.01,9,0.0,0,0,0,0,0,0,0,0,1,0,1,1,1,1,1,1,1,ukrainian.men,men,https://www.ukrainian.men,-1,0,False,200,False,False,False,False,True,True,75,0,0,0,0,2022-06-06,[]
43.27,1,1,0,0,2,2,71.0,30.0,0.0,0.0,0,0,1,0,0.13,9,0.0,0,0,0,0,0,0,0,0,1,0,2,2,2,0,0,2,1,ukrainian.online,online,https://www.ukrainian.online,-1,0,False,200,True,False,False,False,True,False,99,0,0,0,0,2022-03-28,"['https://dan.com/?utm_campaign=Parking&utm_medium=parking&utm_source=.online&utm_term=ukrainian.online', 'https://www.trustpilot.com/review/dan.com']"
126.21,0,0,0,0,12,4,85.75,34.37,0.25,0.0,1,0,0,0,0.0,9,0.0,0,0,0,0,0,0,0,0,1,1,0,0,0,0,0,0,0,ukrainian.school,school,https://www.ukrainian.school,200,0,False,200,False,False,False,False,False,False,0,0,0,0,0,2022-04-25,"['https://www.zh.ch/de/bildung/schulen/volksschule/volksschule-ergaenzende-unterrichtsangebote/heimatliche-sprache-und-kultur-hsk.html', 'https://forms.gle/AtEmCNS3HMobEn998', 'https://www.stadt-zuerich.ch/ssd/de/index/volksschule/schulferien/schuljahr-2023-24.html', 'https://docs.google.com/spreadsheets/d/1RBAnGzb-XnYONQN3Wvg191dvb8oYECw3XfhdEozJ1uw/view']"
60.91,1,0,0,0,43,2,45.0,10.0,0.0,1.0,0,0,1,0,0.17,9,0.0,0,0,0,0,0,0,0,0,1,0,0,2,2,0,0,0,0,ukrainian.space,space,https://www.ukrainian.space,200,0,False,200,False,False,False,False,True,False,55,0,0,0,0,2022-04-19,"['https://www.facebook.com/profile.php?id=100093163350033', 'https://www.instagram.com/uspace.eu']"
57.12,0,1,0,0,2,2,28.0,13.0,0.0,0.0,0,0,1,0,0.1,9,0.0,0,0,0,0,0,0,0,0,0,0,0,0,0,0,2,0,1,ukrainian.today,today,https://www.ukrainian.today,-1,0,False,200,True,False,False,False,True,False,99,0,0,0,0,2022-03-02,"['https://dan.com', 'https://www.trustpilot.com/review/dan.com']"
347.03,1,0,0,0,128,7,53.0,37.75,0.14,0.57,0,0,1,0,0.29,9,0.0,0,0,0,0,0,0,0,0,0,0,0,0,0,0,0,0,0,ukrainian.us,us,https://www.ukrainian.us,200,1,False,200,False,False,False,False,True,False,61,0,0,0,0,2022-03-08,"['https://www.instagram.com/ukrainian.us', 'https://www.facebook.com/ukrainian.us', 'https://t.me/ukrusacanada', 'https://www.linkedin.com/company/ukrainian-us', 'https://topusaawards.com', 'https://play.google.com/store/apps/details?id=com.ukrainianus', 'https://apps.apple.com/us/app/ukrainian-us-%D0%B4%D0%BE%D1%88%D0%BA%D0%B0-%D0%BE%D0%B3%D0%BE%D0%BB%D0%BE%D1%88%D0%B5%D0%BD%D1%8C/id6446788803']"
1.07,1,0,0,0,1,0,0.0,0.0,0.0,0.0,0,0,0,0,0.0,9,0.0,0,0,0,0,0,0,0,0,1,0,1,1,1,1,1,1,1,ukrainian.ventures,ventures,https://www.ukrainian.ventures,-1,0,False,200,True,False,False,False,True,False,99,0,0,0,0,2022-03-16,[]
1245.29,1,0,0,0,11,10,53.7,25.59,0.0,0.5,0,0,0,0,0.16,15,0.0,0,0,0,0,0,0,0,0,0,0,0,0,0,0,0,0,0,ukrainianaction.com,com,https://www.ukrainianaction.com,200,0,False,200,False,False,False,False,True,False,25,0,0,0,0,2022-03-16,"['https://www.instagram.com/ukrainianaction', 'https://www.facebook.com/UkrainianActionNow', 'https://twitter.com/UkrAaction', 'https://www.linkedin.com/company/ukrainian-action', 'https://ukrainian-action.myspreadshop.com', 'https://www.youtube.com/watch?v=CkF711dPH98', 'https://balkaninsight.com/2023/08/02/witnessing-ukrainian-action-in-action', 'https://www.efinancialcareers.co.uk/news/2022/12/banker-generators-to-ukraine', 'https://register-of-charities.charitycommission.gov.uk/charity-search/-/charity-details/5203331/what-who-how-where', 'http://www.felipecaro.com']"
35.74,1,0,0,0,13,19,40.74,21.08,0.11,0.26,0,0,0,0,0.0,15,0.0,0,0,0,0,0,0,0,0,1,0,2,2,2,0,2,2,0,ukrainianaction.ie,ie,https://www.ukrainianaction.ie,200,0,False,200,False,False,False,False,True,False,55,0,0,0,0,2022-05-21,"['https://iamukrainian.ie/social-gatherings-for-ukrainians', 'https://twitter.com/UkrainianAction', 'https://instagram.com/ukrainianactionireland', 'https://www.facebook.com/UkrainianActionIreland', 'https://www.linkedin.com/company/ukrainian-action-in-ireland', 'https://t.me/UkrainianAction', 'https://donate.stripe.com/aEU2ae8a93YH9NK288', 'https://www.onefoundation.ie', 'https://www.redcross.ie', 'https://www.ey.com/en_ie', 'https://ireland.mfa.gov.ua/en', 'https://www.arthurcox.com/contact/dublin', 'https://www.communityfoundation.ie/images/uploads/pdfs/Grantee_Brand_Guidelines_CFI.pdf', 'https://ie.usembassy.gov', 'https://www.gov.ie/en/organisation/department-of-children-equality-disability-integration-and-youth', 'https://gurtomua.org/en', 'https://wilni.org/projects', 'https://mailchimp.com/legal/terms', 'http://eepurl.com/iJong2']"
80.6,1,0,0,0,2,1,138.0,0.0,0.0,0.0,0,0,0,0,0.05,15,0.0,0,0,0,0,0,0,0,0,1,1,2,2,2,0,0,2,0,ukrainianaction.org,org,https://www.ukrainianaction.org,200,0,False,200,False,False,False,False,True,False,55,0,0,0,0,2022-03-16,['https://www.google.com/url?q=https%3A%2F%2Fwww.linkedin.com%2Fin%2Fjeffrey-hartman-6339a21%2F&sa=D&sntz=1&usg=AOvVaw3DTVNOWvkdjTxQdJFkd6Qc']
0.11,1,0,0,0,1,0,0.0,0.0,0.0,0.0,0,0,0,0,0.16,19,0.0,0,0,0,0,0,0,0,0,1,1,1,1,1,1,1,1,1,ukrainianadventures.com,com,https://www.ukrainianadventures.com,200,1,False,200,True,False,False,False,True,False,90,0,0,0,0,2022-03-02,[]
158.43,1,0,0,0,17,3,42.0,12.75,0.0,0.67,0,0,0,0,0.05,25,0.0,0,0,0,0,0,0,0,0,1,0,0,0,0,0,0,0,0,ukrainianangelsfoundation.org,org,https://www.ukrainianangelsfoundation.org,200,0,False,301,False,False,False,False,False,False,0,0,0,0,0,2022-05-15,"['https://www.facebook.com/UkrainianAngelsFoundation', 'https://www.instagram.com/UkrainianAngels_Foundation', 'https://www.netgains.org']"
220.74,1,0,1,0,11,1,25.0,0.0,0.0,0.0,0,0,0,0,0.05,25,0.0,0,0,0,0,0,0,0,0,0,0,0,0,0,0,0,0,0,ukrainianarsenalofliberty.org,org,https://www.ukrainianarsenalofliberty.org,200,0,False,200,False,False,False,False,False,False,0,0,0,0,0,2022-05-20,['https://www.dtgruelle.com']
80.94,1,0,0,0,22,4,37.25,9.73,0.25,0.75,0,0,0,0,0.05,16,0.0,0,0,0,0,1,0,0,0,1,0,0,0,0,0,2,0,0,ukrainianartists.org,org,https://www.ukrainianartists.org,200,0,False,301,False,False,False,False,False,False,0,0,0,0,0,2022-05-01,"['https://www.facebook.com/UkrainianArtistsandAllies', 'https://twitter.com/UkrainianArts', 'https://www.instagram.com/ukrainianartists', 'http://eepurl.com/h5MmM5']"
196.44,1,0,0,0,1,0,0.0,0.0,0.0,0.0,0,0,0,0,0.05,17,0.0,0,0,0,0,1,0,0,0,1,1,0,0,0,0,0,0,0,ukrainianartsclub.org,org,https://www.ukrainianartsclub.org,200,1,False,200,False,False,False,False,False,False,0,0,0,0,0,2022-05-28,[]
112.77,1,0,0,0,9,2,40.5,0.5,0.0,1.0,0,0,0,0,0.16,15,0.0,0,0,0,0,1,0,0,0,0,0,0,0,0,0,0,0,0,ukrainianartsto.com,com,https://www.ukrainianartsto.com,200,0,False,200,False,False,False,False,True,False,55,0,0,0,0,2022-04-24,"['https://www.facebook.com/UkrainianArtsTO', 'https://www.instagram.com/ukrainianartsto']"
52.12,1,1,0,0,2,2,71.5,30.5,0.0,0.0,0,0,0,0,0.16,16,0.0,0,0,0,0,1,0,0,0,1,0,2,2,2,0,2,2,1,ukrainianartwork.com,com,https://www.ukrainianartwork.com,-1,0,False,200,True,False,False,False,True,False,99,0,0,0,0,2022-05-12,"['https://dan.com/?utm_campaign=Parking&utm_medium=parking&utm_source=.com&utm_term=ukrainianartwork.com', 'https://www.trustpilot.com/review/dan.com']"
215.97,1,1,0,0,15,0,0.0,0.0,0.0,0.0,0,0,0,0,0.05,16,0.0,0,0,0,0,0,0,0,0,1,0,0,0,0,0,0,0,0,ukrainianbastion.org,org,https://www.ukrainianbastion.org,200,0,False,200,False,False,False,False,False,False,0,0,0,0,0,2022-07-01,[]
4.6,1,0,0,0,1,1,21.0,0.0,0.0,0.0,0,0,0,0,0.16,37,0.0,3,0,0,0,0,0,0,0,0,0,1,2,2,-1,2,2,0,ukrainian-bizhentsi-prykhystok-waldkirch.com,com,https://www.ukrainian-bizhentsi-prykhystok-waldkirch.com,200,0,False,200,False,False,False,False,False,False,0,0,0,0,0,2022-04-02,['https://www.strato.de']
4.26,1,0,0,0,1,3,39.33,3.09,0.0,0.67,0,0,0,0,0.16,15,0.0,0,0,0,0,0,0,0,0,0,0,2,2,2,0,0,2,0,ukrainianborder.com,com,https://www.ukrainianborder.com,200,0,False,200,False,False,False,False,True,False,55,0,0,0,0,2022-03-02,"['https://buy.stripe.com/cN2g1Q0trcMq9zidQQ', 'https://www.facebook.com/jakeknotts', 'https://www.instagram.com/jakefrommidstate']"
3.66,1,0,0,0,1,1,52.0,0.0,0.0,0.0,0,0,1,0,0.08,15,0.0,0,0,0,0,0,0,0,0,0,0,2,2,2,0,2,2,1,ukrainianburger.pl,pl,https://www.ukrainianburger.pl,200,0,False,200,False,False,False,False,True,False,75,0,0,0,0,2022-05-04,['https://www.aftermarket.pl/?utm_source=parking_click']
143.23,1,1,0,0,39,6,57.67,27.73,0.0,0.0,0,0,0,0,0.16,17,0.0,0,0,0,0,0,0,0,0,0,0,0,0,0,0,0,0,1,ukrainiancamgirls.com,com,https://www.ukrainiancamgirls.com,200,0,False,403,False,False,False,False,True,True,75,0,0,0,0,2022-02-26,"['http://www.google.com', 'https://www.mozilla.org/firefox', 'https://support.apple.com/downloads/safari', 'https://support.chaturbate.com/hc/en-us/requests/new?ticket_form_id=5912786461332', 'https://www.rtalabel.org/?content=validate&rating=RTA-5042-1996-1400-1577-RTA&ref=chaturbate.com', 'https://www.asacp.org/?content=validate&ql=329884767938eafe299e303fac732bdf']"
78.4,1,0,0,0,84,1,170.0,0.0,0.0,0.0,0,0,0,0,0.16,13,0.0,0,0,0,0,0,0,0,0,1,0,2,2,2,0,0,2,1,ukrainiancams.com,com,https://www.ukrainiancams.com,200,0,False,200,False,False,False,False,True,True,75,0,0,0,0,2022-03-16,['https://go.xlirdr.com/api/goToTheRoom?sourceId=banner&userId=ea750430f74817484b8f991bc42967e0aa02a171aa5402e3e0896d0199ad264b&action=signUpModalDirectLinkInteractiveClose']
143.37,1,1,0,0,39,6,57.67,27.73,0.0,0.0,0,0,0,0,0.16,17,0.0,0,0,0,0,0,0,0,0,0,1,0,0,0,0,0,0,0,ukrainiancamsplus.com,com,https://www.ukrainiancamsplus.com,200,0,False,403,False,False,False,False,True,True,55,0,0,0,0,2022-04-04,"['http://www.google.com', 'https://www.mozilla.org/firefox', 'https://support.apple.com/downloads/safari', 'https://support.chaturbate.com/hc/en-us/requests/new?ticket_form_id=5912786461332', 'https://www.rtalabel.org/?content=validate&rating=RTA-5042-1996-1400-1577-RTA&ref=chaturbate.com', 'https://www.asacp.org/?content=validate&ql=329884767938eafe299e303fac732bdf']"
123.61,1,0,1,1,19,4,47.5,5.72,0.0,0.5,0,1,0,0,0.05,13,0.0,0,0,0,0,1,0,0,0,0,0,0,0,0,0,2,0,0,ukrainiancare.org,org,https://www.ukrainiancare.org,200,0,False,200,False,False,False,False,False,False,0,0,0,0,0,2022-03-10,"['http://paypal.com/us/fundraiser/charity/4525964', 'http://every.org/ukrainian-care-inc#donate-crypto', 'https://www.facebook.com/Ukrainian-Care-109455321742146', 'https://www.instagram.com/ukrainiancare']"
1249.87,0,0,0,0,1,4,35.5,8.02,0.0,0.75,0,0,0,0,0.16,17,0.0,0,0,1,0,1,0,0,0,0,0,0,0,0,0,0,0,0,ukrainiancarefund.com,com,https://www.ukrainiancarefund.com,200,1,False,200,False,False,False,False,True,False,25,0,0,0,0,2022-03-02,"['https://www.uacare.org', 'http://www.facebook.com/UkrainianCareFund', 'https://www.twitter.com/UkrainianCare', 'https://www.instagram.com/Ukraniancarefund']"
1249.87,0,0,0,0,1,4,35.5,8.02,0.0,0.75,0,0,0,0,0.05,17,0.0,0,0,1,0,1,0,0,0,0,0,0,0,0,0,0,0,0,ukrainiancarefund.org,org,https://www.ukrainiancarefund.org,200,1,False,200,False,False,False,False,True,False,25,0,0,0,0,2022-03-02,"['https://www.uacare.org', 'http://www.facebook.com/UkrainianCareFund', 'https://www.twitter.com/UkrainianCare', 'https://www.instagram.com/Ukraniancarefund']"
0.07,1,0,0,0,4,2,42.5,0.5,0.0,1.0,0,0,0,1,0.16,15,0.0,1,0,0,0,0,0,0,0,1,0,2,2,2,0,2,2,0,ukrainian-center.com.pl,com.pl,https://www.ukrainian-center.com.pl,200,1,False,200,False,False,False,False,False,False,35,0,0,0,0,2022-06-15,"['https://www.facebook.com/UkrainianCenterPl', 'https://www.instagram.com/ukrainiancenterpl']"
89.39,1,0,0,0,4,2,28.0,2.0,0.0,0.0,0,0,0,0,0.16,24,0.0,0,0,1,0,0,0,0,0,1,0,0,0,0,0,2,0,0,ukrainianchildrelieffund.com,com,https://www.ukrainianchildrelieffund.com,-1,0,False,200,False,False,False,False,False,False,77,0,0,0,0,2022-07-15,"['https://square.link/u/kJ9ngbhJ', 'https://www.abubunamay.com']"
0.11,1,0,0,0,1,0,0.0,0.0,0.0,0.0,0,0,0,0,0.16,15,0.0,0,0,0,0,0,0,0,0,0,1,1,1,1,1,1,1,1,ukrainiancoffee.com,com,https://www.ukrainiancoffee.com,-1,0,False,200,True,False,False,False,True,False,99,0,0,0,0,2022-03-15,[]
0.03,1,0,0,0,1,0,0.0,0.0,0.0,0.0,0,0,0,1,0.05,23,0.0,0,0,0,0,0,0,0,0,1,0,1,1,1,1,1,1,1,ukrainiancommunitymalta.org.mt,org.mt,https://www.ukrainiancommunitymalta.org.mt,200,0,False,200,True,False,False,False,True,False,85,0,0,0,0,2022-04-28,[]
45.81,1,0,0,0,7,0,0.0,0.0,0.0,0.0,0,0,0,0,0.55,17,0.0,0,0,0,0,0,0,0,0,0,0,0,0,0,0,1,0,0,ukrainianconflict.info,info,https://www.ukrainianconflict.info,200,0,False,200,False,False,False,False,False,False,40,0,0,0,0,2022-03-05,[]
36.12,1,0,0,0,2,2,71.5,30.5,0.0,0.0,0,0,1,0,0.33,16,0.0,0,0,0,0,0,0,0,0,1,0,2,2,2,0,0,2,1,ukrainiancuisine.biz,biz,https://www.ukrainiancuisine.biz,-1,0,False,200,False,False,False,False,True,False,88,0,0,0,0,2022-06-20,"['https://dan.com/?utm_campaign=Parking&utm_medium=parking&utm_source=.biz&utm_term=ukrainiancuisine.biz', 'https://www.trustpilot.com/review/dan.com']"
23.92,1,0,0,0,1,2,28.5,6.5,0.5,0.0,1,0,0,0,0.16,18,0.0,0,0,0,0,0,0,0,0,0,0,2,2,2,0,2,2,0,ukrainiandemocracy.com,com,https://www.ukrainiandemocracy.com,200,0,False,200,True,False,False,False,True,False,40,0,0,0,0,2022-03-01,"['https://forms.gle/PoBZxFWg99Vg4aj97', 'https://fightforua.org']"
40.97,1,0,0,0,2,0,0.0,0.0,0.0,0.0,0,0,0,0,0.01,17,0.0,0,0,0,0,0,0,0,0,0,0,0,0,0,0,1,0,0,ukrainiandiamonds.company,company,https://www.ukrainiandiamonds.company,200,0,False,200,False,False,False,False,False,False,0,0,0,0,0,2022-07-13,[]
3.19,1,0,0,0,1,0,0.0,0.0,0.0,0.0,0,0,0,0,0.02,15,0.0,0,0,0,0,0,0,0,0,1,0,1,1,1,1,1,1,1,ukrainiandoctor.ca,ca,https://www.ukrainiandoctor.ca,200,0,False,200,True,False,False,False,True,False,77,0,0,0,0,2022-05-21,[]
430.17,0,0,0,1,9,2,77.5,21.5,0.0,0.0,0,0,1,0,2.63,14,0.0,0,0,0,0,0,0,0,0,0,0,0,0,0,0,0,0,0,ukrainiandream.live,live,https://www.ukrainiandream.live,200,0,False,200,False,False,False,False,False,False,0,0,0,0,0,2022-06-01,"['https://miot.ua/kollektsionnaya-model-metal-time-ukrainian-dream-official-se-mt001se-3031487/p44014', 'https://hobbadd.com/products/puzzle-cube-ukrainian-dream']"
183.19,1,1,0,0,14,5,79.6,49.95,0.0,0.4,0,0,0,0,0.05,16,0.0,0,0,0,0,0,0,0,0,1,0,0,0,0,0,0,0,0,ukrainianefforts.org,org,https://www.ukrainianefforts.org,200,1,False,200,False,False,False,False,False,False,0,0,0,0,0,2022-03-27,"['https://www.zeffy.com/en-US/donation-form/f5701817-1760-4746-b8ea-0f99d51ac2c5?fbclid=IwAR2UBlJW2oTphopaqZ0pR6W67qU1uBWKUj3cHUy0vZrjQuVYbx_ChDGHQ2o', 'https://www.amazon.com/hz/wishlist/ls/1BJXWSJMJFARI?ref_=wl_share&fbclid=IwAR2t5scn1ob9XxpWjdHD-U-KPviFI1bPRp2OFCh-xEoD8Clfm0hl3kAXs8E', 'https://policies.google.com/privacy', 'https://www.facebook.com/103425222316590', 'https://www.instagram.com/UkrainianEfforts']"
8.12,1,0,0,0,7,0,0.0,0.0,0.0,0.0,0,0,0,0,0.0,16,0.0,0,0,0,0,0,0,0,0,0,0,1,2,1,1,1,1,0,ukrainianembassy.no,no,https://www.ukrainianembassy.no,200,0,False,200,False,False,False,False,True,False,55,0,0,0,0,2022-03-11,[]
666.92,1,0,0,0,5,3,32.67,8.73,0.0,0.67,0,0,0,0,0.16,20,0.0,0,0,0,0,0,1,0,0,1,0,0,0,0,0,0,0,0,ukrainianfarmersonly.com,com,https://www.ukrainianfarmersonly.com,200,0,False,200,False,False,False,False,True,False,55,0,0,0,0,2022-03-25,"['http://www.facebook.com/wix', 'http://www.twitter.com/wix', 'https://plus.google.com/117167403531518744294']"
70.68,1,0,0,0,4,0,0.0,0.0,0.0,0.0,0,0,0,0,0.05,28,0.0,0,0,0,0,0,0,0,0,1,0,0,0,0,0,0,0,0,ukrainianfederationofchicago.org,org,https://www.ukrainianfederationofchicago.org,200,0,False,200,False,False,False,False,False,False,0,0,0,0,0,2022-06-30,[]
0.11,1,0,0,0,1,0,0.0,0.0,0.0,0.0,0,0,1,0,0.29,21,0.0,0,0,0,0,0,1,0,0,1,1,1,1,1,1,1,1,1,ukrainianfightersfree.us,us,https://www.ukrainianfightersfree.us,200,1,False,200,True,False,False,False,True,False,90,0,0,0,0,2022-03-07,[]
46.22,1,0,0,0,25,3,47.33,20.27,0.33,0.67,1,0,0,0,0.16,19,0.0,1,0,0,0,0,0,0,0,0,0,2,2,2,0,2,2,0,ukrainian-filmmakers.com,com,https://www.ukrainian-filmmakers.com,-1,0,False,200,False,False,False,False,False,False,0,0,0,0,0,2022-05-26,"['https://twitter.com/ua_filmmakers', 'https://t.me/ukrainian_filmmakers', 'https://docs.google.com/forms/d/1IVM22iD5Yd6IItvjctNHZhiKcfsMybjXA6gmDzpxHK8']"
49.15,1,0,0,0,2,2,28.0,13.0,0.0,0.0,0,0,0,0,0.16,14,0.0,0,0,0,0,0,0,0,0,1,1,0,0,0,0,2,0,1,ukrainianflags.com,com,https://www.ukrainianflags.com,-1,0,False,200,True,False,False,False,True,False,99,0,0,0,0,2022-02-28,"['https://dan.com', 'https://www.trustpilot.com/review/dan.com']"
0.72,1,0,0,0,2,0,0.0,0.0,0.0,0.0,0,0,0,0,0.01,13,0.0,0,0,0,0,1,0,0,0,0,0,1,1,1,1,1,1,1,ukrainianfood.nl,nl,https://www.ukrainianfood.nl,200,0,False,200,False,False,False,False,True,False,75,0,0,0,0,2022-04-01,[]
11.12,1,0,0,0,1,1,56.0,0.0,0.0,1.0,0,0,0,0,0.01,13,0.0,1,0,0,0,1,0,0,0,1,0,2,2,2,0,2,2,1,ukrainian-food.nl,nl,https://www.ukrainian-food.nl,200,0,False,200,False,False,False,False,True,False,78,0,0,0,0,2022-05-19,['https://www.youtube.com/channel/UCDz_K6T1ZRe5knpDD4TprFw']
68.82,1,0,0,0,8,4,25.75,3.11,0.0,0.0,0,0,0,0,0.16,17,0.0,1,0,0,0,0,0,0,0,1,0,0,0,0,0,0,0,0,ukrainian-football.com,com,https://www.ukrainian-football.com,200,0,False,200,False,False,False,False,True,False,55,0,0,0,0,2022-03-04,"['https://www.hellomicki.co', 'https://www.ligaargosfutsal.com', 'https://www.kfrenova.com', 'https://www.seoprix.com']"
2.17,0,0,0,0,1,8,70.62,40.07,0.0,0.0,0,0,0,0,0.16,19,0.0,0,0,0,0,0,0,0,0,1,0,2,2,2,0,0,2,0,ukrainianfoundation.com,com,https://www.ukrainianfoundation.com,200,0,False,200,False,False,False,False,False,False,0,0,0,0,0,2022-02-28,"['http://scigod.org', 'https://quod.lib.umich.edu/l/lincoln/lincoln8/1:206?rgn=div1;view=fulltext', 'https://www.today.com/news/news/5-verified-charities-working-help-ukrainians-invasion-rcna17590', 'https://www.globalgiving.org/projects/ukraine-crisis-relief-fund', 'https://help.rescue.org/donate/ukraine-acq?ms=ws_resq_top_nav_btn_fy22_ukraine_mmus_feb_n6568&initialms=ws_resq_top_nav_btn_fy22_ukraine_mmus_feb_n6568', 'https://support.savethechildren.org/site/Donation2?df_id=5751&mfc_pref=T&5751.donation=form1', 'https://www.icrc.org/en/donate/ukraine', 'https://razomforukraine.org/donate']"
2.17,0,0,0,0,1,8,70.62,40.07,0.0,0.0,0,0,0,0,0.05,19,0.0,0,0,0,0,0,0,0,0,0,0,2,2,2,0,0,2,0,ukrainianfoundation.org,org,https://www.ukrainianfoundation.org,200,0,False,200,False,False,False,False,False,False,0,0,0,0,0,2022-02-28,"['http://scigod.org', 'https://quod.lib.umich.edu/l/lincoln/lincoln8/1:206?rgn=div1;view=fulltext', 'https://www.today.com/news/news/5-verified-charities-working-help-ukrainians-invasion-rcna17590', 'https://www.globalgiving.org/projects/ukraine-crisis-relief-fund', 'https://help.rescue.org/donate/ukraine-acq?ms=ws_resq_top_nav_btn_fy22_ukraine_mmus_feb_n6568&initialms=ws_resq_top_nav_btn_fy22_ukraine_mmus_feb_n6568', 'https://support.savethechildren.org/site/Donation2?df_id=5751&mfc_pref=T&5751.donation=form1', 'https://www.icrc.org/en/donate/ukraine', 'https://razomforukraine.org/donate']"
121.68,1,0,0,0,2,4,42.25,7.53,0.25,1.0,0,0,0,0,0.16,20,0.0,0,0,0,0,0,1,0,0,0,1,0,0,0,0,2,0,0,ukrainianfreedomnews.com,com,https://www.ukrainianfreedomnews.com,200,0,False,200,False,False,False,False,True,False,55,0,0,0,0,2022-04-14,"['https://www.youtube.com/user/JPLND2005', 'https://t.me/ukrainianfreedomnews', 'https://m.facebook.com/profile.php?id=5601603', 'https://instagram.com/jplindsley?utm_medium=copy_link']"
0.11,1,0,0,0,1,0,0.0,0.0,0.0,0.0,0,0,0,0,0.16,19,0.0,0,0,1,0,0,0,0,0,0,0,1,1,1,1,1,1,0,ukrainianfundraiser.com,com,https://www.ukrainianfundraiser.com,-1,0,False,200,False,False,False,False,False,False,0,0,0,0,0,2022-03-20,[]
224.76,1,0,0,0,27,6,42.67,12.2,0.17,1.0,0,0,0,0,0.05,15,0.0,0,0,0,0,0,0,0,0,0,0,0,0,0,0,0,0,0,ukrainianfuture.org,org,https://www.ukrainianfuture.org,200,0,False,301,False,False,False,False,False,False,0,0,0,0,0,2022-03-19,"['https://www.facebook.com/UkrainianFutureDe', 'https://www.instagram.com/ukrainianfuture', 'https://www.linkedin.com/company/ukrainian-future-hilfe-e-v', 'https://www.youtube.com/channel/UC48cEFHaXyVOHKp64JL_Dgg', 'https://t.me/standwithu', 'https://twitter.com/ukrainianfuture']"
170.47,1,0,0,0,6,0,0.0,0.0,0.0,0.0,0,0,0,0,0.05,19,0.0,0,0,0,0,0,0,0,0,1,0,0,0,0,0,0,0,0,ukrainiangallerists.org,org,https://www.ukrainiangallerists.org,200,0,False,200,False,False,False,False,False,False,0,0,0,0,0,2022-03-25,[]
1.07,1,0,0,0,1,0,0.0,0.0,0.0,0.0,0,0,0,0,0.16,14,0.0,0,0,0,0,0,0,0,0,1,0,1,1,1,1,1,1,1,ukrainiangirls.com,com,https://www.ukrainiangirls.com,200,1,False,200,False,False,False,False,True,False,75,0,0,0,0,2022-05-15,[]
236.46,1,0,0,0,4,0,0.0,0.0,0.0,0.0,0,0,0,0,0.05,14,0.0,0,0,0,0,0,0,0,0,1,0,0,0,0,0,0,0,0,ukrainianglory.org,org,https://www.ukrainianglory.org,200,0,False,200,False,False,False,False,False,False,0,0,0,0,0,2022-03-05,[]
453.39,1,0,0,1,25,3,58.67,20.81,0.0,0.33,0,0,1,0,0.26,14,0.0,0,0,0,0,0,0,0,0,1,0,0,0,0,0,0,0,0,ukrainiangoods.shop,shop,https://www.ukrainiangoods.shop,200,0,False,200,False,False,False,False,False,False,40,0,0,0,0,2022-05-31,"['https://www.pinterest.co.uk/ukrainiangoods', 'https://www.instagram.com/ukrainian_goods_shop', 'https://www.shopify.com?utm_campaign=poweredby&utm_medium=shopify&utm_source=onlinestore']"
675.34,1,0,0,0,2,2,34.5,12.5,0.0,0.5,0,0,0,0,0.05,23,0.0,0,0,0,0,0,0,0,0,0,0,0,0,0,0,0,0,0,ukrainianguardianangels.org,org,https://www.ukrainianguardianangels.org,-1,0,False,200,False,False,False,False,False,False,0,0,0,0,0,2022-04-16,"['https://www.facebook.com/groups/500314081535622', 'https://4refugees.info']"
114.14,1,0,0,1,32,0,0.0,0.0,0.0,0.0,0,0,0,0,0.01,15,0.0,1,0,0,0,0,0,0,0,0,0,0,0,0,0,0,0,0,ukrainian-guests.at,at,https://www.ukrainian-guests.at,200,0,False,200,False,False,False,False,False,False,0,0,0,0,0,2022-03-16,[]
249.43,1,0,0,0,22,3,48.0,5.89,0.0,1.0,0,0,0,0,0.05,20,0.0,0,0,1,0,0,0,0,0,0,0,0,0,0,0,0,0,0,ukrainianhabitatfund.org,org,https://www.ukrainianhabitatfund.org,200,0,False,200,False,False,False,False,False,False,0,0,0,0,0,2022-05-12,"['https://www.instagram.com/ukrainianhabitatfund', 'https://www.facebook.com/UnitedHabitatFund', 'https://www.youtube.com/channel/UC0jF3hlvNFJ5_Ef9igNL01w']"
61.87,1,0,0,0,8,3,40.33,8.73,0.0,0.67,0,0,0,0,0.05,13,0.0,0,0,0,0,0,0,0,0,1,0,0,0,0,0,0,0,0,ukrainianhata.org,org,https://www.ukrainianhata.org,200,0,False,200,False,False,False,False,False,False,0,0,0,0,0,2022-06-06,"['https://ukraineappeal.org.uk', 'https://www.facebook.com/groups/847247683347678', 'https://www.linkedin.com/company/ukraineappeal']"
0.11,1,0,0,0,1,0,0.0,0.0,0.0,0.0,0,0,0,0,0.05,13,0.0,0,0,0,1,0,0,0,0,1,1,1,1,1,1,1,1,1,ukrainianhelp.org,org,https://www.ukrainianhelp.org,200,1,False,200,True,False,False,False,True,False,90,0,0,0,0,2022-03-08,[]
64.76,0,0,0,0,1,2,61.5,38.5,0.0,0.0,0,0,1,0,0.01,14,0.0,1,0,0,0,0,0,0,0,1,0,2,2,2,0,0,2,0,ukrainian-house.de,de,https://www.ukrainian-house.de,-1,0,False,200,False,False,False,False,False,False,0,0,0,0,0,2022-03-30,"['https://ukraine-haus.de', 'https://ib-berlin.de/unsere-angebote/fluechtlingshilfe-migrationssozialarbeit-jugendmigrationsdienst']"
111.79,1,0,0,0,9,2,43.0,3.0,0.0,1.0,0,0,0,0,0.05,14,0.0,1,0,0,0,0,0,0,0,0,0,0,0,0,0,0,0,0,ukrainian-house.org,org,https://www.ukrainian-house.org,200,0,False,200,False,False,False,False,False,False,0,0,0,0,0,2022-03-30,"['https://www.facebook.com/ukrainianaid.gr', 'https://www.instagram.com/ua_aid_center_greece']"
1472.3,1,0,0,0,6,23,30.96,9.48,0.0,0.17,0,0,1,0,0.06,12,0.0,0,0,0,0,0,0,0,0,1,0,0,0,0,0,0,0,0,ukrainianhub.eu,eu,https://www.ukrainianhub.eu,200,0,False,200,False,False,False,False,True,False,55,0,0,0,0,2022-03-29,"['https://www.kbs-frb.be/en', 'https://www.kolo-fund.org/en', 'https://hollandhousebrussels.eu', 'https://www.europarl.europa.eu/portal/en', 'https://www.kas.de', 'https://www.accentjobs.be/nl', 'https://thenine.be/en', 'https://www.microsoft.com/fr-be', 'https://www.partenamut.be/fr', 'https://about.meta.com', 'https://www.facebook.com/UAWomenInBE', 'https://www.luxbxl.com', 'https://www.circular.brussels', 'http://pga.org.ua/en', 'https://instingov.org/en/about-us', 'https://defenddemocracy.eu', 'https://jobsforukraine.be', 'https://www.ukrainianbusiness.eu', 'https://ukraineneedsyou.eu', 'https://www.promoteukraine.org/category/podcast', 'https://www.instagram.com/promoteukraine', 'https://www.youtube.com/channel/UCvmFso4BkuAVvkumv8IZu6A', 'https://www.linkedin.com/company/promote-ukraine']"
81.23,0,0,0,0,1,2,69.0,39.0,0.0,0.0,0,0,0,0,0.01,18,0.0,2,0,0,0,0,0,0,0,0,0,2,2,2,0,0,2,0,ukrainian-in-denmark.dk,dk,https://www.ukrainian-in-denmark.dk,200,0,False,200,False,False,False,False,False,False,0,0,0,0,0,2022-04-08,"['https://velkommentildanmark.dk', 'https://www.integrationsviden.dk/nyankomne/modtagelse-af-fn-kvoteflygtninge/modtagelse-af-fn-kvoteflygtninge']"
0.31,1,0,0,0,1,0,0.0,0.0,0.0,0.0,0,0,0,0,0.16,17,0.0,0,0,0,0,0,0,0,0,1,0,1,1,1,1,1,1,1,ukrainianinpoland.com,com,https://www.ukrainianinpoland.com,200,1,False,200,False,False,False,False,True,False,88,0,0,0,0,2022-03-13,[]
235.21,1,0,0,0,52,4,41.5,5.89,0.25,0.75,0,0,1,0,0.08,17,0.0,0,0,0,0,0,0,0,0,1,0,0,0,0,0,0,0,0,ukrainianinpoland.pl,pl,https://www.ukrainianinpoland.pl,200,0,False,200,False,False,False,False,False,False,0,0,0,0,0,2022-03-14,"['https://www.facebook.com/ukrainianinpolandpl', 'https://www.instagram.com/ukrainian_in_poland_pl', 'https://t.me/ukrainianinpolandpl', 'https://forecast7.com/pl/52d2321d01/warsaw']"
113.49,1,0,0,0,14,8,36.25,12.75,0.0,0.5,0,0,0,0,0.02,11,0.0,1,0,0,0,0,0,0,0,1,0,0,0,0,0,0,0,0,ukrainian-it.family,family,https://www.ukrainian-it.family,200,0,False,200,False,False,False,False,False,False,40,0,0,0,0,2022-03-20,"['https://www.youtube.com', 'https://www.instagram.com/ukrainian_it_family', 'https://www.facebook.com/ukrainian.it.family', 'https://www.linkedin.com/company/ukrainian-it-family', 'https://github.com/Ukrainian-IT-Family', 'https://www.upwork.com', 'https://jobs.dou.ua/companies/ukrainian-it-family', 'https://clutch.co']"
113.49,0,0,0,0,14,8,36.25,12.75,0.0,0.5,0,0,0,0,0.16,17,0.0,2,0,0,0,0,0,0,0,0,0,0,0,0,0,0,0,0,ukrainian-it-family.com,com,https://www.ukrainian-it-family.com,200,0,False,200,False,False,False,False,False,False,40,0,0,0,0,2022-03-20,"['https://www.youtube.com', 'https://www.instagram.com/ukrainian_it_family', 'https://www.facebook.com/ukrainian.it.family', 'https://www.linkedin.com/company/ukrainian-it-family', 'https://github.com/Ukrainian-IT-Family', 'https://www.upwork.com', 'https://jobs.dou.ua/companies/ukrainian-it-family', 'https://clutch.co']"
263.99,1,0,0,0,11,7,108.29,65.68,0.0,0.43,0,0,0,0,0.16,11,0.0,0,0,0,0,0,0,0,0,0,0,0,0,0,0,0,0,0,ukrainianjc.com,com,https://www.ukrainianjc.com,200,0,False,200,False,False,False,False,False,False,0,0,0,0,0,2022-03-26,"['https://www.instagram.com/ukrainian.jersey.city', 'https://www.facebook.com/UkrainianJC', 'https://www.linkedin.com/company/ukrainian-jersey-city', 'https://secure.squarespace.com/checkout/donate?donatePageId=624f079f5601970bf7fa3134&ss_cvr=f1d8e106-57ef-425b-9537-15487c7ceeea%7C1649364051048%7C1668833016832%7C1668873709533%7C36&ss_cvt=1668873709533&websiteId=624da6b853e3206d92718ef4', 'https://www.northjersey.com/story/news/2022/08/27/jersey-city-nj-ukraine-orphans-liberty-state-park-charity-race/65458262007', 'https://hudsoncountyview.com/ukrainian-jc-hosts-forum-to-discuss-russian-invasion-fundraising-for-medical-supplies', 'https://www.tapinto.net/towns/jersey-city/sections/community-announcements/articles/far-from-home-jersey-city-residents-gather-to-standwithukraine']"
38.42,0,0,0,0,1,1,24.0,0.0,1.0,0.0,0,0,0,1,0.12,19,0.0,1,0,0,0,0,0,0,0,0,0,0,2,2,0,2,2,0,ukrainian-jobseekers.co.uk,co.uk,https://www.ukrainian-jobseekers.co.uk,200,0,False,200,False,False,False,False,True,False,55,0,0,0,0,2022-03-19,['http://eepurl.com/hXv8KT']
56.05,1,0,0,0,4,1,21.0,0.0,0.0,0.0,0,0,0,0,0.02,20,0.0,0,0,0,0,0,0,0,0,1,0,0,0,0,0,0,0,0,ukrainianlandscaping.ca,ca,https://www.ukrainianlandscaping.ca,200,0,False,200,False,False,False,False,False,False,40,0,0,0,0,2022-07-19,['https://wordpress.org']
535.96,0,0,0,0,7,11,25.27,5.05,0.0,0.09,0,0,0,0,0.16,15,0.0,0,0,0,0,0,0,0,0,1,0,0,0,0,0,0,0,0,ukrainianlegion.com,com,https://www.ukrainianlegion.com,200,1,False,200,False,False,False,False,False,False,0,0,0,0,0,2022-03-03,"['https://gur.gov.ua/en.html', 'https://www.zsu.gov.ua/en', 'http://ngu.gov.ua/en', 'https://www.mil.gov.ua/en', 'https://ssu.gov.ua', 'https://szru.gov.ua/en', 'https://www.facebook.com/mvs.gov.ua', 'https://mfa.gov.ua/en', 'https://novaukraine.org/volunteer', 'https://voices.org.ua/en', 'https://protect-ukraine.today']"
202.73,1,0,0,0,13,7,91.14,64.09,0.14,0.57,0,0,0,0,0.05,14,0.0,0,0,0,0,0,0,0,0,1,0,0,0,0,0,0,0,1,ukrainianlives.org,org,https://www.ukrainianlives.org,200,0,False,200,False,False,False,False,True,False,82,0,0,0,0,2022-05-01,"['https://www.facebook.com/permalink.php?story_fbid=4680510185377390&id=822986187796495', 'https://instagram.com/ukrainianlives?igshid=YmMyMTA2M2Y=', 'https://www.telecinco.es/ya-son-las-ocho/valentina-periodista-ucraniana-mensaje-hermano_18_3288874603.html?amp=true', 'https://www.larazon.es/internacional/20220824/du6yreaa2nd7llgbeutmlc5jbi.html', 'https://www.youtube.com/watch?v=6hFrFGYL9f0', 'https://youtu.be/OVfFnKVBLSM', 'https://www.capitalnoroeste.es/actualidad/la-presidenta-de-la-comunidad-de-madrid-isabel-diaz-ayuso-se-reune-con-el-ministro-de-negocios-de-la-embajada-ucraniana-dmytro-matiuschenko-y-la-presidenta-de-help-ukraine-valentina-monozova-v']"
142.05,1,1,0,0,24,4,39.25,9.83,0.0,0.5,0,0,0,0,0.16,13,0.0,0,0,0,0,0,0,0,0,1,1,0,0,0,0,0,0,0,ukrainianlulu.com,com,https://www.ukrainianlulu.com,200,0,False,200,False,False,False,False,False,False,0,0,0,0,0,2022-03-17,"['http://www.enable-javascript.com', 'https://www.artstorefronts.com', 'https://www.facebook.com/Ukrainian-LULU-243188309362040', 'https://www.instagram.com/Ukrainian_lulu']"
492.16,1,0,0,0,13,1,63.0,0.0,0.0,0.0,0,0,0,1,0.12,24,0.0,2,0,0,0,0,0,0,0,0,0,0,0,0,0,0,0,1,ukrainian-medical-services.co.uk,co.uk,https://www.ukrainian-medical-services.co.uk,403,0,False,200,False,False,False,False,True,False,88,0,0,0,0,2022-06-08,['http://www.nicdarkthemes.com/themes/donation/wp/demo/healthcare']
36.05,1,0,0,0,13,1,53.0,0.0,0.0,0.0,0,0,0,0,0.16,17,0.0,0,0,0,0,1,0,0,0,0,0,2,2,2,0,2,2,0,ukrainianmedicare.com,com,https://www.ukrainianmedicare.com,200,0,False,200,False,False,False,False,False,False,0,0,0,0,0,2022-04-06,['https://myadvocatefinancial.com/contact-us-today.html']
168.57,1,0,0,0,9,4,72.75,39.21,0.0,0.5,0,0,0,0,0.05,16,0.0,0,0,0,0,0,0,0,0,0,0,0,0,0,0,0,0,0,ukrainianmission.org,org,https://www.ukrainianmission.org,200,0,False,200,False,False,False,False,False,False,0,0,0,0,0,2022-03-08,"['https://secure.lglforms.com/form_engine/s/7aBgV-ztPIlUtQXgqigmEw', 'https://www.facebook.com/101377829180737', 'https://www.instagram.com/ukrainianreliefmission', 'https://www.godaddy.com/websites/website-builder?isc=pwugc&utm_source=wsb&utm_medium=applications&utm_campaign=en-in_corp_applications_base']"
258.53,1,0,0,0,7,2,52.0,4.0,0.0,1.0,0,0,0,0,0.16,22,0.0,0,0,0,0,0,0,0,0,0,0,0,0,0,0,0,0,0,ukrainianmusicalliance.com,com,https://www.ukrainianmusicalliance.com,-1,0,False,200,False,False,False,False,False,False,0,0,0,0,0,2022-05-26,"['https://www.facebook.com/sophia.pavlenkochandley', 'https://www.youtube.com/channel/UCXBIUx7DOlZk_88rp47XJuQ']"
24.93,1,0,0,0,1,1,165.0,0.0,0.0,0.0,0,0,0,0,0.16,21,0.0,0,0,0,0,0,0,0,0,0,0,2,2,2,0,0,2,1,ukrainianonlinecasino.com,com,https://www.ukrainianonlinecasino.com,403,0,False,200,True,False,False,False,True,False,95,0,0,0,0,2022-04-22,['https://sedo.com/search/details/?partnerid=14460&language=us&domain=ukrainianonlinecasino.com&origin=parking&utm_medium=Parking&utm_campaign=template&utm_source=3141']
1.19,1,0,0,0,32,2,39.5,7.5,0.0,0.5,0,0,0,0,0.16,15,0.0,0,0,0,0,0,0,0,0,1,0,2,2,2,-1,0,2,0,ukrainianottawa.com,com,https://www.ukrainianottawa.com,-1,0,False,200,False,False,False,False,True,False,55,0,0,0,0,2022-04-29,"['https://www.facebook.com/groups/407879039741158', 'https://www.patreon.com/uaottawa']"
51.53,1,0,0,0,2,2,72.5,31.5,0.0,0.0,0,0,0,0,0.16,18,0.0,0,0,0,0,0,0,0,0,0,1,2,2,2,0,0,2,1,ukrainianpaintings.com,com,https://www.ukrainianpaintings.com,-1,0,False,200,True,False,False,False,True,False,99,0,0,0,0,2022-05-12,"['https://dan.com/?utm_campaign=Parking&utm_medium=parking&utm_source=.com&utm_term=ukrainianpaintings.com', 'https://www.trustpilot.com/review/dan.com']"
176.85,1,0,0,0,18,7,36.29,10.33,0.0,0.57,0,0,0,0,0.05,16,0.0,0,0,0,0,0,0,0,0,1,0,0,0,0,0,0,0,0,ukrainianpatriot.org,org,https://www.ukrainianpatriot.org,200,0,False,301,False,False,False,False,False,False,0,0,0,0,0,2022-03-15,"['https://square.link/u/m1d0tAwS', 'https://www.facebook.com/UkrainianPatriot.org', 'https://twitter.com/UkrPatriotOrg', 'https://instagram.com/ukrpatriotorg', 'https://www.linkedin.com/company/ukrainian-patriot', 'https://www.guidestar.org/Profile/88-2525221', 'https://veedoo.io']"
12.02,0,0,0,0,7,3,61.0,36.29,0.33,0.33,1,0,0,0,0.05,14,0.0,0,0,0,0,0,0,0,0,1,0,2,2,2,0,2,2,0,ukrainianpeace.org,org,https://www.ukrainianpeace.org,200,0,False,200,False,False,False,False,True,False,55,0,0,0,0,2022-03-29,"['https://www.facebook.com/groups/ukrainianpeace', 'https://gofund.me/aa34621f', 'https://docs.google.com/forms/d/e/1FAIpQLSeSaQHvVTba1GPhNy4zWme90UIIHPELCn2hrQJYvKfWAo4lwA/viewform?usp=sf_link']"
38.97,1,0,0,0,23,14,28.07,12.72,0.07,0.14,0,0,0,0,0.05,22,0.0,0,0,0,0,0,0,0,0,1,0,2,2,2,0,0,2,0,ukrainianphotographies.org,org,https://www.ukrainianphotographies.org,200,0,False,200,False,False,False,False,False,False,0,0,0,0,0,2022-04-05,"['https://openeye.org.uk', 'https://stills.org', 'https://www.redeye.org.uk', 'http://fotohof.net', 'https://moodley.com', 'https://www.centrala.art/en/home', 'https://www.89books.com/about-us', 'https://booksha.com/en', 'https://commercialtype.com', 'https://www.205.tf', 'https://hungarumlaut.com', 'https://www.instagram.com/ukrainian.photographies', 'https://www.facebook.com/Ukrainian-Photographies-112504998157603', 'http://eepurl.com/h1C-E5']"
66.29,1,0,0,0,3,4,70.5,40.0,0.0,0.75,0,0,0,0,0.16,22,0.0,0,0,0,0,0,0,0,0,1,0,2,2,2,0,0,2,0,ukrainianpoetryproject.com,com,https://www.ukrainianpoetryproject.com,200,0,False,200,False,False,False,False,False,False,0,0,0,0,0,2022-03-16,"['https://www.instagram.com/ukrainianpoetryproject', 'https://www.twitter.com/PoetryOfUkraine', 'https://www.youtube.com/channel/UCmmB5q9gDlsSIywBAHZGleQ', 'https://www.godaddy.com/websites/website-builder?isc=pwugc&utm_source=wsb&utm_medium=applications&utm_campaign=en-us_corp_applications_base']"
145.68,1,0,0,0,5,8,36.88,11.42,0.0,0.5,0,0,0,0,0.16,13,0.0,0,0,0,0,0,0,0,0,1,1,0,0,0,0,0,0,0,ukrainianpool.com,com,https://www.ukrainianpool.com,-1,0,False,200,False,False,False,False,True,False,55,0,0,0,0,2022-03-02,"['https://bahismarket219.info', 'https://www.facebook.com/?bahis', 'https://twitter.com/search?q=bahis', 'https://tr.pinterest.com/bahishobim/giriş-adresleri', 'https://www.instagram.com/bahis.market/?hl=tr', 'https://www.youtube.com/channel/UCPNQS-12-TYQXw_fiofUJnw', 'https://bahislove.tumblr.com', 'https://bahismarket.org']"
13.32,1,0,1,0,1,8,40.12,8.13,0.12,0.25,0,0,0,0,0.16,18,0.0,0,0,0,0,0,0,0,0,1,0,2,2,2,0,2,2,0,ukrainianpoststamp.com,com,https://www.ukrainianpoststamp.com,200,0,False,200,False,False,False,False,True,False,55,0,0,0,0,2022-04-27,"['https://discord.gg/Jmt7MbMFHJ', 'https://twitter.com/UkrPostStamp', 'https://instagram.com/ukrainian_post_stamp_nft', 'https://github.com/ukrainianpoststampnft', 'https://opensea.io/collection/ukrainian-post-stamp', 'https://rarible.com/ukrainian-post-stamp', 'https://en.wikipedia.org/wiki/Attack_on_Snake_Island', 'https://donate.thedigital.gov.ua']"
152.41,1,0,0,0,17,5,62.4,36.07,0.0,0.4,1,0,0,0,0.02,14,0.0,0,0,0,0,0,0,0,0,1,0,0,0,0,0,0,0,0,ukrainianpower.io,io,https://www.ukrainianpower.io,404,0,False,200,False,False,False,False,False,False,0,0,0,0,0,2022-06-19,"['https://www.instagram.com/ukrainianpower.io/?hl=en', 'https://www.linkedin.com/showcase/up-ukrainian-creative-power/posts/?feedView=all&viewAsMember=true', 'https://docs.google.com/forms/d/e/1FAIpQLSdF6LhupX2jVHJdBHb5l3vfUAkU84aoB3mVKZd443TFl1jgUQ/viewform?usp=sf_link', 'https://www.lazarev.agency', 'https://iamidea-agency.com']"
320.04,1,1,0,0,43,5,50.6,22.43,0.2,0.4,0,0,0,0,0.16,16,0.0,0,0,0,0,0,0,0,0,0,0,0,0,0,0,0,0,0,ukrainianpuzzles.com,com,https://www.ukrainianpuzzles.com,200,0,False,200,False,False,False,False,False,False,35,0,0,0,0,2022-04-05,"['https://www.instagram.com/ukrainian_puzzles/?hl=uk', 'https://www.facebook.com/Ukrainian-Puzzles-100280639359855', 'https://pin.it/160HoKV', 'https://policies.google.com/privacy', 'https://www.shopify.com?utm_campaign=poweredby&utm_medium=shopify&utm_source=onlinestore']"
247.58,1,1,0,1,67,3,33.67,8.01,0.0,0.33,0,0,0,1,0.12,20,0.0,0,0,0,1,0,0,0,0,1,0,0,0,0,0,0,0,0,ukrainianrefugeehelp.co.uk,co.uk,https://www.ukrainianrefugeehelp.co.uk,200,0,False,200,False,False,False,False,False,False,0,0,0,0,0,2022-06-09,"['https://www.facebook.com/UKrainianrefugeehelp', 'http://www.harropfund.org.uk', 'https://lifetoolsdigital.com']"
3.71,1,0,0,0,2,1,56.0,0.0,0.0,0.0,0,0,0,0,0.05,17,0.0,1,0,0,0,0,0,0,0,0,0,2,2,2,0,0,2,0,ukrainian-refugees.org,org,https://www.ukrainian-refugees.org,-1,0,False,200,False,False,False,False,True,False,55,0,0,0,0,2022-02-28,['https://github.com/esukram/ukrainian-refugees.org/issues']
23.04,1,0,0,0,5,1,32.0,0.0,0.0,0.0,0,0,0,0,0.16,19,0.0,1,0,0,0,0,0,0,0,0,0,2,2,2,0,0,2,0,ukrainian-renovation.com,com,https://www.ukrainian-renovation.com,-1,0,False,200,False,False,False,False,False,False,0,0,0,0,0,2022-03-28,['https://telegram.me/uarenovation']
72.36,1,0,0,0,38,1,25.0,0.0,0.0,0.0,0,0,0,0,0.19,22,0.0,2,0,0,0,1,0,0,0,0,0,0,0,0,0,2,0,1,ukrainian-resistance-art.in,in,https://www.ukrainian-resistance-art.in,200,0,False,200,False,False,False,False,True,False,78,0,0,0,0,2022-05-16,['https://www.kadencewp.com']
163.75,1,0,0,0,11,2,33.5,6.5,0.5,1.0,0,0,1,0,0.29,10,0.0,0,0,0,0,0,0,0,0,1,0,0,0,0,0,0,0,0,ukrainians.best,best,https://www.ukrainians.best,-1,0,False,200,False,False,False,False,False,False,40,0,0,0,0,2022-07-21,"['https://www.instagram.com/ukrainiansbest', 'https://t.me/ukrainiansfund']"
35.46,1,0,0,0,2,2,69.5,28.5,0.0,0.0,0,0,0,0,0.05,10,0.0,0,0,0,0,0,0,0,0,0,0,2,2,2,0,0,2,1,ukrainians.fans,fans,https://www.ukrainians.fans,-1,0,False,200,True,False,False,False,True,False,99,0,0,0,0,2022-04-22,"['https://dan.com/?utm_campaign=Parking&utm_medium=parking&utm_source=.fans&utm_term=ukrainians.fans', 'https://www.trustpilot.com/review/dan.com']"
4.46,1,0,0,0,1,0,0.0,0.0,0.0,0.0,0,0,0,0,0.01,10,0.0,0,0,0,0,0,0,0,0,0,0,1,1,1,1,1,1,0,ukrainians.gr,gr,https://www.ukrainians.gr,-1,0,False,200,False,False,False,False,False,False,35,0,0,0,0,2022-03-01,[]
58.24,1,0,0,0,3,4,29.5,11.67,0.0,0.75,0,0,0,0,0.02,10,0.0,0,0,0,0,0,0,0,0,1,0,0,0,0,0,0,0,0,ukrainians.hk,hk,https://www.ukrainians.hk,200,0,False,200,False,False,False,False,False,False,35,0,0,0,0,2022-03-28,"['http://ttt', 'https://www.facebook.com/ukrainians.hk', 'https://twitter.com/UkrainiansK', 'https://www.instagram.com/ukrainians.hk']"
109.79,1,0,0,1,66,7,40.86,15.45,0.14,0.57,0,0,0,1,0.05,10,0.0,0,0,0,0,0,0,0,0,0,0,0,0,0,0,0,0,0,ukrainians.org.au,org.au,https://www.ukrainians.org.au,200,0,False,200,False,False,False,False,False,False,0,0,0,0,0,2022-03-11,"['https://standwithukraine.good.do/aus-help-ukraine/email-mp-senators', 'https://www.facebook.com/groups/Ukrainians.sydney', 'https://t.me/ua_syd', 'https://www.ozeukes.com', 'https://extendthemes.com/go/built-with-mesmerize', 'https://www.instagram.com/ukrainians_in_sydney', 'https://twitter.com/aus_forukraine']"
2.37,1,0,0,0,1,0,0.0,0.0,0.0,0.0,0,0,0,0,0.03,10,0.0,0,0,0,0,0,0,0,0,0,1,1,1,1,1,1,1,1,ukrainians.tv,tv,https://www.ukrainians.tv,-1,0,False,200,True,False,False,False,True,False,95,0,0,0,0,2022-03-05,[]
1.18,1,0,0,0,1,0,0.0,0.0,0.0,0.0,0,0,0,0,0.03,10,0.0,0,0,0,0,0,0,0,0,0,0,1,1,1,1,1,1,1,ukrainians.uk,uk,https://www.ukrainians.uk,-1,0,False,403,False,False,False,False,True,False,75,0,0,0,0,2022-03-08,[]
1639.35,1,0,0,0,1,139,51.01,31.49,0.01,0.01,0,0,0,0,0.16,16,0.0,1,0,0,0,0,0,0,0,0,0,0,0,0,0,0,0,0,ukrainians-abroad.com,com,https://www.ukrainians-abroad.com,200,0,False,200,False,False,False,False,False,False,0,0,0,0,0,2022-03-31,"['http://www.job-impulse.com', 'https://wa.me/48503495644', 'https://msng.link/o/?48503495644=vi', 'https://www.ikk-suedwest.de/faq-gefluechtete-aus-der-ukraine', 'https://www.botschaft-konsulat.com/Konsulate/25503/Ukraine-in-Stuttgart', 'https://www.prettl.com/karriere/aktuelle-stellenangebote.html?no_cache=1', 'https://pas-net.biz/index.php?article_id=44&clang=0', 'https://www.liebherr.com/de/deu/karriere/karriere.html', 'https://www.trima.de/Unternehmen/Karriere.php', 'https://www.microtherm.de/de/kontakt.html', 'https://kurz-elektronik.de/jobs', 'https://it-impulse.net/en/open-roles', 'https://jobs.gu-dp.com', 'https://www.westwing.com/careers', 'https://www.endress-generator.com/unternehmen/karriere', 'https://pps-digitalprinting.com/karriere/stellenanzeigen', 'https://www.viessmann.family/en/career/job-search/job-search-results?currentPage=2', 'https://my-jupiter.de/pages/kontakt', 'https://www.gerdes-technik.de/de/karriere', 'https://www.wittker-wittmann.com/jobsuche', 'https://eeofe.org/de/jobboerse/aktuelle-jobangebote', 'https://www.possling.de/beruf-und-karriere.php', 'https://www.martin-metall.de/arbeiten-bei-martin-metallverarbeitung-gmbh', 'https://www.wdt.de/unternehmen/karriere/stellenangebote', 'https://www.fried.de/karriere', 'https://jobs.roedl.com/search', 'https://hugo-brennenstuhl-gmbh-co-kg.jobs.personio.de', 'https://career2.successfactors.eu/sfcareer/jobreqcareerpvt?jobId=14667&company=laborberlin&st=ED4DAB975A317F3AAD383B2387452B8D4477D7D3', 'https://karriere.bender.de/stellenangebote.html', 'https://www.lappcareer.com/stellenangebote.html?', 'https://www.cebesoft.com/jobs', 'https://www.ettlin.de/karriere/stellenangebote', 'https://roche.wd3.myworkdayjobs.com/de-DE/rog_conf/job/Mannheim/DE-UK-Internship-SAP-Sales--Distribution-and-Service---fixed-term--m-w-d-_202203-112337', 'https://schlossgarten-catering.de', 'http://www.sopinal.pt/contactos.html', 'https://k2-systems.com/de/unternehmen/karriere', 'https://www.derjobpartner.ch/Jobs/17691755131072209970', 'https://the-treeworker.de', 'https://jobs.fielmann.com/de', 'https://www.rgoebel.de/karriere/offene-stellen', 'https://www.naturinform.de/jobs-karriere', 'https://pp-sued.de/fuer-bewerber/jobangebote', 'https://waldeck-ingelheim.de', 'https://favorite-mainz.de/karriere', 'https://www.mpcservice.com/karriere', 'https://www.gemeindewerke-budenheim.de/aktuelles/stellenausschreibungen', 'https://rothenberger.com/de-de/stellenangebote-national', 'https://www.hotelcareer.de/jobs/hyatt-regency-mainz-1123?intcid=CompanyProfile_CompanyResultList_1123', 'https://www.schmid-anlagentechnik.de/jobs', 'https://www.jopp.com/career/vacant-positions', 'https://www.atigmbh.de/Jobs', 'https://jobs.doehler.com/go/Alle-Jobs/2713501/?q=&q2=&alertId=&locationsearch=&title=&location=&department=&date=', 'https://www.rheinassistenz.de/stellenangebote/reset', 'https://apollo-kino-cochem.de/mehr/jobs-stellenangebote', 'https://www.swe.de/stellenangebote', 'https://jobs.avl.com/search/?createNewAlert=false&q=&optionsFacetsDD_country=&optionsFacetsDD_customfield3=&optionsFacetsDD_customfield2=&optionsFacetsDD_customfield1=&optionsFacetsDD_facility=&optionsFacetsDD_customfield4=&optionsFacetsDD_dept=&locationsearch=hungary', 'https://www.impact-group.de', 'https://career.partseurope.eu/en/home', 'https://jobs.voith.com/search/?locale=de_DE', 'https://tecon-covercraft.de/karriere/offene-stellen', 'https://www.renner-kompressoren.de/unternehmen/stellenangebote', 'https://www.hermann-bilz.de/karriere/stellenmarkt', 'https://www.grete-rommel.de/stellenangebote', 'https://www.rsm.de/karriere', 'https://www.hausamweinberg.de/sites/default/files/Kollegen.pdf', 'https://www.apovid.de/karriere', 'https://www.plusgestalter.de', 'https://www.baerlocher.com/company/career', 'https://karriere.bofrost.de/karriere', 'https://pm-international.jacando.io/career', 'https://schumm-service.de/stiftung/karriere', 'https://schumm-pflege.de/aktuelles/karriere', 'https://www.schmitt-vellberg.de/de/karriere/offene-stellen', 'https://www.rohr.de/unternehmen/job-karriere/jobs-betonwerk-neu-ulm', 'https://greencells.com/careers', 'https://www.benning.de/unternehmen/karriere-jobs.html', 'https://karriere.euromaster.de', 'https://karriere.katek-group.de/stellenangebote', 'https://www.daldrop.com/doc/cms/front_content.php?idcat=107&lang=1', 'https://www.arbeitsagentur.de/jobsuche/jobdetail/10000-1187468812-S', 'https://www.ivicos.eu/en/jobs', 'https://www.vitrulan.com/karriere', 'https://www.claas.de/unternehmen/karriere/stellenangebote', 'https://www.ebe.de/de/karriere.html', 'https://www.heinrich-schmid.com/jobs', 'https://www.innomed.hu/nyitott-poziciok', 'https://career.ingenics.com/de', 'https://pt.indeed.com/job/motorista-de-pesados-mf-olival-gaia-c3a26fb2e0b43094 https://pt.indeed.com/job/motorista-de-pesados-mf-maia-41c70b93c5a747d5', 'https://www.bo-gruppe.de/karriere', 'https://agello.de/stellenanzeigen', 'https://cortility.de/karriere', 'https://www.vs.de/de/karriere', 'https://www.marquardt.com/karriere', 'https://www.nupis.de/de/karriere/stellenangebot/it-support-it-administrator', 'https://willibetz.com/?page_id=457', 'https://career.storopack.com/HPv3.Jobs/storopack/stellenangebote', 'https://www.kanzleimaier.de/team/jobs', 'https://www.facebook.com/deinezahnarztpraxis', 'https://www.cerona.de/stellenangebote', 'https://www.autohaus-krah-enders.de/stellenangebote-autohaus-krah-enders', 'https://www.intime-gmbh.de/aktuelle-stellenangebote', 'https://jobs.baeckerei-keim.de', 'https://jobs.winterhalter.com/de', 'https://karriere.berlinerluft.de/Female-Production-Employee-de-j631.html', 'https://www.heinzmann.com/de/karriere/offene-stellen', 'https://www.wuerth-industrie.com/web/de/karriere_jobboerse/jobboerse_wuerth_industrie_service/hr_portal/jobboerse.php', 'https://www.ibs-banking.com/de/unternehmen/karriere.html', 'https://www.paritaet-ka.de/%d0%bc%d0%b8-%d0%b4%d0%be%d0%bf%d0%be%d0%bc%d0%be%d0%b6%d0%b5%d0%bc%d0%be-%d0%b2%d0%b0%d0%bc-%d0%b7%d0%bd%d0%b0%d0%b9%d1%82%d0%b8-%d1%80%d0%be%d0%b1%d0%be%d1%82%d1%83', 'https://fierthbauer.de/index.php/unternehmen/karriere', 'https://www.randstad.de/jobs/k-0259', 'https://career.tst-logistics.com/job-list', 'https://www.spmsteuer.com/de/praegedruckmaschinen/karriere', 'https://eosphysio.de/#Jobs', 'https://www.aws-ft.de/karriere/stellenangebote.html', 'https://www.memmert.com/de/warum-memmert/unternehmen/karriere/absolventen-und-berufserfahrene', 'https://rieber.systems/de/stellenangebote', 'https://jobs.meleghyautomotive.de/jobs', 'https://www.comcard.de/karriere/stellenangebote.html', 'https://karriere.voehringer.com', 'https://www.works-kiefner.de/karriere', 'https://www.marposs.com/ger/careers-intro', 'https://karriere.volkswagen-otlg.de/jobboerse/Stellenangebote-m1.php', 'https://lebenshilfe-plauen.de/mitmachen-2/freie-stellen-2', 'https://karriere.vivantes.de/berufe/speiseversorgung', 'https://jobs.knauer.net/de', 'https://www.zeutschel.de/stellenangebote', 'https://www.fleurop-jobs.de', 'https://klimatherm.com/stellengesuche-aktuell', 'https://www.wurster-bau.de/karriere.html', 'https://www.elektrobau-coburg.de/unternehmen/elektro/jetzt-bewerben', 'https://www.trelleborg.com/en/career/vacancies?jobid=192253', 'https://recruitingapp-5258.de.umantis.com/Jobs/All?CompanyID=1|24|25|27&DesignID=10008&Reset=G', 'https://www.wittig-paulfranz.de/startseite.html', 'https://www.bug-gruppe.de/karriere', 'https://career.heinz-glas.com/stellenangebote', 'https://jobs.pinguindruck.de/jobs', 'https://www.vowalon.eu/karriere/stellenangebote', 'https://www.enders-konstruktion.de/karriere/stellenangebote', 'https://as-gruppe.com/karriere']"
74.86,1,0,0,1,34,4,35.5,4.39,0.0,0.5,0,0,0,1,0.16,18,0.0,0,0,0,1,0,0,0,0,1,0,0,2,2,0,2,2,0,ukrainiansadelaide.com.au,com.au,https://www.ukrainiansadelaide.com.au,200,0,False,301,False,False,False,False,False,False,0,0,0,0,0,2022-03-24,"['https://www.hopak.com.au/language2', 'https://www.instagram.com/ukrainiansinsa', 'https://www.facebook.com/UKRAINIANSinSA', 'http://www.argondesign.com.au']"
120.83,1,0,0,0,21,3,35.67,2.62,0.0,1.0,0,0,0,0,0.05,18,0.0,0,0,0,0,0,0,0,0,1,0,0,0,0,0,0,0,0,ukrainiansafehaven.org,org,https://www.ukrainiansafehaven.org,200,0,False,200,False,False,False,False,True,False,25,0,0,0,0,2022-03-03,"['https://www.facebook.com/UkraineHaven', 'https://www.instagram.com/ukrainehaven', 'https://twitter.com/UkraineHaven']"
1078.9,1,0,0,0,7,1,36.0,0.0,0.0,1.0,0,0,0,1,0.16,17,0.0,0,0,0,0,0,0,0,0,0,1,0,0,0,0,0,0,0,ukrainianschoolnp.com.au,com.au,https://www.ukrainianschoolnp.com.au,200,0,False,200,False,False,False,False,True,False,55,0,0,0,0,2022-03-25,['https://www.facebook.com/UkrSchoolNP']
31.51,1,0,0,0,15,3,53.67,33.67,0.0,0.0,0,0,0,0,0.16,16,0.0,0,0,0,0,0,0,0,0,0,0,2,2,2,0,0,2,0,ukrainiansexchat.com,com,https://www.ukrainiansexchat.com,200,0,False,200,False,False,False,False,False,True,0,0,0,0,0,2022-04-04,"['https://nextlivecams.com/girls/ukrainian', 'https://wordpress.org', 'https://thepixeltribe.com/downloads/wordpress-couture-theme-for-photographers-designers-illustrators']"
990.2,1,0,1,0,2,4,28.0,2.55,0.0,1.0,0,0,0,0,0.05,14,0.0,0,0,0,1,0,0,0,0,0,0,0,0,0,0,0,0,0,ukrainianshelp.org,org,https://www.ukrainianshelp.org,200,0,False,200,False,False,False,False,False,False,0,0,0,0,0,2022-03-08,"['https://www.facebook.com/wix', 'https://www.twitter.com/wix', 'https://www.youtube.com/user/Wix', 'https://instagram.com/wix']"
43.38,1,0,0,0,2,8,50.75,18.2,0.25,0.5,1,0,0,0,0.16,13,0.0,0,0,0,0,0,0,0,0,0,0,2,2,2,0,2,2,0,ukrainianship.com,com,https://www.ukrainianship.com,200,0,False,200,False,False,False,False,False,False,0,0,0,0,0,2022-04-18,"['https://www.facebook.com/profile.php?id=100079782681066', 'https://t.me/ukraine_ship', 'https://www.instagram.com/ukraineship/?igshid=YmMyMTA2M2Y=', 'https://www.linkedin.com/company/ukranianship', 'https://forms.gle/gTUeQNLbBpsWD9Gr6', 'https://pay.fondy.eu/s/SxmgwZbLwg5W', 'https://catkin-truffle-3db.notion.site/c459e83783224801a0dff0507a93203a', 'https://drive.google.com/file/d/1CaXELcK563Yyuy9Qfhd_OBCH1G8reIPj/view?usp=sharing']"
303.46,1,0,1,1,39,1,88.0,0.0,0.0,0.0,0,0,0,0,0.02,13,0.0,0,0,0,0,0,0,0,0,0,0,0,0,0,0,0,0,0,ukrainianshop.ca,ca,https://www.ukrainianshop.ca,200,0,False,200,False,False,False,False,True,False,55,0,0,0,0,2022-03-30,['https://www.shopify.com?utm_campaign=poweredby&utm_medium=shopify&utm_source=onlinestore']
141.67,1,0,0,0,7,10,50.9,25.01,0.1,0.4,0,0,0,0,0.02,19,0.0,0,0,0,0,0,0,0,0,0,0,0,0,0,0,0,0,0,ukrainiansinalberta.ca,ca,https://www.ukrainiansinalberta.ca,200,1,False,301,False,False,False,False,False,False,0,0,0,0,0,2022-03-25,"['https://www.facebook.com/AAISAconnection', 'https://twitter.com/AAISAconnection', 'https://www.linkedin.com/in/aaisaconnection/?original_referer=https%3A%2F%2Faaisa.ca%2F', 'https://ukrainesafehaven.ca/cash-donation', 'https://www.canada.ca/en/immigration-refugees-citizenship/services/immigrate-canada/ukraine-measures/cuaet.html', 'https://www.alberta.ca/support-for-ukrainians.aspx', 'https://uatoabinfo.ca/en/employment', 'https://www.surveymonkey.com/r/NXYCCM9', 'https://hippohub.ca/job-board-hippohub', 'https://t.me/ukrainians_in_alberta']"
72.72,1,0,0,0,7,1,185.0,0.0,0.0,0.0,0,0,0,0,0.16,14,0.0,0,0,0,0,0,0,0,0,0,1,2,2,2,0,0,2,0,ukrainiansinaz.com,com,https://www.ukrainiansinaz.com,200,0,False,200,False,False,False,False,True,False,55,0,0,0,0,2022-04-09,['https://www.google.com/url?q=https%3A%2F%2Fwww.phoenixmurals.com%2F%3Ffbclid%3DIwAR3E4zEiAfm_as_4TNmAGj6eSsHSh7mJ1MU58yZ-b5XbBpm3BerD6uCe2Mw&sa=D&sntz=1&usg=AOvVaw38oC-BlHSBJmuKaB2agqFk']
625.28,0,0,0,0,59,11,49.45,27.61,0.09,0.36,0,0,0,0,0.05,19,0.0,2,0,0,0,0,0,0,0,0,0,0,0,0,0,0,0,0,ukrainians-in-finland.org,org,https://www.ukrainians-in-finland.org,200,0,False,200,False,False,False,False,False,False,40,0,0,0,0,2022-03-03,"['https://t.me/FinUA_channel', 'https://go.crisp.chat/chat/embed/?website_id=4a8febac-e759-4634-b85f-e28edd1e8ef3', 'https://www.houseofhelsinki.fi/ru/chat-refufin', 'https://www.unitedforukraine.org', 'https://ukrainians--in--finland-org.translate.goog/?_x_tr_sl=uk&_x_tr_tl=en&_x_tr_hl=en-US', 'https://supportukrainenow.org', 'https://www.linkedin.com/company/finuaorg', 'https://twitter.com/FinUAorg', 'https://www.buymeacoffee.com/finua', 'https://instagram.com/finuaorg', 'https://assets.super.so/60d97cba-0100-4544-b554-e4739eb4ccb6/files/cdbe905a-cd8f-48a3-9678-5b99eba129f4.pdf']"
34.5,1,0,0,0,1,1,30.0,0.0,0.0,0.0,0,0,0,0,0.16,17,0.0,0,0,0,0,0,0,0,0,0,0,2,0,2,0,0,0,0,ukrainiansinitaly.com,com,https://www.ukrainiansinitaly.com,200,0,False,200,False,False,False,False,False,False,0,0,0,0,0,2022-03-06,['https://www.aruba.it/home.aspx']
0.31,1,0,0,0,1,0,0.0,0.0,0.0,0.0,0,0,1,0,0.08,18,0.0,0,0,0,0,0,0,0,0,1,0,1,1,1,1,1,1,1,ukrainiansinpoland.pl,pl,https://www.ukrainiansinpoland.pl,200,1,False,200,False,False,False,False,True,False,88,0,0,0,0,2022-03-14,[]
39.13,1,0,0,0,12,2,35.5,11.5,0.0,0.5,0,0,0,0,0.05,24,0.0,0,0,0,0,0,0,0,0,1,0,2,2,2,0,0,2,0,ukrainiansinthecarolinas.org,org,https://www.ukrainiansinthecarolinas.org,200,0,False,200,False,False,False,False,False,False,0,0,0,0,0,2022-03-14,"['https://www.facebook.com/groups/937155979649761', 'https://www.finsweet.com']"
1.88,1,0,0,0,1,0,0.0,0.0,0.0,0.0,0,0,0,0,0.01,21,0.0,0,0,0,0,0,0,0,0,1,0,1,1,1,1,1,1,1,ukrainiansintimisoara.ro,ro,https://www.ukrainiansintimisoara.ro,-1,0,False,200,False,False,False,False,True,False,75,0,0,0,0,2022-07-01,[]
75.97,1,0,0,0,130,1,170.0,0.0,0.0,0.0,0,0,0,0,0.16,14,0.0,0,0,0,0,0,0,0,0,1,0,2,2,2,0,0,2,1,ukrainiansluts.com,com,https://www.ukrainiansluts.com,200,0,False,200,False,False,False,False,True,True,75,0,0,0,0,2022-03-16,['https://go.xlirdr.com/api/goToTheRoom?sourceId=banner&userId=ea750430f74817484b8f991bc42967e0aa02a171aa5402e3e0896d0199ad264b&action=signUpModalDirectLinkInteractiveClose']
177.68,0,1,0,0,3,1,69.0,0.0,0.0,0.0,0,0,0,1,0.05,12,0.0,0,0,0,0,0,0,0,0,1,0,0,0,0,0,0,0,0,ukrainiansni.org.uk,org.uk,https://www.ukrainiansni.org.uk,200,0,False,200,False,False,False,False,False,False,0,0,0,0,0,2022-03-19,['https://support.google.com/accounts?p=signin_privatebrowsing&hl=en-US']
153.4,1,0,0,0,10,4,37.75,9.26,0.25,0.5,0,0,0,0,0.05,18,0.0,0,0,0,0,0,0,0,0,1,0,0,0,0,0,0,0,0,ukrainiansocietysa.org,org,https://www.ukrainiansocietysa.org,200,0,False,200,False,False,False,False,True,False,72,0,0,0,0,2022-05-13,"['https://goo.gl/maps/wNry8d4rCKKRGxU47', 'https://www.facebook.com/groups/655702417908496', 'https://www.instagram.com/ukrainiansocietysa', 'https://wemakeleads.net']"
221.49,1,0,1,0,2,22,31.18,16.08,0.05,0.14,0,0,0,0,0.02,15,0.0,0,0,0,0,0,0,0,0,0,0,0,0,0,0,0,0,0,ukrainianspirit.io,io,https://www.ukrainianspirit.io,200,1,False,200,False,False,False,False,False,False,0,0,0,0,0,2022-03-13,"['https://twitter.com/UAspiritNFT', 'https://t.me/ukrainianspiritnft', 'https://www.linkedin.com/company/ukrainian-spirit-nft', 'https://app.openbisea.com/artist_details_page?artistURL=ukrainianspirit', 'https://international-rotary.com', 'https://rarible.com', 'https://treasureland.market', 'https://tofunft.com', 'https://liquidifty.io', 'https://www.athena-security.com', 'https://midgardtech.online', 'https://donate.thedigital.gov.ua', 'https://www.sendwyre.com', 'https://itg-investments.com', 'https://siu.com.ua/en', 'https://www.mintbase.io', 'https://ilysarazom.com', 'https://rubyfamilyoffice.com', 'https://www.coingecko.com', 'https://sinofy.group', 'https://major-key.com', 'https://drive.google.com/file/d/1cIxo2BjIta5jAxyu7I92v8QA8DpybNgf/view?usp=sharing']"
95.61,0,0,0,0,1,2,36.5,0.5,0.5,0.0,0,0,0,0,0.16,21,0.0,0,0,0,0,0,0,0,0,0,0,0,0,0,0,0,0,0,ukrainianssaythankyou.com,com,https://www.ukrainianssaythankyou.com,200,0,False,200,False,False,False,False,False,False,0,0,0,0,0,2022-03-10,"['https://montgomeryfarmwomensco-op.com', 'https://e21z.short.gy/DaftarRakyat4D']"
42.71,0,1,0,0,2,2,71.0,30.0,0.0,0.0,0,0,0,0,0.16,15,0.0,0,0,0,0,0,0,0,0,1,0,2,2,2,0,0,2,1,ukrainianstamps.com,com,https://www.ukrainianstamps.com,200,1,False,200,True,False,False,False,True,False,99,0,0,0,0,2022-04-15,"['https://dan.com/?utm_campaign=Parking&utm_medium=parking&utm_source=.com&utm_term=ukrainianstamps.com', 'https://www.trustpilot.com/review/dan.com']"
1001.63,1,0,0,1,8,6,45.83,9.51,0.0,0.5,0,1,0,0,0.05,15,0.0,0,0,0,0,0,0,0,0,1,0,0,0,0,0,0,0,0,ukrainiansteppe.org,org,https://www.ukrainiansteppe.org,200,0,False,200,False,False,False,False,False,False,0,0,0,0,0,2022-06-08,"['https://www.bonfire.com/store/steppe', 'https://instagram.com/ukrainiansteppe', 'https://www.facebook.com/ukrainiansteppe', 'https://www.paypal.com/donate/?hosted_button_id=CRNPL73QFC8NJ', 'https://www.youtube.com/channel/UCGaPV_8sed-dXMM6zXYJp3w', 'https://www.tatianaburdiak.com/privacy-policy']"
52.38,1,0,0,0,1,0,0.0,0.0,0.0,0.0,0,0,0,0,0.16,15,0.0,0,0,0,0,0,0,0,0,0,0,0,0,0,0,0,0,1,ukrainianstocks.com,com,https://www.ukrainianstocks.com,200,1,False,200,True,False,False,False,True,False,99,0,0,0,0,2022-03-31,[]
33.37,1,0,0,0,1,0,0.0,0.0,0.0,0.0,0,0,0,0,0.01,18,0.0,0,0,0,0,0,0,0,0,1,0,0,0,0,0,1,0,0,ukrainianstogether.nl,nl,https://www.ukrainianstogether.nl,200,0,False,301,False,False,False,False,False,False,0,0,0,0,0,2022-05-19,[]
37.29,1,1,0,0,2,2,71.0,30.0,0.0,0.0,0,0,0,0,0.16,15,0.0,0,0,0,0,0,0,0,0,0,1,2,2,2,0,2,2,1,ukrainianstrong.com,com,https://www.ukrainianstrong.com,200,1,False,200,True,False,False,False,True,False,99,0,0,0,0,2022-02-27,"['https://dan.com/?utm_campaign=Parking&utm_medium=parking&utm_source=.com&utm_term=ukrainianstrong.com', 'https://www.trustpilot.com/review/dan.com']"
3.49,1,0,0,0,1,1,26.0,0.0,0.0,0.0,0,0,0,0,0.16,20,0.0,0,0,1,0,0,0,0,0,1,0,2,2,2,0,2,2,1,ukrainianstudiesfund.com,com,https://www.ukrainianstudiesfund.com,-1,0,False,200,True,False,False,False,True,False,77,0,0,0,0,2022-05-20,['http://www.squarespace.com']
3.49,1,0,0,0,1,1,26.0,0.0,0.0,0.0,0,0,0,0,0.13,20,0.0,0,0,1,0,0,0,0,0,1,0,2,2,2,0,2,2,1,ukrainianstudiesfund.net,net,https://www.ukrainianstudiesfund.net,-1,0,False,200,True,False,False,False,True,False,77,0,0,0,0,2022-05-20,['http://www.squarespace.com']
80.27,1,0,0,0,1,1,26.0,0.0,0.0,0.0,0,0,0,0,0.05,20,0.0,0,0,1,0,0,0,0,0,1,0,0,0,0,0,2,0,1,ukrainianstudiesfund.org,org,https://www.ukrainianstudiesfund.org,200,0,False,200,True,False,False,False,True,False,77,0,0,0,0,2022-05-20,['http://www.squarespace.com']
913.87,1,0,0,0,5,2,35.0,6.0,0.0,0.0,0,0,0,0,0.16,13,0.0,1,0,0,0,0,0,0,0,0,0,0,0,0,0,0,0,0,ukrainian-sumo.com,com,https://www.ukrainian-sumo.com,200,0,False,200,False,False,False,False,True,False,55,0,0,0,0,2022-03-29,"['https://www.theworldgames.org', 'https://readyfor.jp/projects/ukraine-sumo']"
19.3,1,0,0,0,3,2,57.5,14.5,0.0,1.0,0,0,0,0,0.16,16,0.0,1,0,0,1,0,0,0,0,0,0,2,2,2,0,0,2,0,ukrainians-united.com,com,https://www.ukrainians-united.com,-1,0,False,200,False,False,False,False,False,False,0,0,0,0,0,2022-06-14,"['https://www.facebook.com/Благодійний-Фонд-Українці-Єдині-102499562563502', 'https://www.instagram.com/ukrainciedini2014']"
0.87,1,0,0,0,1,0,0.0,0.0,0.0,0.0,0,0,0,0,0.05,16,0.0,0,0,0,1,0,0,0,0,1,0,1,1,1,1,1,1,1,ukrainiansunited.org,org,https://www.ukrainiansunited.org,200,0,False,200,False,False,False,False,True,False,75,0,0,0,0,2022-03-02,[]
181.88,1,0,0,1,22,4,42.0,11.2,0.25,1.0,0,0,0,0,0.16,16,0.0,0,0,0,1,0,0,0,0,1,1,0,0,0,0,0,0,0,ukrainiansupport.com,com,https://www.ukrainiansupport.com,200,0,False,301,False,False,False,False,False,False,0,0,0,0,0,2022-03-01,"['https://wa.me/13109945243', 'https://www.facebook.com/ukrainiansupport', 'https://www.instagram.com/ukrainiansupportfund', 'https://www.youtube.com/channel/UC85iIp5sERJZUOsFIZg_5Pg']"
7.66,1,0,0,0,1,0,0.0,0.0,0.0,0.0,0,0,0,1,0.05,25,0.0,0,0,0,1,0,0,0,0,1,0,1,1,1,1,1,1,0,ukrainiansupportgreenwich.org.uk,org.uk,https://www.ukrainiansupportgreenwich.org.uk,-1,0,False,200,False,False,False,False,False,False,72,0,0,0,0,2022-06-10,[]
3.66,1,0,0,0,1,1,52.0,0.0,0.0,0.0,0,0,1,0,0.08,16,0.0,0,0,0,0,0,0,0,0,1,0,2,2,2,0,2,2,1,ukrainiantalents.pl,pl,https://www.ukrainiantalents.pl,200,0,False,200,False,False,False,False,True,False,75,0,0,0,0,2022-06-04,['https://www.aftermarket.pl/?utm_source=parking_click']
238.42,1,0,0,0,4,3,44.33,8.26,0.0,1.0,0,0,0,0,0.16,13,0.0,0,0,0,0,0,0,0,0,1,0,0,0,0,0,0,0,0,ukrainiantogo.com,com,https://www.ukrainiantogo.com,500,0,False,200,False,False,False,False,False,False,0,0,0,0,0,2022-03-15,"['https://www.facebook.com/ukrainiantogo', 'https://www.instagram.com/ukrainiantogo', 'https://www.youtube.com/channel/UCqFvM_ybCAECdw7HZcDZe_w']"
16.36,1,0,1,0,1,9,56.89,24.03,0.11,0.22,0,0,0,0,0.16,14,0.0,0,0,0,0,0,0,0,0,1,0,2,2,2,0,2,2,0,ukrainiantribe.com,com,https://www.ukrainiantribe.com,200,0,False,200,False,False,False,False,False,False,0,0,0,0,0,2022-02-27,"['https://bscscan.com/token/0x390D9613bA4E1352cBCc289a6629139bdE0cD321', 'https://dexscreener.com/bsc/0xCd3377A11203e3bd5e35F06fbFc47dc73Ad5fae3', 'https://t.me/Ukrainiantribe', 'https://twitter.com/Ukrainiantribe', 'https://cz.cash/#/swap?inputCurrency=BNB&outputCurrency=0x390D9613bA4E1352cBCc289a6629139bdE0cD321', 'https://trackbsc.com/earnings?token=0x390D9613bA4E1352cBCc289a6629139bdE0cD321', 'https://oneclickdapp.com/golf-stage', 'https://ellipsis.finance/pool/0', 'https://etherscan.io/address/0x165cd37b4c644c2921454429e7f9358d18a45e14']"
319.93,1,0,0,0,6,3,69.67,42.66,0.0,0.67,0,1,0,0,0.16,14,0.0,0,0,0,0,0,0,0,0,1,0,0,0,0,0,0,0,0,ukrainianvesna.com,com,https://www.ukrainianvesna.com,-1,0,False,200,False,False,False,False,False,False,0,0,0,0,0,2022-04-12,"['https://www.facebook.com/ukrainianvesna', 'https://www.paypal.com/donate/?hosted_button_id=DHK5HD2CR8MJ4&fbclid=PAAaaRtLAw6ErfeY_iKw69xPhMyt9gpudPzUGDCuZySWecodSNULQELY0cBhI', 'https://www.instagram.com/ukrainianvesna']"
104.63,1,0,0,0,31,8,25.75,7.07,0.0,0.38,0,0,0,0,0.05,16,0.0,0,0,0,0,0,1,0,0,1,0,0,0,0,0,0,0,0,ukrainianvictory.org,org,https://www.ukrainianvictory.org,200,0,False,200,False,False,False,False,False,False,0,0,0,0,0,2022-03-05,"['https://sustainablepeacemanifesto.org', 'https://www.facebook.com/ICUV.UA', 'https://twitter.com/IcuvUa', 'https://www.instagram.com/icuv.ua', 'https://antac.org.ua', 'https://ants.org.ua', 'https://www.oporaua.org', 'https://demch.co']"
0.11,1,0,0,0,1,0,0.0,0.0,0.0,0.0,0,0,0,0,0.05,15,0.0,0,0,0,0,0,0,0,0,1,0,1,1,1,1,1,1,1,ukrainianvoices.org,org,https://www.ukrainianvoices.org,200,1,False,200,True,False,False,False,True,False,90,0,0,0,0,2022-04-11,[]
35.23,1,0,0,0,12,4,64.75,23.54,0.0,0.5,0,1,0,0,0.16,19,0.0,1,0,0,0,0,0,0,0,0,0,2,2,2,0,2,2,0,ukrainian-volunteers.com,com,https://www.ukrainian-volunteers.com,200,0,False,200,False,False,False,False,False,False,0,0,0,0,0,2022-06-04,"['https://next.privat24.ua/payments/form/%7B%22token%22:%228c67aaed-ce7e-4265-969e-568a0dff9d60%22%7D?lang', 'https://www.paypal.com/donate/?hosted_button_id=XFLXQWQ7UY5C8', 'https://www.facebook.com/protection.help.foundation', 'https://www.instagram.com/volunteer.ukraine']"
0.61,1,0,0,0,1,1,16.0,0.0,0.0,0.0,0,0,0,0,0.16,17,0.0,0,0,0,0,0,1,0,0,1,0,2,1,2,0,2,2,1,ukrainianwardiary.com,com,https://www.ukrainianwardiary.com,521,0,False,200,True,False,False,False,True,False,77,0,0,0,0,2022-03-24,['http://nginx.org']
0.11,1,0,0,0,1,0,0.0,0.0,0.0,0.0,0,0,0,0,0.16,16,0.0,0,0,0,0,0,1,0,0,1,0,1,1,1,1,1,1,1,ukrainianwarrior.com,com,https://www.ukrainianwarrior.com,200,1,False,200,True,False,False,False,True,False,90,0,0,0,0,2022-04-08,[]
119.52,1,0,0,0,6,0,0.0,0.0,0.0,0.0,0,0,0,0,0.16,18,0.0,0,0,0,0,0,0,0,0,1,1,0,0,0,0,0,0,0,ukrainianwebdesign.com,com,https://www.ukrainianwebdesign.com,-1,0,False,200,False,False,False,False,False,False,0,0,0,0,0,2022-04-10,[]
657.92,1,0,0,1,30,7,48.0,23.69,0.29,0.57,1,0,0,0,0.05,22,0.0,0,0,0,0,0,0,0,0,1,0,0,0,0,0,0,0,0,ukrainianwelcomecentre.org,org,https://www.ukrainianwelcomecentre.org,200,0,False,200,False,False,False,False,False,False,0,0,0,0,0,2022-04-12,"['https://www.ucc-gb.com/about', 'https://www.augb.co.uk', 'https://t.me/+U7xgCB6bKOQ2OTky?fbclid=IwAR0AyM-u_rw0Am2LPhVWE32b_zUh1kf2tzBZci1-fH-nUrdQMIvtG1YkxF4', 'https://www.instagram.com/ukrainianwelcomecentre', 'https://www.facebook.com/UkrainianWelcomeCentre', 'https://www.linkedin.com/company/ukrainian-welcome-centre', 'https://forms.gle/mTF3nnYQWoicsFFD7']"
380.3,1,0,0,0,1,1,106.0,0.0,0.0,0.0,0,0,0,0,0.01,18,0.0,0,0,0,0,0,0,0,0,1,0,0,0,0,0,0,0,1,ukrainianworkforce.nl,nl,https://www.ukrainianworkforce.nl,-1,0,False,200,True,False,False,False,True,False,77,0,0,0,0,2022-05-30,['https://www.mijndomein.nl/?utm_source=parked_domain&utm_medium=domein&utm_campaign=parked_domain_referrals']
63.5,1,0,0,0,9,2,50.0,16.0,0.0,0.0,0,0,0,0,0.16,18,0.0,0,0,0,0,0,0,0,0,1,0,2,0,0,0,0,0,0,ukrainianyouthclub.com,com,https://www.ukrainianyouthclub.com,200,0,False,200,False,False,False,False,False,False,0,0,0,0,0,2022-03-25,"['https://www.kinderprojekt-arche.de', 'https://www.tip-berlin.de/familie/jugendzentren-jugendclubs-berlin']"
63.5,1,0,0,0,9,2,50.0,16.0,0.0,0.0,0,0,0,0,0.05,18,0.0,0,0,0,0,0,0,0,0,0,0,2,0,0,0,0,0,0,ukrainianyouthclub.org,org,https://www.ukrainianyouthclub.org,200,0,False,200,False,False,False,False,False,False,0,0,0,0,0,2022-03-25,"['https://www.kinderprojekt-arche.de', 'https://www.tip-berlin.de/familie/jugendzentren-jugendclubs-berlin']"
779.26,1,0,0,0,10,4,33.25,8.04,0.25,0.25,0,0,0,0,0.16,11,0.0,0,0,0,0,0,0,1,0,1,0,0,0,0,0,0,0,0,uktoukraine.com,com,https://www.uktoukraine.com,200,0,False,200,False,False,False,False,False,False,0,0,0,0,0,2022-03-07,"['https://www.instagram.com/uktoukraine/?hl=en', 'https://gofund.me/eff98a29', 'http://www.staysafeua.org', 'https://www.gofundme.com/f/uktoukraine']"
352.59,0,1,0,0,1,10,36.2,10.14,0.0,0.5,0,0,0,0,0.16,18,0.0,0,0,0,0,0,0,1,0,1,0,0,0,0,0,0,0,0,ukulelesforukraine.com,com,https://www.ukulelesforukraine.com,200,0,False,200,False,False,False,False,True,False,61,0,0,0,0,2022-06-02,"['https://theukc.org', 'https://www.surveymonkey.com/r/RVWKYKR', 'https://wfmt.info', 'https://www.guidestar.org/profile/46-4301063', 'https://www.facebook.com/UkuleleKidsClubInc', 'https://www.linkedin.com/company/ukulelekidsclub', 'https://twitter.com/UkuleleKidsClub', 'https://www.instagram.com/theukulelekidsclub', 'https://www.youtube.com/c/theUKCorg', 'https://soundcloud.com/ukulele-kids-club']"
0.11,1,0,0,0,1,0,0.0,0.0,0.0,0.0,0,0,0,0,0.16,25,0.0,0,0,0,0,0,0,0,0,1,1,1,1,1,1,1,1,1,unapologeticallyukrainian.com,com,https://www.unapologeticallyukrainian.com,200,1,False,200,True,False,False,False,True,False,90,0,0,0,0,2022-07-12,[]
118.71,1,0,0,0,1,23,64.74,53.14,0.0,0.04,0,1,0,0,0.16,14,0.0,0,0,0,0,0,0,0,0,1,0,0,2,0,0,0,0,0,unchainukraine.com,com,https://www.unchainukraine.com,200,0,False,200,False,False,False,False,False,False,0,0,0,0,0,2022-03-02,"['https://www.paypal.com/donate/?cmd=_s-xclick&hosted_button_id=EECANTTJNHN7Y&source=url', 'https://cyclic-gram-bde.notion.site/Donate-Now-384662572f66484e98830007cf4267ab', 'https://donate.unhcr.org/int/en/ukraine-emergency#_ga=2.13785776.683375029.1645713845-2039642701.1643819055', 'https://savelife.in.ua/en/donate', 'https://voices.org.ua', 'https://razomforukraine.org/donate', 'https://redcross.org.ua/en/2022/02/donate-to-support-the-ukrainian-red-cross-to-help-civilians-in-this-difficult-time-for-ukraine', 'https://lifelineukraine.com/en/donation', 'https://secure.projecthope.org/site/SPageNavigator/2022_02_Ukraine_Response_Web_UNR.html?s_subsrc=hh1', 'https://donate.savethechildren.org/en/donate/emergency-ukraine?_ga=2.135973624.894727307.1646211880-424543567.1646211880', 'https://crisisrelief.un.org/ukraine-crisis', 'https://www.globalgiving.org/projects/ukraine-crisis-relief-fund', 'https://www.shelter4ua.com', 'https://www.ukrainenow.org/i-can-host', 'https://airtable.com/shrhE1NOUyQJhqceg?fbclid=IwAR0aq8pryGTNcDjRIkIuGcf-DwoyT6irWoMWf7aWhuL7cYQSby9hKkghUt8', 'https://airbnb.org/help-ukraine', 'https://takecarebnb.org/gastgezin-signup', 'https://twitter.com/intent/tweet?text=I+%23StandWithUkraine.+I%27ll+join+the+peace+protest+at%3A+Amiens+-+Place+Gambetta+-+12.03.2022+-+10%3A00%3A00+Find+out+more+at%3A+https%3A%2F%2Fstandwithukraine.live%2Fpeace-protests%2F%23QW1pZW5zRnJhbmNl&via=swulive', 'https://ua-aid-centers.com/austria', 'https://www.kmu.gov.ua', 'https://euromaidanpress.com', 'https://kyivindependent.com', 'https://standwithukraine.live']"
45.95,1,0,0,0,2,2,73.0,32.0,0.0,0.0,0,0,0,0,0.16,19,0.0,0,0,1,0,0,0,0,0,0,0,2,2,2,0,2,2,1,unicefukrainedonate.com,com,https://www.unicefukrainedonate.com,200,0,False,200,False,False,False,False,True,False,75,0,0,0,0,2022-04-06,"['https://dan.com/?utm_campaign=Parking&utm_medium=parking&utm_source=.com&utm_term=unicefukrainedonate.com', 'https://www.trustpilot.com/review/dan.com']"
1.97,1,0,0,0,2,0,0.0,0.0,0.0,0.0,0,0,0,0,0.16,11,0.0,0,0,0,0,0,0,0,0,1,0,1,1,1,1,1,1,0,uniqukraine.com,com,https://www.uniqukraine.com,200,1,False,200,False,False,False,False,False,False,0,0,0,0,0,2022-06-19,[]
115.55,1,0,0,0,1,0,0.0,0.0,0.0,0.0,0,0,0,0,0.16,13,0.071,0,0,0,1,0,0,0,1,1,0,0,0,0,0,0,0,0,united4ukraine.com,com,https://www.united4ukraine.com,200,1,False,302,False,False,False,False,True,False,55,0,0,0,0,2022-02-28,[]
58.85,1,0,0,0,31,3,76.67,68.83,0.0,0.33,1,0,0,0,0.05,13,0.071,0,0,0,1,0,0,0,1,0,0,2,2,2,0,2,2,0,united4ukraine.network,network,https://www.united4ukraine.network,-1,0,False,200,False,False,False,False,False,False,0,0,0,0,0,2022-05-27,"['https://docs.google.com/forms/d/1AuIk6-K7BQ7JJFAzs4sg1aQGMf0b2A7ePzb_3jFeoM4/viewform?fbclid=IwAR1tqoqt3lZm6wNu_DpHSBK57jPrECR-Ebp3XdQb9hT0A07U5Gy6uBBl4fw&edit_requested=true', 'https://twitter.com/UnitedU4u', 'https://www.pictureideas.lt']"
430.54,1,0,0,0,5,2,55.0,7.0,0.0,0.5,0,0,0,0,0.16,20,0.0,0,0,0,1,0,0,0,0,1,0,0,0,0,0,0,0,0,unitedfashionukraine.com,com,https://www.unitedfashionukraine.com,404,0,False,200,False,False,False,False,False,False,0,0,0,0,0,2022-06-10,"['https://maps.google.com/?cid=2875932641003082878', 'https://www.facebook.com/Hjort-Knudsen-Ukraine-787527934960365']"
51.6,0,1,0,0,2,2,28.0,13.0,0.0,0.0,0,0,0,0,0.16,16,0.0,0,0,0,1,0,0,1,0,0,0,0,2,0,0,2,0,1,unitedforukraine.com,com,https://www.unitedforukraine.com,-1,0,False,200,True,False,False,False,True,False,99,0,0,0,0,2022-02-28,"['https://dan.com', 'https://www.trustpilot.com/review/dan.com']"
196.96,1,0,0,0,1,0,0.0,0.0,0.0,0.0,0,0,0,0,0.05,16,0.0,0,0,0,1,0,0,1,0,1,0,0,0,0,0,0,0,0,unitedforukraine.org,org,https://www.unitedforukraine.org,200,0,False,307,False,False,False,False,False,False,0,0,0,0,0,2022-02-27,[]
16.27,1,0,0,0,12,5,40.4,13.34,0.0,0.8,0,0,0,1,0.05,16,0.0,0,0,0,1,0,0,1,0,1,0,2,2,2,0,2,2,0,unitedforukraine.org.uk,org.uk,https://www.unitedforukraine.org.uk,200,0,False,200,False,False,False,False,False,False,0,0,0,0,0,2022-03-29,"['https://userway.org', 'https://www.facebook.com/gcbusinessgrowthhub', 'https://twitter.com/BizGrowthHub', 'https://www.linkedin.com/company/gcbusinessgrowthhub', 'https://www.youtube.com/user/GMBusinessGrowthHub/videos']"
34.94,1,0,0,0,3,14,77.64,47.57,0.07,0.14,0,0,0,0,0.16,19,0.0,0,0,0,1,0,0,1,0,1,0,2,2,2,0,0,2,0,unitedforukrainenft.com,com,https://www.unitedforukrainenft.com,-1,0,False,200,False,False,False,False,True,False,55,0,0,0,0,2022-04-30,"['https://global.transak.com', 'https://opensea.io/assets/0xba7789c5b378708bdb8bfa84fbb4d29c2e3f97b5/0', 'https://www.aldeasinfantiles.es/emergencia-ucrania', 'https://www.es.amnesty.org/en-que-estamos/campanas/conflicto-rusia-ucrania/?utm_campai[%E2%80%A6]crania&utm_content=logo&utm_medium=referral&utm_source=web3', 'https://ayudaenaccion.org/?utm_source=united-for-ukraine&utm_medium=referral&utm_campaign=ucrania', 'https://www.cear.es/sections-post/refugio-frente-a-la-guerra-ucrania/?utm_source=u4u_nft&utm_medium=colaboradores&utm_campaign=TF_u4u_nft_2022&utm_term=&utm_content=logo_web', 'https://www.educo.org/landing/emergencia-ucrania', 'https://www.entreculturas.org/?utm_source=web&utm_medium=UFU&utm_campaign=NFT', 'https://www.medicosdelmundo.org/ayuda-ucrania', 'https://oxf.am/ucrania_oxfamintermon', 'https://www.worldvision.es/colabora/crisis-ucrania?utm_source=nft-drop-info&utm_medium[%E2%80%A6]paign=fy22-chr-ucrania&utm_id=505&utm_content=mariscal-nfts', 'https://mariscal.com/es/welcome', 'https://instagram.com/unitedforukrnft?igshid=NjY2NjE5MzQ=', 'https://twitter.com/unitedforukrnft?s=21&t=hldcMzKLw__RdGxxll6jDg']"
0.11,1,0,0,0,1,0,0.0,0.0,0.0,0.0,0,0,0,0,0.05,20,0.0,0,0,0,1,0,1,0,0,0,0,1,1,1,1,1,1,0,unitedhelpukrainewar.org,org,https://www.unitedhelpukrainewar.org,-1,0,False,301,False,False,False,False,False,False,0,0,0,0,0,2022-03-22,[]
152.78,1,0,1,0,4,3,51.33,9.1,0.0,1.0,0,0,0,0,0.16,21,0.0,0,0,0,1,0,0,0,0,0,0,0,0,0,0,0,0,0,unitedukrainianballet.com,com,https://www.unitedukrainianballet.com,200,0,False,200,False,False,False,False,False,False,0,0,0,0,0,2022-05-15,"['https://www.youtube.com/watch?v=asp5mR-LLg8', 'https://www.facebook.com/United-Ukrainian-Ballet-109593205087721', 'https://www.instagram.com/unitedukrainianballet']"
128.09,1,0,0,0,16,10,44.4,28.2,0.3,0.4,1,0,0,0,0.05,16,0.0,0,0,0,1,0,0,0,0,1,0,0,0,0,0,0,0,0,unitedukrainians.org,org,https://www.unitedukrainians.org,200,0,False,200,False,False,False,False,False,False,0,0,0,0,0,2022-04-08,"['https://goo.gl/maps/EhRL96iTApNth6fM9', 'https://www.facebook.com/CFUnitedUkrainians', 'https://www.instagram.com/unitedukrainians', 'https://twitter.com/UnUkrainians', 'https://t.me/punktnezlamnosti', 'https://fb.watch/efOtOMpXSe', 'https://buchanska-rda.gov.ua/?fbclid=IwAR1J-KhVKQN0xLGjblh-s27UD6yYlZUPNQNf9IafDn21cs7sSe2QUQ6mJxQ', 'https://ukrtac.com', 'https://docs.google.com/forms/d/e/1FAIpQLSeWIMUJUouKH2XGa5wPNfn2a-KgKNxpuWLqqrxViioccG-uGQ/viewform', 'https://komanda.dev']"
283.55,1,0,0,0,40,4,47.5,9.63,0.0,1.0,0,0,0,1,0.05,17,0.0,0,0,0,1,0,0,0,0,0,0,0,0,0,0,0,0,0,unitedwithukraine.org.uk,org.uk,https://www.unitedwithukraine.org.uk,404,0,False,200,False,False,False,False,False,False,0,0,0,0,0,2022-03-25,"['https://www.facebook.com/United-with-Ukraine-107056321929136', 'https://twitter.com/UnitedwUkraine', 'https://www.instagram.com/unitedwithukraine_', 'https://www.linkedin.com/company/united-with-ukraine']"
122.62,1,0,0,1,22,12,58.75,46.72,0.08,0.42,0,1,0,0,0.16,16,0.0,0,0,0,1,0,0,0,0,1,0,0,2,0,0,0,0,0,unitewithukraine.com,com,https://www.unitewithukraine.com,200,0,False,200,False,False,False,False,False,False,0,0,0,0,0,2022-03-01,"['https://www.instagram.com/unitewithukr', 'https://www.facebook.com/unitewithukr', 'https://www.linkedin.com/company/uwcongress', 'https://twitter.com/unitewithukr', 'https://www.ukrainianworldcongress.org', 'https://donate.stripe.com/00g28re8S1IIcRW00a', 'https://www.paypal.com/donate/?hosted_button_id=4KAP6QAVU3THW', 'https://foreignpolicy.com/2023/06/19/ukraine-world-congress-military-aid-armored-personnel-carriers-apcs-canada-ngo-donations/?fbclid=IwAR1VCrcoieVYd_scx9S3XA03RFKSqOdPKwr6mCAQFnfYWtH-Btse7XRL75k', 'https://www.epravda.com.ua/publications/2023/04/26/699483', 'https://youtu.be/DxIeXdn86Lg', 'https://tyzhden.ua/andrij-potichnyj-iakby-ia-zaraz-kupuvav-sobi-bronezhylet-to-brav-by-ukrainskoho-vyrobnytstva', 'https://dforce.com.ua']"
0.8,1,0,0,0,1,0,0.0,0.0,0.0,0.0,0,0,0,0,0.13,16,0.0,0,0,0,1,0,0,0,0,1,0,1,1,1,1,1,1,1,unitewithukraine.net,net,https://www.unitewithukraine.net,200,0,False,200,False,False,False,False,True,False,77,0,0,0,0,2022-03-04,[]
573.56,1,0,0,0,12,1,45.0,0.0,0.0,1.0,0,0,0,0,0.16,19,0.0,0,0,0,0,0,0,1,0,1,0,0,0,0,0,0,0,0,unitingforukrainerv.com,com,https://www.unitingforukrainerv.com,200,0,False,200,False,False,False,False,False,False,0,0,0,0,0,2022-06-14,['https://www.instagram.com/unitingforukrainerv']
573.56,1,0,0,0,11,1,45.0,0.0,0.0,1.0,0,0,0,0,0.05,19,0.0,0,0,0,0,0,0,1,0,1,0,0,0,0,0,0,0,0,unitingforukrainerv.org,org,https://www.unitingforukrainerv.org,200,0,False,200,False,False,False,False,False,False,0,0,0,0,0,2022-06-15,['https://www.instagram.com/unitingforukrainerv']
30.21,0,1,0,0,6,1,61.0,0.0,0.0,0.0,0,0,1,0,0.01,17,0.0,1,0,0,0,0,0,0,0,0,0,2,2,2,0,2,2,0,unterkunft-ukraine.de,de,https://www.unterkunft-ukraine.de,200,0,False,307,False,False,False,False,True,False,55,0,0,0,0,2022-02-26,['https://www.betterplace.org/de/projects/106804-unterkunft-org']
7.64,1,0,0,0,1,0,0.0,0.0,0.0,0.0,0,0,0,0,0.05,18,0.0,0,0,0,0,0,0,1,0,0,0,1,1,1,1,1,1,0,untoitpourlukraine.org,org,https://www.untoitpourlukraine.org,-1,0,False,200,False,False,False,False,False,False,0,0,0,0,0,2022-03-27,[]
152.55,1,0,0,0,6,3,35.67,4.78,0.0,0.67,0,0,0,0,0.16,13,0.0,0,0,0,0,0,0,0,0,0,0,0,0,0,0,0,0,0,upliftukraine.com,com,https://www.upliftukraine.com,200,0,False,200,False,False,False,False,False,False,0,0,0,0,0,2022-03-07,"['https://www.instagram.com/uplift_ukraine', 'https://givebutter.com/sPOER6', 'https://www.facebook.com/upliftukraine']"
123.14,1,0,0,0,6,2,43.5,21.5,0.0,0.5,0,0,0,0,0.05,13,0.0,0,0,0,0,0,0,0,0,1,0,0,0,0,0,0,0,0,upliftukraine.org,org,https://www.upliftukraine.org,200,0,False,200,False,False,False,False,False,False,0,0,0,0,0,2022-04-01,"['https://www.youtube.com/channel/UCMA93o9ui6dwcv5IPyTiIVw/featured', 'http://squarespace.com']"
16.11,1,0,0,0,1,1,67.0,0.0,0.0,0.0,0,0,0,0,0.16,9,0.0,0,0,0,0,0,0,0,0,1,0,2,2,2,0,0,2,1,upukraine.com,com,https://www.upukraine.com,200,0,False,0,False,False,False,False,True,False,92,0,0,0,0,2022-03-04,['https://www.mydomaincontact.com/index.php?domain_name=upukraine.com']
154.55,0,0,0,0,8,1,59.0,0.0,0.0,0.0,0,0,0,0,0.16,14,0.0,0,0,0,0,0,0,0,0,0,0,0,0,0,0,0,0,0,urgenceukraine.com,com,https://www.urgenceukraine.com,200,0,False,200,False,False,False,False,False,False,0,0,0,0,0,2022-03-03,['https://www.helloasso.com/associations/international-impact']
56.22,1,0,0,0,32,35,49.54,35.45,0.0,0.11,0,0,0,0,0.03,14,0.0,1,0,0,0,0,0,0,0,0,0,2,2,2,0,2,2,0,urgence-ukraine.fr,fr,https://www.urgence-ukraine.fr,200,0,False,200,False,False,False,False,False,False,0,0,0,0,0,2022-06-08,"['https://sites.google.com/view/ensemble24fevrier/accueil', 'https://us02web.zoom.us/j/83691053389?pwd=OE8ycHVuNEFtTlQ3c2Mvb0JFWUcrUT09', 'https://www.lesconvoisdirina.fr', 'https://www.helloasso.com/associations/les-convois-d-irina/evenements/spectacle-de-danse-16-avril', 'https://www.lagalerne.com/rencontres/29867', 'http://ensemble-le-havre.eklablog.com/rencontre-la-societe-ukrainienne-en-guerre-le-havre-23-janvier-18-h-a213658411', 'https://www.paris-normandie.fr/id312543/article/2022-06-03/au-havre-les-refugiees-venues-dukraine-lancent-un-appel-au-respect-des', 'https://www.dropbox.com/sh/gkkhfdxywpvj5xh/AABaegUP6Hp7PRg51P0EmQBJa/UKRAINE%2011%20MAI%20FILMS%20-%20GERARD%20-%EF%80%A8?dl=0&lst=', 'https://www.mvtpaix.org/wordpress/plus-que-jamais-non-a-la-guerre-en-ukraine', 'https://www.ukrinform.fr', 'https://www.youtube.com/c/UATVEnglish/videos', 'https://euromaidanpress.com', 'https://www.kyivpost.com', 'https://english.nv.ua', 'https://www.facebook.com/groups/truth.from.ukraine', 'https://www.instagram.com/withukraine', 'https://www.standwithukraine.how/fr', 'https://twitter.com/AllaPoedie', 'https://lavoiedelepee.blogspot.com', 'https://www.lemonde.fr/crise-ukrainienne', 'https://easyreader.org/article/page/lemonde/international/article/2022/06/18/le-cimetiere-de-guerre-de-dnipro-miroir-du-carnage-ukrainien_6130910_3210.html', 'https://ekladata.com/KLBctWd9uraQsjv88vtmZZpNYCk/UKRAINE-ENSEMBLE-4-PAGES-deuxieme.pdf', 'https://livemap.getwemap.com/embed.html?emmid=19367', 'https://www.understandingwar.org', 'https://www.unispourlukraine.org', 'https://www.association-sun.org', 'https://fr.aideukraine.fr', 'https://ukraine-solidarity.eu', 'https://www.ensembleukraine.fr', 'https://tutoringwithoutborders.org', 'https://fuvi.fr', 'https://u24.gov.ua', 'https://pledgeukraine.org', 'https://standforukraine.com/fr', 'https://www.weukraine.fr']"
854.64,1,0,0,0,3,6,51.67,22.15,0.0,0.5,0,0,0,0,0.13,13,0.0,0,0,0,0,0,0,0,0,1,0,0,0,0,0,0,0,0,urgentukraine.net,net,https://www.urgentukraine.net,404,0,False,200,False,False,False,False,False,False,0,0,0,0,0,2022-05-04,"['http://urgentuniversal.com', 'https://www.instagram.com/_____urgent', 'https://www.facebook.com/URGENT02242022', 'https://www.linkedin.com/company/ukraine-relief-giving-effort-nonprofit-togethership-inc', 'https://wix.com?utm_campaign=vir_created_with', 'https://www.seedprod.com/features/wordpress-maintenance-mode-page-templates']"
86.59,1,0,0,0,20,0,0.0,0.0,0.0,0.0,0,0,0,0,0.16,14,0.0,0,0,0,0,0,0,0,0,0,0,0,0,0,0,0,0,0,uslovesukraine.com,com,https://www.uslovesukraine.com,200,0,False,301,False,False,False,False,False,False,0,0,0,0,0,2022-03-11,[]
225.37,0,0,0,0,3,5,40.0,14.1,0.2,0.8,0,0,0,0,0.05,9,0.0,1,0,0,0,0,0,0,0,1,0,0,0,0,0,0,0,0,us-ukraine.org,org,https://www.us-ukraine.org,200,0,False,200,False,False,False,False,False,False,0,0,0,0,0,2022-03-25,"['https://coolaser.clinic/uk', 'https://www.facebook.com/coolaser.clinic', 'https://www.instagram.com/coollaser.clinic', 'https://www.youtube.com/channel/UCxYa4ZQ55Kd4loeRvI0SU6w/featured', 'https://wa.me/+380689380303']"
121.63,1,0,0,0,21,6,53.33,31.17,0.0,0.5,0,0,0,0,0.16,20,0.0,0,0,0,0,0,0,0,0,1,0,0,0,0,0,0,0,0,usukrainianactivists.com,com,https://www.usukrainianactivists.com,-1,0,False,200,False,False,False,False,False,False,85,0,0,0,0,2022-03-19,"['https://www.facebook.com/US.Ukrainian.Activists/events', 'http://www.senate.gov/senators/senators-contact.htm?fbclid=IwAR3QHd4zV6KsialBmF6mhYJuC1F2MLGbDkHTSaYzWLeAOsrD0yknpgEowKk', 'https://twitter.com/usua_activists', 'https://www.instagram.com/us.ukrainian.activists', 'https://www.etsy.com/shop/CraftsByUSUA', 'https://creativethemes.com']"
121.63,1,0,0,1,21,6,53.33,31.17,0.0,0.5,0,0,0,0,0.05,20,0.0,0,0,0,0,0,0,0,0,1,0,0,0,0,0,0,0,0,usukrainianactivists.org,org,https://www.usukrainianactivists.org,200,1,False,200,False,False,False,False,False,False,85,0,0,0,0,2022-03-19,"['https://www.facebook.com/US.Ukrainian.Activists/events', 'http://www.senate.gov/senators/senators-contact.htm?fbclid=IwAR3QHd4zV6KsialBmF6mhYJuC1F2MLGbDkHTSaYzWLeAOsrD0yknpgEowKk', 'https://twitter.com/usua_activists', 'https://www.instagram.com/us.ukrainian.activists', 'https://www.etsy.com/shop/CraftsByUSUA', 'https://creativethemes.com']"
55.82,1,0,0,0,3,1,21.0,0.0,0.0,0.0,0,0,0,0,0.05,14,0.0,0,0,0,0,0,0,0,0,1,0,0,0,0,0,0,0,1,utahukrainians.org,org,https://www.utahukrainians.org,200,0,False,404,False,False,False,False,True,False,75,0,0,0,0,2022-03-02,['https://wordpress.org']
0.94,1,0,0,0,1,0,0.0,0.0,0.0,0.0,0,0,1,0,0.01,15,0.0,1,0,0,0,0,0,0,0,1,0,1,1,1,1,1,1,1,valerias-ukraine.de,de,https://www.valerias-ukraine.de,-1,0,False,200,False,False,False,False,True,False,75,0,0,0,0,2022-06-03,[]
83.74,1,0,1,0,1,11,53.82,29.8,0.0,0.18,0,0,0,0,0.16,17,0.0,0,0,0,0,0,0,1,0,0,0,0,0,0,0,2,0,0,vandalzforukraine.com,com,https://www.vandalzforukraine.com,200,0,False,200,False,False,False,False,True,False,55,0,0,0,0,2022-03-03,"['https://opensea.io/collection/vandalz', 'https://www.instagram.com/klitschko/?hl=en', 'https://twitter.com/Klitschko', 'https://people.com/sports/ukraine-boxers-fighting-against-russia-why-they-joined-resistance', 'https://www.dailystar.co.uk/sport/boxing/vitali-klitschko-wladimir-klitschko-ukraine-26401102', 'https://www.insider.com/wladimir-klitschko-war-is-terrifying-madness-and-terror-in-2022-2022-3', 'https://www.the-sun.com/news/4834945/klitschko-brothers-kyiv-frontline-ahead-of-russian-siege', 'https://klitschko.com/en', 'http://www.whisbeworldwide.com', 'https://redcross.org.ua/en', 'https://www.unicef.org/ukraine/en']"
0.34,1,0,0,0,1,0,0.0,0.0,0.0,0.0,0,0,0,0,0.05,9,0.1,0,0,0,0,0,0,0,1,0,0,1,1,1,1,1,1,1,vc4ukraine.org,org,https://www.vc4ukraine.org,200,1,False,200,False,False,False,False,True,False,82,0,0,0,0,2022-03-01,[]
19.09,1,0,0,0,1,0,0.0,0.0,0.0,0.0,0,0,0,0,0.01,18,0.0,2,0,0,0,0,0,0,0,0,0,0,0,1,0,1,0,0,verein-ukraine-hilfe.ch,ch,https://www.verein-ukraine-hilfe.ch,200,1,False,200,False,False,False,False,False,False,0,0,0,0,0,2022-06-24,[]
95.03,1,0,1,1,1,5,76.8,53.09,0.0,0.0,0,1,0,0,0.16,12,0.077,0,0,0,0,0,0,0,1,1,0,2,2,2,0,2,2,0,vests4ukraine.com,com,https://www.vests4ukraine.com,200,0,False,200,False,False,False,False,False,False,40,0,0,0,0,2022-04-10,"['https://www.paypal.com/donate/?hosted_button_id=FRVQ369RNAGFY', 'https://www.every.org/vests4ukraine?utm_campaign=donate-link&method=crypto%2Cstocks%2Cdaf%2Cgift#/donate', 'https://enroll.zellepay.com/qr-codes?data=ewogICJ0b2tlbiIgOiAidmVzdHM0dWtyYWluZUBnbWFpbC5jb20iLAogICJhY3Rpb24iIDogInBheW1lbnQiLAogICJuYW1lIiA6ICJWRVNUUzRVS1JBSU5FIgp9', 'https://themeisle.com/themes/neve', 'http://wordpress.org']"
92.38,1,0,0,0,15,1,36.0,0.0,0.0,0.0,0,0,0,0,0.16,14,0.0,0,0,0,0,0,0,1,0,1,0,0,0,0,0,0,0,0,vetsforukraine.com,com,https://www.vetsforukraine.com,200,0,False,200,False,False,False,False,True,False,55,0,0,0,0,2022-03-03,['https://vetsforukraine.wordpress.com']
61.68,1,1,0,0,9,2,23.0,1.0,0.0,0.0,0,0,1,0,0.01,20,0.0,1,0,0,0,0,0,0,0,1,0,0,0,0,0,2,0,1,viaregia-ukrainehilfe.de,de,https://www.viaregia-ukrainehilfe.de,-1,0,False,200,False,False,False,False,True,False,82,0,0,0,0,2022-03-01,"['https://rarathemes.com', 'https://de.wordpress.org']"
6.44,1,0,0,0,1,3,51.0,40.31,0.0,0.0,0,0,0,0,0.16,17,0.0,0,0,0,0,0,0,1,0,1,0,2,2,2,0,0,2,0,vicjudiforukraine.com,com,https://www.vicjudiforukraine.com,200,0,False,200,False,False,False,False,False,False,0,0,0,0,0,2022-05-03,"['https://www.statesman.com/videos/news/2022/03/22/cedar-creek-couple-unconventional-hug-ukrainians/7119332001', 'https://mobirise.info/h', 'http://www.vicjudi.com']"
0.11,1,0,0,0,1,0,0.0,0.0,0.0,0.0,0,0,0,0,0.55,14,0.067,0,0,0,0,0,1,1,1,1,1,1,1,1,1,1,1,1,victory2ukraine.info,info,https://www.victory2ukraine.info,200,1,False,200,True,False,False,False,True,False,90,0,0,0,0,2022-03-24,[]
0.11,1,0,0,0,1,0,0.0,0.0,0.0,0.0,0,0,0,0,0.13,14,0.067,0,0,0,0,0,1,1,1,1,1,1,1,1,1,1,1,1,victory2ukraine.net,net,https://www.victory2ukraine.net,200,1,False,200,True,False,False,False,True,False,90,0,0,0,0,2022-03-24,[]
0.11,1,0,0,0,1,0,0.0,0.0,0.0,0.0,0,0,0,0,0.05,14,0.067,0,0,0,0,0,1,1,1,1,1,1,1,1,1,1,1,1,victory2ukraine.org,org,https://www.victory2ukraine.org,200,1,False,200,True,False,False,False,True,False,90,0,0,0,0,2022-03-24,[]
0.11,1,0,0,0,1,0,0.0,0.0,0.0,0.0,0,0,1,0,0.33,14,0.067,0,0,0,0,0,1,1,1,1,1,1,1,1,1,1,1,1,victory4ukraine.biz,biz,https://www.victory4ukraine.biz,200,1,False,200,True,False,False,False,True,False,90,0,0,0,0,2022-03-25,[]
0.11,1,0,0,0,1,0,0.0,0.0,0.0,0.0,0,0,0,0,0.16,14,0.067,0,0,0,0,0,1,1,1,1,1,1,1,1,1,1,1,1,victory4ukraine.com,com,https://www.victory4ukraine.com,200,1,False,200,True,False,False,False,True,False,90,0,0,0,0,2022-03-25,[]
0.11,1,0,0,0,1,0,0.0,0.0,0.0,0.0,0,0,0,0,0.55,14,0.067,0,0,0,0,0,1,1,1,1,1,1,1,1,1,1,1,1,victory4ukraine.info,info,https://www.victory4ukraine.info,200,1,False,200,True,False,False,False,True,False,90,0,0,0,0,2022-03-25,[]
0.11,1,0,0,0,1,0,0.0,0.0,0.0,0.0,0,0,0,0,0.04,14,0.067,0,0,0,0,0,1,1,1,1,1,1,1,1,1,1,1,1,victory4ukraine.mobi,mobi,https://www.victory4ukraine.mobi,200,1,False,200,True,False,False,False,True,False,90,0,0,0,0,2022-03-25,[]
0.11,1,0,0,0,1,0,0.0,0.0,0.0,0.0,0,0,0,0,0.05,14,0.067,0,0,0,0,0,1,1,1,1,1,1,1,1,1,1,1,1,victory4ukraine.org,org,https://www.victory4ukraine.org,200,1,False,200,True,False,False,False,True,False,90,0,0,0,0,2022-03-25,[]
0.11,1,0,0,0,1,0,0.0,0.0,0.0,0.0,0,0,1,0,0.29,14,0.067,0,0,0,0,0,1,1,1,1,1,1,1,1,1,1,1,1,victory4ukraine.us,us,https://www.victory4ukraine.us,200,1,False,200,True,False,False,False,True,False,90,0,0,0,0,2022-03-24,[]
0.11,1,0,0,0,1,0,0.0,0.0,0.0,0.0,0,0,1,0,0.33,17,0.0,0,0,0,0,0,1,2,0,1,1,1,1,1,1,1,1,1,victoryforukraine.biz,biz,https://www.victoryforukraine.biz,200,1,False,200,True,False,False,False,True,False,90,0,0,0,0,2022-03-25,[]
0.11,1,0,0,0,1,0,0.0,0.0,0.0,0.0,0,0,0,0,0.12,17,0.0,0,0,0,0,0,1,2,0,0,1,1,1,1,1,1,1,1,victoryforukraine.co,co,https://www.victoryforukraine.co,200,1,False,200,True,False,False,False,True,False,90,0,0,0,0,2022-03-24,[]
0.11,1,0,0,0,1,0,0.0,0.0,0.0,0.0,0,0,0,0,0.16,17,0.0,0,0,0,0,0,1,2,0,1,1,1,1,1,1,1,1,1,victoryforukraine.com,com,https://www.victoryforukraine.com,200,1,False,200,True,False,False,False,True,False,90,0,0,0,0,2022-03-25,[]
0.11,1,0,0,0,1,0,0.0,0.0,0.0,0.0,0,0,0,0,0.55,17,0.0,0,0,0,0,0,1,2,0,1,1,1,1,1,1,1,1,1,victoryforukraine.info,info,https://www.victoryforukraine.info,200,1,False,200,True,False,False,False,True,False,90,0,0,0,0,2022-03-25,[]
0.11,1,0,0,0,1,0,0.0,0.0,0.0,0.0,0,0,1,0,0.29,17,0.0,0,0,0,0,0,1,2,0,0,1,1,1,1,1,1,1,1,victoryforukraine.us,us,https://www.victoryforukraine.us,200,1,False,200,True,False,False,False,True,False,90,0,0,0,0,2022-03-24,[]
0.11,1,0,0,0,1,0,0.0,0.0,0.0,0.0,0,0,1,0,0.13,17,0.0,0,0,0,0,0,1,2,0,1,1,1,1,1,1,1,1,1,victoryforukraine.website,website,https://www.victoryforukraine.website,200,1,False,200,True,False,False,False,True,False,90,0,0,0,0,2022-03-24,[]
0.11,1,0,0,0,1,0,0.0,0.0,0.0,0.0,0,0,0,0,0.2,17,0.0,0,0,0,0,0,1,2,0,0,1,1,1,1,1,1,1,1,victoryforukraine.world,world,https://www.victoryforukraine.world,200,1,False,200,True,False,False,False,True,False,90,0,0,0,0,2022-03-24,[]
0.11,1,0,0,0,1,0,0.0,0.0,0.0,0.0,0,0,1,0,0.33,16,0.0,0,0,0,0,0,1,0,0,1,1,1,1,1,1,1,1,1,victorytoukraine.biz,biz,https://www.victorytoukraine.biz,200,1,False,200,True,False,False,False,True,False,90,0,0,0,0,2022-03-24,[]
0.11,1,0,0,0,1,0,0.0,0.0,0.0,0.0,0,0,0,0,0.16,16,0.0,0,0,0,0,0,1,0,0,1,1,1,1,1,1,1,1,1,victorytoukraine.com,com,https://www.victorytoukraine.com,200,1,False,200,True,False,False,False,True,False,90,0,0,0,0,2022-03-24,[]
0.11,1,0,0,0,1,0,0.0,0.0,0.0,0.0,0,0,0,0,0.13,16,0.0,0,0,0,0,0,1,0,0,1,1,1,1,1,1,1,1,1,victorytoukraine.net,net,https://www.victorytoukraine.net,200,1,False,200,True,False,False,False,True,False,90,0,0,0,0,2022-03-25,[]
4.91,1,0,0,0,6,0,0.0,0.0,0.0,0.0,0,0,0,0,0.16,24,0.0,0,0,0,1,0,0,0,0,1,0,1,1,1,1,1,1,0,violinistssupportukraine.com,com,https://www.violinistssupportukraine.com,200,0,False,200,False,False,False,False,False,False,0,0,0,0,0,2022-03-09,[]
16.5,1,0,0,0,1,6,40.17,14.24,0.0,0.5,0,0,0,0,0.03,12,0.0,0,0,0,0,0,0,0,0,1,0,2,2,2,0,0,2,0,visitukraine.fr,fr,https://www.visitukraine.fr,200,0,False,200,False,False,False,False,False,False,0,0,0,0,0,2022-03-04,"['http://aide.lws.fr/base/generalites/Espace-Client/Decouvrir-LWS-Panel', 'https://www.facebook.com/lws.fr', 'https://twitter.com/Lwshosting', 'https://plus.google.com/102974673929670806972', 'https://www.youtube.com/user/lwshosting', 'http://blog.lws-hosting.com']"
3.65,1,0,0,0,1,1,52.0,0.0,0.0,0.0,0,0,1,0,0.08,12,0.0,0,0,0,0,0,0,0,0,1,0,2,2,2,0,2,2,1,visitukraine.pl,pl,https://www.visitukraine.pl,-1,0,False,200,False,False,False,False,True,False,75,0,0,0,0,2022-04-27,['https://www.aftermarket.pl/?utm_source=parking_click']
75.45,1,0,0,0,35,3,66.0,30.74,0.0,0.67,0,0,0,0,0.16,12,0.077,0,0,0,0,0,0,0,1,0,0,2,2,2,0,0,2,0,voice4ukraine.com,com,https://www.voice4ukraine.com,200,0,False,200,False,False,False,False,False,False,0,0,0,0,0,2022-03-06,"['https://www.facebook.com/Voice-for-Ukraine-111368131493762', 'https://twitter.com/UkraineVoice4', 'https://bank.gov.ua/en/news/all/natsionalniy-bank-vidkriv-spetsrahunok-dlya-zboru-koshtiv-na-potrebi-armiyi']"
173.06,1,1,0,0,22,5,41.4,13.85,0.2,0.0,0,0,0,0,0.16,14,0.0,2,0,0,0,0,0,0,0,1,0,0,0,0,0,0,0,0,voice-of-ukraine.com,com,https://www.voice-of-ukraine.com,200,0,False,200,False,False,False,False,True,False,35,0,0,0,0,2022-03-02,"['http://www.CratesforUkraine.com', 'https://www.cratesforukraine.com/click-ship.html', 'https://www.mtw.org/projects/details/p-0698-crates-for-ukraine', 'https://wordpress.com/?ref=footer_custom_svg', 'https://wp.me/PdLgZW-6']"
17.3,1,0,0,1,2,7,42.86,13.87,0.0,0.43,0,0,0,0,0.16,16,0.0,0,0,0,0,0,0,1,0,0,0,2,2,2,0,2,2,0,voicesforukraine.com,com,https://www.voicesforukraine.com,-1,0,False,200,False,False,False,False,True,False,55,0,0,0,0,2022-03-03,"['https://picklejargives.com/voices-for-ukraine', 'https://apps.apple.com/us/app/picklejar-live/id1517697776', 'https://play.google.com/store/apps/details?id=com.Reatro.picklejar', 'https://picklejar.com', 'https://www.facebook.com/PickleJarLive', 'https://twitter.com/picklejarlive', 'https://www.instagram.com/picklejar_live']"
84.55,1,0,0,1,2,7,36.57,18.31,0.0,0.0,0,0,0,0,0.05,16,0.0,0,0,0,0,0,0,1,0,1,0,0,0,0,0,0,0,0,voicesforukraine.org,org,https://www.voicesforukraine.org,200,0,False,200,False,False,False,False,True,False,55,0,0,0,0,2022-03-15,"['https://cappellaromana.secure.force.com/ticket/#/instances/a0F2M00000MOsZrUAL', 'https://www.mercycorps.org/where-we-work/ukraine', 'http://www.pschoir.org', 'http://www.cappellaromana.org', 'http://www.psuchamberchoir.com', 'http://www.orsingers.org', 'https://www.grantchoir.org']"
64.14,1,0,0,0,22,0,0.0,0.0,0.0,0.0,0,0,1,0,0.01,17,0.0,0,0,0,0,0,0,0,0,1,0,0,0,0,0,0,0,0,voicesfromukraine.de,de,https://www.voicesfromukraine.de,200,0,False,200,False,False,False,False,True,False,72,0,0,0,0,2022-03-05,[]
64.14,1,0,0,0,22,0,0.0,0.0,0.0,0.0,0,0,0,0,0.13,17,0.0,0,0,0,0,0,0,0,0,0,0,0,0,0,0,0,0,0,voicesfromukraine.net,net,https://www.voicesfromukraine.net,200,0,False,200,False,False,False,False,True,False,72,0,0,0,0,2022-03-05,[]
22.77,1,0,0,0,7,4,34.25,3.34,0.0,0.75,0,0,0,0,0.13,15,0.0,0,0,0,0,0,0,0,0,0,0,2,2,2,0,0,2,0,voicesofukraine.net,net,https://www.voicesofukraine.net,404,0,False,200,False,False,False,False,False,False,0,0,0,0,0,2022-03-26,"['https://culturalfoundation.eu', 'https://twitter.com/ukraine_voices', 'https://www.facebook.com/voicesukraine', 'https://instagram.com/ukraine_voices']"
5.65,1,0,0,0,1,1,32.0,0.0,0.0,0.0,0,0,0,0,0.01,16,0.0,1,0,0,0,0,0,0,0,1,0,2,2,2,0,0,2,0,volldabei-ukraine.ch,ch,https://www.volldabei-ukraine.ch,200,0,False,200,False,False,False,False,False,False,0,0,0,0,0,2022-03-10,['https://rechtsberatungsstelle.ch']
10.95,1,0,0,0,1,0,0.0,0.0,0.0,0.0,0,0,0,0,0.05,14,0.0,0,0,0,0,0,0,1,0,0,0,1,2,1,0,1,1,0,volsforukraine.org,org,https://www.volsforukraine.org,200,0,False,200,False,False,False,False,False,False,85,0,0,0,0,2022-05-27,[]
3.07,1,0,0,0,1,0,0.0,0.0,0.0,0.0,0,0,0,0,0.05,20,0.0,0,0,0,0,0,0,1,0,1,1,1,1,1,1,1,1,0,volunteersforukraine.org,org,https://www.volunteersforukraine.org,200,1,False,200,False,False,False,False,False,False,0,0,0,0,0,2022-03-01,[]
40.58,1,0,0,0,5,1,52.0,0.0,0.0,0.0,0,1,1,0,0.29,20,0.0,0,0,0,0,0,0,1,0,1,0,2,2,2,0,2,2,0,volunteersforukraine.us,us,https://www.volunteersforukraine.us,200,0,False,200,False,False,False,False,False,False,0,0,0,0,0,2022-04-01,['https://www.paypal.com/us/fundraiser/charity/4567506']
66.44,1,0,0,0,2,1,132.0,0.0,0.0,0.0,0,0,0,0,0.16,17,0.0,0,0,0,0,0,0,0,0,1,0,2,2,2,0,0,2,0,volunteersukraine.com,com,https://www.volunteersukraine.com,200,0,False,200,False,False,False,False,True,False,35,0,0,0,0,2022-04-17,['https://www.google.com/url?q=https%3A%2F%2Fwww.reddit.com%2Fr%2FvolunteersForUkraine%2F&sa=D&sntz=1&usg=AOvVaw24ho6hk5TqHseTWCB8B7jc']
48.8,1,0,0,0,17,5,34.8,13.38,0.2,0.6,0,0,0,0,0.16,12,0.0,0,0,0,0,0,0,0,0,1,0,0,2,2,0,0,0,0,volyaukraine.com,com,https://www.volyaukraine.com,200,0,False,200,False,False,False,False,False,False,0,0,0,0,0,2022-04-26,"['https://webflow.com', 'https://www.facebook.com/VolyaUkraine', 'https://www.instagram.com/volyaukrainenl', 'https://www.youtube.com/channel/UCg8msVG9zMb-LhsHDmOI1VA', 'https://wa.link/w4oubs']"
48.8,1,0,0,0,17,5,34.8,13.38,0.2,0.6,0,0,0,0,0.01,12,0.0,0,0,0,0,0,0,0,0,1,0,0,2,2,0,0,0,0,volyaukraine.nl,nl,https://www.volyaukraine.nl,200,0,False,200,False,False,False,False,False,False,0,0,0,0,0,2022-05-02,"['https://webflow.com', 'https://www.facebook.com/VolyaUkraine', 'https://www.instagram.com/volyaukrainenl', 'https://www.youtube.com/channel/UCg8msVG9zMb-LhsHDmOI1VA', 'https://wa.link/w4oubs']"
48.8,1,0,0,0,17,5,34.8,13.38,0.2,0.6,0,0,0,0,0.05,12,0.0,0,0,0,0,0,0,0,0,1,0,0,2,2,0,0,0,0,volyaukraine.org,org,https://www.volyaukraine.org,200,0,False,200,False,False,False,False,False,False,0,0,0,0,0,2022-04-26,"['https://webflow.com', 'https://www.facebook.com/VolyaUkraine', 'https://www.instagram.com/volyaukrainenl', 'https://www.youtube.com/channel/UCg8msVG9zMb-LhsHDmOI1VA', 'https://wa.link/w4oubs']"
847.81,1,1,0,1,5,5,102.6,90.83,0.2,0.4,1,0,0,0,0.16,10,0.0,0,0,0,0,0,0,0,0,1,0,0,0,0,0,0,0,0,vthukraine.com,com,https://www.vthukraine.com,200,0,False,301,False,False,False,False,False,False,0,0,0,0,0,2022-04-10,"['https://www.instagram.com/vth.ua', 'https://www.facebook.com/VTHUA-104197612248014', 'https://forms.gle/Mqn9F25E17kBwSeN7', 'https://www.liqpay.ua/api/3/checkout?data=eyJ2ZXJzaW9uIjozLCJhY3Rpb24iOiJwYXlkb25hdGUiLCJhbW91bnQiOjUsImN1cnJlbmN5IjoiVUFIIiwiZGVzY3JpcHRpb24iOiLQnNGW0Lkg0YLQvtCy0LDRgCIsInB1YmxpY19rZXkiOiJpNDk3MTM4NDkxNjEiLCJsYW5ndWFnZSI6InJ1In0=&signature=NIcqy+N4YUxwLMtNqmqSecgcCWU=', 'https://docs.google.com/document/d/1-GusT1XpJc6ijXzruYOXtqNVLVSDrM7v/edit?usp=sharing&ouid=116078006157610137192&rtpof=true&sd=true']"
810.98,1,0,0,0,8,0,0.0,0.0,0.0,0.0,0,0,0,0,0.05,19,0.05,0,0,0,0,0,0,0,1,1,0,0,0,0,0,0,0,0,vtsunflowers4ukraine.org,org,https://www.vtsunflowers4ukraine.org,200,0,False,200,False,False,False,False,False,False,0,0,0,0,0,2022-03-19,[]
179.18,1,1,0,0,16,5,48.4,33.88,0.0,0.0,0,0,0,0,0.16,11,0.0,0,0,0,0,0,0,0,0,1,1,0,0,0,0,0,0,0,wakaukraine.com,com,https://www.wakaukraine.com,200,0,False,200,False,False,False,False,True,False,55,0,0,0,0,2022-04-14,"['https://www.wakavaping.com?jump=true', 'https://walavape.com?jump=true', 'https://storelocator.relxnow.com/?brand=waka', 'https://google.com', 'https://waka-api.offlinesass.com/facebook/toLogin?store=waka-ua&subscribeStatus=1&returnTo=https://wakaukraine.com']"
3.86,1,0,0,0,1,0,0.0,0.0,0.0,0.0,0,0,1,0,0.01,19,0.0,2,0,0,0,0,0,0,0,0,0,1,1,1,1,1,1,0,waldorf-hilft-ukraine.de,de,https://www.waldorf-hilft-ukraine.de,200,0,False,200,False,False,False,False,False,False,0,0,0,0,0,2022-03-01,[]
825.57,0,0,0,0,1,4,41.25,7.69,0.0,0.5,0,0,0,0,0.16,16,0.059,0,0,0,0,0,0,0,1,1,0,0,0,0,0,0,0,0,walkamile4ukraine.com,com,https://www.walkamile4ukraine.com,200,0,False,200,False,False,False,False,False,False,0,0,0,0,0,2022-03-09,"['https://www.instagram.com/bidgleypower/?hl=en', 'https://www.facebook.com/BidgleyPowerFoundation', 'https://www.bidgleypower.org', 'http://wix.com/?utm_campaign=vir_created_with']"
2.22,1,0,0,0,6,0,0.0,0.0,0.0,0.0,0,0,1,0,2.63,12,0.0,2,0,0,0,0,1,0,0,1,0,1,1,1,1,1,1,0,war-in-ukraine.live,live,https://www.war-in-ukraine.live,200,0,False,200,False,False,False,False,True,False,55,0,0,0,0,2022-03-02,[]
100.95,1,0,0,0,31,2,37.0,17.0,0.0,0.0,0,0,1,1,2.63,12,0.0,0,0,0,0,0,1,0,0,0,0,0,0,0,0,2,0,1,warofukraine.pp.ua,pp.ua,https://www.warofukraine.pp.ua,-1,0,False,200,False,True,False,False,True,False,91,0,0,0,0,2022-04-03,"['http://www.cryoutcreations.eu/wordpress-themes/bravada', 'http://wordpress.org']"
1337.69,1,0,1,0,3,3,44.33,2.87,0.0,0.67,0,0,0,0,0.16,16,0.0,0,0,0,0,0,1,0,0,1,0,0,0,0,0,0,0,0,warreliefukraine.com,com,https://www.warreliefukraine.com,200,0,False,200,False,False,False,False,False,False,0,0,0,0,0,2022-03-03,"['https://www.bonfire.com/store/war-relief-ukraine', 'https://www.instagram.com/war.relief.ukraine', 'https://www.facebook.com/warreliefukraine']"
24.81,1,0,0,0,4,2,26.0,2.0,0.0,0.0,0,0,0,0,0.16,37,0.0,0,0,0,1,0,1,1,0,1,0,2,2,2,0,2,2,0,warsawcoordinationcenterforukraineaid.com,com,https://www.warsawcoordinationcenterforukraineaid.com,200,0,False,200,False,False,False,False,False,False,0,0,0,0,0,2022-03-05,"['http://www.elegantthemes.com', 'http://www.wordpress.org']"
246.35,1,0,0,0,43,3,49.0,0.82,0.0,0.67,0,0,0,0,0.16,17,0.0,0,0,0,0,0,1,1,0,0,0,0,0,0,0,0,0,0,warstoriesukraine.com,com,https://www.warstoriesukraine.com,200,0,False,200,False,False,False,False,False,False,0,0,0,0,0,2022-03-06,"['https://www.patreon.com/war_stories_from_ukraine', 'https://www.facebook.com/war.stories.from.ukraine', 'https://www.instagram.com/war.stories.from.ukraine']"
1.19,1,0,0,0,1,0,0.0,0.0,0.0,0.0,0,0,0,0,0.55,10,0.0,1,0,0,0,0,1,0,0,0,1,1,1,1,1,1,1,1,war-ukraine.info,info,https://www.war-ukraine.info,-1,0,False,200,False,False,False,False,True,False,95,0,0,0,0,2022-02-27,[]
84.48,1,0,0,0,2,1,92.0,0.0,0.0,0.0,0,0,0,0,0.05,10,0.0,0,0,0,0,0,1,0,0,0,0,2,0,2,0,0,0,0,warukraine.org,org,https://www.warukraine.org,200,0,False,200,False,False,False,False,False,False,0,0,0,0,0,2022-03-08,['https://ld-wp73.template-help.com/monstroid2/skins/acidic/wp-content/uploads/2018/06/bg0.png']
152.9,1,0,0,0,122,8,35.5,13.77,0.0,0.0,0,0,0,0,0.05,10,0.0,1,0,0,0,0,1,0,0,0,0,0,0,0,0,0,0,0,war-ukraine.org,org,https://www.war-ukraine.org,200,0,False,200,False,False,False,False,False,False,0,0,0,0,0,2022-03-24,"['https://u24.gov.ua', 'https://donate.redcrossredcrescent.org/ua/donate/~my-donation?_cv=1', 'https://redcross.org.ua/en/contacts-2', 'https://ohmatdyt.com.ua/en', 'https://help.unicef.org/ukraine-emergency', 'https://standforukraine.com', 'https://help.palianytsia.com.ua', 'https://tabletochki.org/en/foundation']"
113.06,1,0,0,0,11,5,33.0,6.16,0.0,0.4,0,0,1,0,0.01,12,0.077,0,0,0,0,0,0,0,1,0,0,0,0,0,0,0,0,0,water4ukraine.de,de,https://www.water4ukraine.de,200,0,False,200,False,False,False,False,False,False,0,0,0,0,0,2022-04-06,"['https://www.civitasconnect.digital', 'https://www.wsw-online.de', 'https://www.komm-passion.de', 'https://www.facebook.com/water4ukraine', 'https://www.instagram.com/waterforukraine']"
57.14,1,0,0,0,8,4,31.75,8.53,0.25,0.5,0,0,0,0,0.05,12,0.0,0,0,0,0,0,0,0,0,1,0,0,0,0,0,0,0,0,wayofukraine.org,org,https://www.wayofukraine.org,200,1,False,200,False,False,False,False,False,False,0,0,0,0,0,2022-06-06,"['https://instagram.com/way_of_ukraine', 'https://www.facebook.com/wayofukraine', 'https://goo.gl/maps/dcHpUymMNnP97r8eA', 'https://nitrix.io']"
56.6,1,0,0,0,8,3,58.33,33.21,0.0,0.0,0,0,0,0,0.05,17,0.0,0,0,0,1,0,0,1,0,1,0,2,2,2,0,0,2,0,waystohelpukraine.org,org,https://www.waystohelpukraine.org,-1,0,False,200,False,False,False,False,False,False,0,0,0,0,0,2022-04-30,"['https://www.addtoany.com/add_to/facebook?linkurl=https%3A%2F%2Fwaystohelpukraine.org%2F&linkname=Home', 'http://www.cryoutcreations.eu/wordpress-themes/esotera', 'http://wordpress.org']"
47.92,1,0,0,0,1,1,47.0,0.0,0.0,1.0,0,0,0,0,0.16,21,0.0,0,0,0,1,0,0,0,0,0,0,2,2,2,0,0,2,0,weallstandwithukraine.com,com,https://www.weallstandwithukraine.com,200,0,False,200,False,False,False,False,False,False,0,0,0,0,0,2022-03-01,['https://www.instagram.com/weallstandwithukraine']
37.3,1,0,0,0,5,23,51.7,43.46,0.04,0.04,1,0,0,0,0.16,16,0.0,0,0,0,0,0,1,1,0,0,0,2,2,2,0,2,2,1,weaponstoukraine.com,com,https://www.weaponstoukraine.com,200,0,True,200,False,False,True,True,True,False,100,0,0,0,0,2022-05-06,"['https://www.zbraneproukrajinu.cz', 'https://www.geschenkfurputin.de', 'https://www.armespourlukraine.fr', 'https://www.fegyvereketukrajnanak.cz', 'https://www.ukurainamukebuki.jp', 'https://www.wapensvooroekraine.nl', 'https://www.brondlaukrainy.pl', 'https://www.cadoupentruputin.ro', 'https://www.darcekpreputina.eu', 'https://www.podarunokputinu.org.ua', 'https://twitter.com/nafo4ua', 'https://www.nytimes.com/2022/05/10/world/middleeast/ukraine-crowdsourcing-online-donations.html', 'https://edition.cnn.com/webview/europe/live-news/ukraine-russia-putin-news-03-16-22/h_4d8a42ae0a47063aca029dd433a7535d?utm_medium=social&utm_term=link&utm_source=twCNNi&utm_content=2022-03-16T12%3A45%3A08', 'https://www.bbc.com/news/world-europe-63121649', 'https://www.spiegel.de/ausland/tschechische-buerger-sammeln-1-34-millionen-euro-fuer-einen-panzer-a-ef3dc408-d549-4fdb-bfa2-cde4d1c4b1f7', 'https://eshop.zapojmeukrajinu.cz/en-en/products/unisex-organic-cotton-t-shirt', 'https://www.proukrajinu.org', 'https://docs.google.com/document/d/1hixjv6p9D5EDCqwdnULxM2zrRazSuZ0B5PKRc8Sj6CU/edit#heading=h.spnw36dbftpg', 'https://forms.gle/pdNMzTqXhs9EYLDs6', 'https://www.alliesforukraine.org', 'https://www.team4ukraine.eu', 'https://www.pametnaroda.cz/cs', 'http://zdravotnizajisteni.cz']"
232.88,1,0,0,0,8,13,35.69,13.61,0.0,0.15,0,0,1,0,0.01,18,0.0,0,0,0,0,0,0,0,0,0,0,0,0,0,0,0,0,0,weareallukrainians.de,de,https://www.weareallukrainians.de,200,0,False,200,False,False,False,False,True,False,61,0,0,0,0,2022-03-09,"['http://&/#039;', 'https://wirhelfenkindern.rtl.de', 'https://www.menschen-brauchen-menschen.org', 'https://www.apotheker-ohne-grenzen.de', 'https://aids-stiftung.de', 'https://www.at-fire.de', 'https://be-an-angel.org', 'https://kyiv.hamburg.de/kyiv', 'https://www.instagram.com/weareallukrainians2022/?hl=de', 'https://www.linkedin.com/company/weareallukrainians', 'https://www.jobaidukraine.com', 'https://www.deutsche-stiftung-engagement-und-ehrenamt.de', 'https://wordpress.org/plugins/gdpr-cookie-compliance']"
232.88,1,0,0,0,8,13,35.69,13.61,0.0,0.15,0,0,0,0,0.2,18,0.0,0,0,0,0,0,0,0,0,0,0,0,0,0,0,0,0,0,weareallukrainians.world,world,https://www.weareallukrainians.world,200,0,False,200,False,False,False,False,True,False,61,0,0,0,0,2022-03-08,"['http://&/#039;', 'https://wirhelfenkindern.rtl.de', 'https://www.menschen-brauchen-menschen.org', 'https://www.apotheker-ohne-grenzen.de', 'https://aids-stiftung.de', 'https://www.at-fire.de', 'https://be-an-angel.org', 'https://kyiv.hamburg.de/kyiv', 'https://www.instagram.com/weareallukrainians2022/?hl=de', 'https://www.linkedin.com/company/weareallukrainians', 'https://www.jobaidukraine.com', 'https://www.deutsche-stiftung-engagement-und-ehrenamt.de', 'https://wordpress.org/plugins/gdpr-cookie-compliance']"
515.02,1,0,0,0,3,2,51.0,10.0,0.0,1.0,0,0,0,0,0.55,16,0.0,0,0,0,0,0,0,0,0,1,0,0,0,0,0,0,0,0,wearefromukraine.info,info,https://www.wearefromukraine.info,-1,0,False,200,False,False,False,False,False,False,40,0,0,0,0,2022-04-26,"['https://instagram.com/wearefromukraineorg?igshid=YmMyMTA2M2Y=', 'http://facebook.com/wearefromukraine.info']"
115.73,1,0,0,1,12,1,88.0,0.0,0.0,0.0,0,0,0,0,0.05,16,0.0,0,0,0,0,0,0,0,0,0,0,0,0,0,0,0,0,0,wearefromukraine.org,org,https://www.wearefromukraine.org,200,0,False,200,False,False,False,False,False,False,0,0,0,0,0,2022-03-15,['https://www.shopify.com?utm_campaign=poweredby&utm_medium=shopify&utm_source=onlinestore']
95.24,1,0,0,0,65,3,36.0,12.83,0.0,0.67,0,0,0,0,0.55,12,0.0,0,0,0,0,0,0,0,0,1,0,0,0,0,0,0,0,0,weareukraine.info,info,https://www.weareukraine.info,200,0,False,301,False,False,False,False,False,False,0,0,0,0,0,2022-02-28,"['https://www.instagram.com/weareukraine.info', 'https://www.linkedin.com/company/we-are-ukraine', 'https://empat.tech']"
0.11,1,0,0,0,1,0,0.0,0.0,0.0,0.0,0,0,0,0,0.05,12,0.0,0,0,0,0,0,0,0,0,0,1,1,1,1,1,1,1,1,weareukraine.org,org,https://www.weareukraine.org,200,1,False,200,True,False,False,False,True,False,90,0,0,0,0,2022-02-26,[]
38.51,1,0,0,0,35,1,53.0,0.0,0.0,0.0,0,0,0,0,0.05,15,0.0,0,0,0,0,0,0,0,0,0,0,2,2,2,0,0,2,0,weareukrainenft.org,org,https://www.weareukrainenft.org,200,1,False,200,False,False,False,False,True,False,61,0,0,0,0,2022-05-28,['http://imake20230909.net/search?n=chistus&q=wallpaper']
1.06,1,0,0,0,1,0,0.0,0.0,0.0,0.0,0,0,0,0,0.16,10,0.091,0,0,0,0,0,0,0,0,0,0,1,1,1,1,1,1,1,web3ukraine.com,com,https://www.web3ukraine.com,-1,0,False,200,True,False,False,False,True,False,99,0,0,0,0,2022-03-30,[]
0.11,1,0,0,0,1,0,0.0,0.0,0.0,0.0,0,0,0,0,0.05,13,0.0,0,0,0,0,0,0,0,0,1,0,1,1,1,1,1,1,1,webackukraine.org,org,https://www.webackukraine.org,-1,0,False,200,False,False,False,False,True,False,75,0,0,0,0,2022-03-19,[]
37.19,1,0,0,0,1,11,42.0,22.51,0.0,0.0,0,0,1,0,0.01,15,0.0,1,0,0,0,0,0,0,0,1,0,2,2,2,0,0,2,0,wedemark-ukraine.de,de,https://www.wedemark-ukraine.de,200,0,False,200,False,False,False,False,False,False,0,0,0,0,0,2022-03-06,"['https://www.niedersachsen.de/startseite/themen/krieg-in-der-ukraine-fragen-und-antworten-209095.html', 'http://www.emilie-wedemark.de', 'https://www.malbildhauer.de/deutsch/%C3%BCber-mich', 'https://www.bamf.de/DE/Behoerde/Aufbau/Standorte/standorte-node.html', 'http://www.freundhof.de', 'http://www.wedemark.de', 'http://www.einzigartig-wedemark.de', 'https://wedemark.dlrg.de', 'https://staedtepartnerschaften-wedemark.de/de', 'http://www.miteinanderwedemark.de', 'http://www.hannover.de/bunteregion']"
143.82,1,0,0,0,8,2,110.0,17.0,0.0,0.5,0,0,0,0,0.05,13,0.0,0,0,0,0,0,0,0,0,0,0,0,0,0,0,0,0,0,wefromukraine.org,org,https://www.wefromukraine.org,200,0,False,200,False,False,False,False,False,False,0,0,0,0,0,2022-05-03,"['https://pay.fondy.eu/s/m9DGQsfoPeI?_ga=2.202667927.707958877.1663871351-1551364125.1663236676', 'https://www.youtube.com/embed/1MTkZPys7mU?feature=oembed?playlist=1MTkZPys7mU&mute=0&autoplay=0&loop=no&controls=0&start=0&end=']"
17.81,1,0,0,0,3,2,32.0,3.0,0.0,0.0,0,0,1,0,0.01,19,0.0,1,0,0,0,0,0,0,0,1,0,2,2,2,0,2,2,0,wegbegleiter-ukraine.de,de,https://www.wegbegleiter-ukraine.de,200,0,False,200,False,False,False,False,False,False,0,0,0,0,0,2022-03-04,"['https://www.lotto-sport-stiftung.de', 'https://www.tabmag.de/de/home']"
1.07,1,0,0,0,1,0,0.0,0.0,0.0,0.0,0,0,0,0,0.16,14,0.0,0,0,0,0,1,0,0,0,0,0,1,1,1,1,1,1,0,weheartukraine.com,com,https://www.weheartukraine.com,-1,0,False,200,False,False,False,False,False,False,77,0,0,0,0,2022-03-10,[]
130.61,1,0,0,0,20,1,84.0,0.0,0.0,0.0,0,0,1,0,0.06,14,0.0,1,0,0,0,0,0,0,0,1,0,0,0,0,0,0,0,1,welcome-ukraine.eu,eu,https://www.welcome-ukraine.eu,200,0,False,200,True,False,False,False,True,False,82,0,0,0,0,2022-03-04,['https://eu-solidarity-ukraine.ec.europa.eu/information-people-fleeing-war-ukraine_en']
95.98,1,0,0,0,6,4,45.5,21.85,0.0,0.25,0,0,0,0,0.02,14,0.0,0,0,0,0,0,0,0,0,0,0,0,0,0,0,0,0,0,welcomeukraine.se,se,https://www.welcomeukraine.se,200,0,False,200,False,False,False,False,True,False,35,0,0,0,0,2022-05-28,"['https://www.google.se/maps/dir//J%C3%A4gerhorns+v%C3%A4g+8%2C+141+75+Kungens+Kurva', 'https://www.facebook.com/RKskarholmen', 'https://www.svenskakyrkan.se/sofia/barn', 'https://www.tomtit.se/en']"
563.97,0,0,0,0,1,5,46.6,22.78,0.0,0.6,0,0,0,0,0.01,23,0.0,0,0,0,0,0,0,0,0,1,0,0,0,0,0,0,0,0,welcomeukraineinbelgium.be,be,https://www.welcomeukraineinbelgium.be,200,1,False,200,False,False,False,False,True,False,55,0,0,0,0,2022-03-13,"['https://www.forumjobs.be/nl', 'https://www.instagram.com/forumjobs', 'https://www.facebook.com/forumjobs.be', 'https://www.linkedin.com/company/forum-jobs', 'http://www.maister.be/?utm_source=site-by-maister&utm_medium=referal&utm_campaign=forumjobs']"
4.89,1,0,0,0,1,0,0.0,0.0,0.0,0.0,0,0,1,0,0.01,16,0.0,1,0,0,0,0,0,0,0,1,0,1,1,1,1,1,1,1,welcome-ukrainian.de,de,https://www.welcome-ukrainian.de,200,1,False,200,False,False,False,False,True,False,82,0,0,0,0,2022-07-16,[]
160.54,1,0,0,0,25,12,45.0,21.08,0.0,0.42,0,0,0,0,0.16,13,0.071,0,0,0,0,0,0,0,1,0,0,0,0,0,0,0,0,1,weplay4ukraine.com,com,https://www.weplay4ukraine.com,200,0,False,200,False,False,False,False,True,False,82,0,0,0,0,2022-03-22,"['https://www.instagram.com/we.play4ukraine', 'https://www.facebook.com/profile.php?id=100088712356097', 'https://twitter.com/weplay4ukraine', 'https://www.linkedin.com/in/christoph-m%C3%BCller-267302129', 'https://www.bgk-verein.de/geldspenden', 'https://www.dropbox.com/s/3h0om522cgop85f/Generalanzeiger%20November.pdf?dl=0', 'https://www1.wdr.de/mediathek/av/video-bonner-musiker-macht-musik-benefiz-projekt--100.html', 'https://www.youtube.com/watch?v=DjXnhfPzUe0&t=8s', 'http://www.uhutoons.com', 'https://ep1.sagdeyev.com', 'https://ukrainianlive.org', 'http://www.jungepartner.de']"
766.46,1,0,0,0,7,0,0.0,0.0,0.0,0.0,0,0,0,0,0.16,16,0.0,0,0,0,0,0,0,1,0,1,0,0,0,0,0,0,0,0,wesingforukraine.com,com,https://www.wesingforukraine.com,200,0,False,200,False,False,False,False,True,False,55,0,0,0,0,2022-03-07,[]
111.54,1,0,0,0,11,3,55.0,21.23,0.0,0.0,0,0,1,0,0.06,18,0.0,3,0,0,1,0,0,0,0,1,0,0,0,0,0,0,0,0,we-stand-with-ukraine.eu,eu,https://www.we-stand-with-ukraine.eu,200,0,False,200,False,False,False,False,True,False,55,0,0,0,0,2022-03-02,"['https://unitedforukraine.org/request-help', 'https://www.test.de/Richtig-spenden-So-erkennen-Sie-serioese-Organisationen-4633447-0', 'https://cookiedatabase.org/tcf/purposes']"
244.47,1,0,0,0,11,2,77.0,33.0,0.0,0.5,0,0,0,0,0.16,16,0.0,2,0,0,1,0,0,0,0,1,0,0,0,0,0,0,0,0,we-support-ukraine.com,com,https://www.we-support-ukraine.com,-1,0,False,200,False,False,False,False,False,False,0,0,0,0,0,2022-03-02,"['https://www.facebook.com/wesupportukrainecom', 'https://civilstyrelsen.dk/sagsomraader/indsamlingsnaevnet/godkendte-indsamlinger/2023/we-support-ukraine-04679']"
3.18,1,0,0,0,1,0,0.0,0.0,0.0,0.0,0,0,0,0,0.16,19,0.0,0,0,0,1,0,0,0,0,0,0,1,1,1,1,1,1,0,wesupportukrainenft.com,com,https://www.wesupportukrainenft.com,200,0,False,200,False,False,False,False,False,False,0,0,0,0,0,2022-03-01,[]
1883.15,1,0,0,1,37,4,58.5,22.96,0.0,0.5,0,0,0,0,0.16,9,0.0,0,0,0,0,0,0,0,0,0,0,0,0,0,0,0,0,0,weukraine.com,com,https://www.weukraine.com,200,0,False,200,False,False,False,False,False,False,0,0,0,0,0,2022-02-28,"['https://m.jpost.com/israel-news/culture/article-703673/amp', 'https://vogue.ua/article/fashion/brend/yak-na-tizhni-modi-v-tel-avivi-pidtrimuvali-ukrajinu.html', 'https://www.instagram.com/we__ukraine', 'https://www.facebook.com/weukrainecommunity']"
937.73,1,0,0,0,7,5,35.2,5.11,0.0,0.6,0,0,0,0,0.03,9,0.0,0,0,0,0,0,0,0,0,1,0,0,0,0,0,0,0,0,weukraine.fr,fr,https://www.weukraine.fr,200,0,False,200,False,False,False,False,False,False,0,0,0,0,0,2022-03-01,"['https://standwithukraine.app', 'https://www.linkedin.com/company/weukraine', 'https://twitter.com/WeUkraineFr', 'https://www.facebook.com/WeUkraineFr', 'https://www.softr.io/?via=madewithbadge']"
217.65,1,0,0,0,5,2,39.0,2.0,0.0,1.0,0,0,0,0,0.05,12,0.0,0,0,0,0,0,0,0,0,1,0,0,0,0,0,0,0,0,weukrainians.org,org,https://www.weukrainians.org,200,0,False,200,False,False,False,False,False,False,35,0,0,0,0,2022-05-05,"['https://www.facebook.com/WeUKrainians', 'https://www.instagram.com/weukrainians.ua']"
0.51,1,0,0,0,1,0,0.0,0.0,0.0,0.0,0,0,0,0,0.55,10,0.0,1,0,0,0,0,0,0,0,1,0,1,1,1,1,1,1,1,why-ukraine.info,info,https://www.why-ukraine.info,-1,0,False,200,False,False,False,False,True,False,75,0,0,0,0,2022-05-05,[]
43.33,1,0,0,0,14,9,38.44,14.68,0.0,0.22,0,1,1,0,0.01,22,0.0,2,0,0,0,0,0,0,0,1,0,2,2,2,0,2,2,1,wiederaufbau-der-ukraine.de,de,https://www.wiederaufbau-der-ukraine.de,200,0,False,200,False,False,False,False,True,False,82,0,0,0,0,2022-04-03,"['https://www.paypal.com/donate/?hosted_button_id=JJ7WE9GDDPMVS', 'https://embedsocial.com/social-media-aggregator', 'https://www.wingsofvalor.org/home-de', 'https://geo.knu.ua', 'https://learnopolis.net/de', 'https://www.instagram.com/wiederaufbau_der_ukraine', 'https://www.facebook.com/profile.php?id=100085074474839', 'http://www.typo3.org', 'https://www.bootstrap-package.com']"
453.65,1,0,0,0,7,4,36.5,5.5,0.0,0.5,0,0,0,0,0.16,15,0.0,0,0,0,0,0,0,0,0,1,0,0,0,0,0,0,0,0,wingsukrainehub.com,com,https://www.wingsukrainehub.com,-1,0,False,200,False,False,False,False,True,False,55,0,0,0,0,2022-05-31,"['http://www.wingscharity.com', 'https://www.northdevonwithukraine.co.uk', 'https://www.instagram.com/wingssouthwest', 'https://www.facebook.com/wingsnorthdevon']"
25.37,1,0,0,0,1,0,0.0,0.0,0.0,0.0,0,0,0,0,0.55,10,0.0,0,0,0,0,0,0,0,0,1,0,0,0,0,0,1,0,0,winukraine.info,info,https://www.winukraine.info,200,1,False,200,False,False,False,False,True,False,55,0,0,0,0,2022-04-08,[]
4.6,1,0,0,0,1,1,21.0,0.0,0.0,0.0,0,0,1,0,0.01,19,0.0,3,0,0,0,0,0,0,0,0,0,2,2,2,0,2,2,0,wir-helfen-der-ukraine.de,de,https://www.wir-helfen-der-ukraine.de,200,0,False,200,False,False,False,False,False,False,0,0,0,0,0,2022-03-31,['https://www.strato.de']
0.11,1,0,0,0,11,1,35.0,0.0,1.0,0.0,1,0,0,0,0.01,16,0.0,0,0,0,0,0,0,0,0,0,0,2,1,2,0,2,2,0,wirhelfenukraine.at,at,https://www.wirhelfenukraine.at,200,1,False,200,False,False,False,False,False,False,72,0,0,0,0,2022-03-11,['https://forms.gle/6ioL3XSkVBr63Vdh9']
83.02,1,0,0,0,2,1,46.0,0.0,0.0,0.0,0,1,1,0,0.01,14,0.0,0,0,0,0,0,0,0,0,1,0,0,0,0,0,2,0,0,wirsindukraine.de,de,https://www.wirsindukraine.de,200,1,False,200,False,False,False,False,False,False,0,0,0,0,0,2022-03-06,['https://www.paypal.com/paypalme/wirsindukraine']
17.37,1,0,0,0,1,0,0.0,0.0,0.0,0.0,0,0,1,0,0.01,14,0.0,2,0,0,0,0,0,0,0,0,0,0,2,1,0,1,1,0,wir-sind-ukraine.de,de,https://www.wir-sind-ukraine.de,-1,0,False,200,False,False,False,False,True,False,35,0,0,0,0,2022-03-04,[]
0.02,1,0,0,0,1,0,0.0,0.0,0.0,0.0,0,0,0,0,0.16,20,0.0,0,0,0,0,1,0,1,0,0,0,1,1,1,1,1,1,0,withaheartforukraine.com,com,https://www.withaheartforukraine.com,200,0,False,200,False,False,False,False,False,False,0,0,0,0,0,2022-04-29,[]
244.13,0,0,1,0,2,14,56.64,30.1,0.0,0.14,0,0,0,0,0.16,13,0.0,0,0,0,0,0,0,0,0,1,0,0,0,0,0,0,0,0,withinukraine.com,com,https://www.withinukraine.com,200,0,False,200,False,False,False,False,False,False,0,0,0,0,0,2022-03-24,"['https://ridni.org.ua', 'https://futura-hub.com.ua/main-en', 'https://syncaroo.com/wp-content/uploads/2022/03/startupdepot8.jpg', 'https://workit.space/en', 'https://startupdepot.lviv.ua/en', 'https://twitter.com/bchesky/status/1502466515014074371', 'https://coworkingidea.org/2022/03/09/idea-project-special-edition-ukraine', 'https://www.coworkingassociation.org.ua', 'https://www.andcards.com/blog/news/support-ukrainian-coworking-spaces', 'https://coworkingassembly.eu/supporting-communities-within-ukraine-through-local-coworking-spaces', 'https://hectorkolonas.com/directly-supporting-communities-in-ukraine-through-local-coworking-spaces/#embed', 'https://upflex.com/within-ukraine', 'https://www.linkedin.com/posts/popdesk_please-support-ukrainian-coworking-space-activity-6912404938539048960-7fwF', 'https://www.flowplaces.co/ukraine-nft']"
468.8,1,0,0,0,10,0,0.0,0.0,0.0,0.0,0,0,1,0,0.06,11,0.0,0,0,0,0,0,0,0,0,1,1,0,0,0,0,0,0,0,withukraine.eu,eu,https://www.withukraine.eu,200,0,False,200,False,False,False,False,True,False,55,0,0,0,0,2022-03-08,[]
258.03,0,0,0,0,15,7,41.71,24.19,0.0,0.0,0,0,0,0,0.01,11,0.0,0,0,0,0,0,0,0,0,0,0,0,0,0,0,0,0,0,withukraine.lt,lt,https://www.withukraine.lt,200,0,False,200,False,False,False,False,False,False,40,0,0,0,0,2022-03-19,"['https://0rs0r9mdix1.typeform.com/to/QXLxIUjt', 'https://suukraina.lt/informacija-lietuviams/kompensacijos', 'https://laisves.tv', 'https://kurklt.lt', 'https://www.contentful.com', 'https://lrv.lt/lt/aktuali-informacija/informacija-apie-kara-ukrainoje/aktuali-informacija-1', 'https://adaptagency.com/adapt-lithuania']"
3.41,1,0,0,0,1,1,21.0,0.0,0.0,0.0,0,0,0,0,0.05,11,0.0,0,0,0,0,0,0,0,0,1,0,2,2,2,0,2,2,0,withukraine.org,org,https://www.withukraine.org,530,0,False,200,False,False,False,False,False,False,0,0,0,0,0,2022-02-26,['https://u24.gov.ua/uk']
189.29,1,1,1,1,14,1,50.0,0.0,0.0,0.0,0,0,0,0,0.05,11,0.0,1,0,0,0,0,0,0,0,1,0,0,0,0,0,0,0,0,with-ukraine.org,org,https://www.with-ukraine.org,200,1,False,200,False,False,False,False,False,False,0,0,0,0,0,2022-03-02,['https://stand-with-ukraine.squarespace.com/s/1.pdf']
98.15,1,0,0,0,9,2,50.0,28.0,0.0,0.0,0,0,0,0,0.05,20,0.0,0,0,0,1,0,0,0,0,1,0,0,0,0,0,0,0,0,witneyukrainesupport.org,org,https://www.witneyukrainesupport.org,200,0,False,200,False,False,False,False,True,False,55,0,0,0,0,2022-05-17,"['https://app.sheepcrm.com/witney-ukraine-response/form/627d4cd5eb69263172332b3e', 'http://squarespace.com']"
571.61,1,0,0,0,3,1,18.0,0.0,0.0,0.0,0,0,0,0,0.16,19,0.0,0,0,0,0,0,0,0,0,1,0,0,0,0,0,0,0,0,wixeducationukraine.com,com,https://www.wixeducationukraine.com,-1,0,False,200,False,False,False,False,True,False,55,0,0,0,0,2022-05-18,['http://www.wix.com']
37.15,0,0,0,0,1,7,33.43,5.55,0.0,0.0,0,0,1,0,0.01,14,0.0,1,0,0,0,0,0,0,0,0,0,2,2,2,0,2,2,0,wohnung-ukraine.de,de,https://www.wohnung-ukraine.de,200,0,False,200,False,False,False,False,False,False,0,0,0,0,0,2022-03-30,"['https://www.einbuergerungstest-online.de', 'https://www.fuehrerscheintest-online.de', 'https://www.einbuergerung.at', 'https://www.citizenshiptest-online.com', 'https://www.lifeinuk.org', 'https://www.staedtesuchenspiel.de', 'https://lottozahlengenerator.net']"
102.42,1,0,0,0,18,2,30.0,8.0,0.5,0.0,0,0,0,0,0.16,14,0.0,0,0,0,0,0,0,0,0,1,0,0,0,0,0,0,0,0,wordsofukraine.com,com,https://www.wordsofukraine.com,200,0,False,200,False,False,False,False,True,False,55,0,0,0,0,2022-03-01,"['https://wordpress.com/?ref=footer_blog', 'https://wp.me/PdL9Zj-T']"
42.35,1,0,0,0,5,0,0.0,0.0,0.0,0.0,0,0,0,0,0.01,14,0.0,0,0,0,0,0,0,1,0,1,0,0,0,0,0,1,0,0,workforukraine.nl,nl,https://www.workforukraine.nl,200,0,False,200,False,False,False,False,True,False,61,0,0,0,0,2022-07-08,[]
1.19,1,0,0,0,1,0,0.0,0.0,0.0,0.0,0,0,0,0,0.16,14,0.0,0,0,0,0,0,0,0,0,1,0,1,1,1,1,1,1,0,workingukraine.com,com,https://www.workingukraine.com,200,0,False,200,False,False,False,False,False,False,0,0,0,0,0,2022-03-10,[]
8.24,1,0,0,0,2,6,48.0,20.85,0.0,0.67,0,0,0,0,0.16,20,0.0,0,0,1,0,0,0,1,0,0,0,2,2,2,0,2,2,0,worldcoinsforukraine.com,com,https://www.worldcoinsforukraine.com,200,0,False,200,False,False,False,False,False,False,0,0,0,0,0,2022-03-22,"['https://mklgroup.eu', 'https://www.privacypolicygenerator.info/live.php?token=NYHjTgrSRAs8VNqCOCQDMvaHyerJQfAI', 'https://www.facebook.com/WorldCoinsForUkraine', 'https://www.instagram.com/worldcoinsforukraine', 'https://twitter.com/CoinsForUkraine', 'https://www.linkedin.com/company/world-coins-for-ukraine']"
89.2,1,0,0,0,5,4,33.25,10.21,0.0,0.25,0,0,0,0,0.05,16,0.0,0,0,0,1,0,0,0,0,1,0,0,0,0,0,0,0,0,worldhelpukraine.org,org,https://www.worldhelpukraine.org,200,0,False,200,False,False,False,False,True,False,55,0,0,0,0,2022-03-17,"['https://www.facebook.com/groups/972620503384050', 'https://donorbox.org/world-help-ukraine', 'https://zsocialexpert.com', 'https://deepdigital.co']"
146.32,1,1,0,1,5,5,41.8,12.12,0.0,0.4,0,0,0,0,0.16,22,0.0,0,0,0,1,0,0,0,0,0,0,0,0,0,0,0,0,0,worldstandswithukraine.com,com,https://www.worldstandswithukraine.com,200,0,False,200,False,False,False,False,True,False,55,0,0,0,0,2022-03-04,"['https://bank.gov.ua/en/about/support-the-armed-forces\xa0', 'https://war.ukraine.ua', 'https://policies.google.com/privacy', 'https://www.facebook.com/WorldStandsWithUkraine', 'https://www.instagram.com/worldstandswithukraine']"
48.48,1,0,0,0,48,3,31.67,17.25,0.0,0.0,0,0,1,0,0.06,13,0.0,0,0,0,0,0,0,0,0,0,0,0,2,2,0,0,0,0,wprostukraine.eu,eu,https://www.wprostukraine.eu,200,0,False,200,False,False,False,False,True,False,55,0,0,0,0,2022-04-10,"['https://fundacjawprost.pl/pomoc-ukrainskim-dziennikarzom', 'https://www.wprost.pl', 'http://www.pmpg.pl']"
18.25,1,0,0,0,1,0,0.0,0.0,0.0,0.0,0,0,0,0,0.16,9,0.0,1,0,0,0,0,0,0,0,1,0,0,0,1,0,1,0,0,wp-ukraine.com,com,https://www.wp-ukraine.com,521,0,False,200,False,False,False,False,True,False,55,0,0,0,0,2022-06-24,[]
177.35,1,0,0,0,37,6,34.17,11.85,0.0,0.5,0,0,0,0,0.16,10,0.0,0,0,0,0,0,0,0,0,1,0,0,0,0,0,0,0,0,wswukraine.com,com,https://www.wswukraine.com,200,0,False,301,False,False,False,False,False,False,0,0,0,0,0,2022-03-24,"['https://convoyofhope.org', 'https://www.wfp.org', 'https://www.samaritanspurse.org', 'https://www.instagram.com/wsw_ukraine', 'https://www.facebook.com/wswukraineorg', 'https://www.youtube.com/channel/UCwmb-5Gs7l6i6vkbihY2PPw']"
130.46,1,0,0,0,10,2,32.0,8.0,0.5,1.0,0,0,0,0,0.05,10,0.0,1,0,0,0,0,0,0,0,0,0,0,0,0,0,0,0,0,wsw-ukraine.org,org,https://www.wsw-ukraine.org,-1,0,False,301,False,False,False,False,False,False,85,0,0,0,0,2022-03-10,"['https://www.facebook.com/wswukraine.org1', 'https://t.me/wsw_Ukraine']"
233.9,1,0,0,0,1,0,0.0,0.0,0.0,0.0,0,0,0,0,0.13,10,0.0,0,0,0,0,0,0,0,0,1,1,0,0,0,0,0,0,0,wwwukraine.net,net,https://www.wwwukraine.net,200,1,False,200,False,False,False,False,True,False,35,0,0,0,0,2022-04-24,[]
82.25,1,0,0,0,39,0,0.0,0.0,0.0,0.0,0,0,0,0,0.16,11,0.0,0,0,0,0,0,0,0,0,1,0,0,0,0,0,0,0,0,xbetukraine.com,com,https://www.xbetukraine.com,200,0,False,200,False,False,False,False,True,False,55,0,0,0,0,2022-05-06,[]
141.95,0,0,0,0,19,2,52.0,3.0,0.0,1.0,0,0,1,0,0.01,24,0.0,5,1,0,0,0,0,0,0,0,0,0,0,0,0,0,0,0,xn--heidenheim-fr-ukraine-kic.de,de,https://www.xn--heidenheim-fr-ukraine-kic.de,200,0,False,200,False,False,False,False,False,False,0,0,0,0,0,2022-03-06,"['https://www.facebook.com/profile.php?id=100080553586480', 'https://www.instagram.com/heidenheim.fuer.ukraine']"
37.84,1,0,0,0,3,9,34.78,15.32,0.0,0.22,0,1,1,0,0.01,24,0.065,5,1,0,0,0,0,0,0,0,0,2,2,2,0,2,2,0,xn--kyffhuser-fr-ukraine-fzb84c.de,de,https://www.xn--kyffhuser-fr-ukraine-fzb84c.de,200,0,False,200,False,False,False,False,False,False,0,0,0,0,0,2022-03-02,"['https://www.paypal.com/donate/?hosted_button_id=NRUBUDQPW7TWC&locale.x=de_DE', 'https://www.holzabbund.com', 'https://www.kyffhaeusersparkasse.de', 'https://www.inline-media.de', 'https://www.liebeautos.de', 'http://www.ziegen-peter.de', 'https://www.ihre-seite.de', 'https://www.instagram.com/kyf4ukraine', 'https://www.facebook.com/kyf4ukraine']"
176.33,0,0,0,0,3,2,52.0,30.0,0.0,0.0,0,0,1,0,0.01,16,0.0,5,1,0,0,0,0,0,0,0,0,0,0,0,0,0,0,0,xn--om-fr-ukraine-zob.de,de,https://www.xn--om-fr-ukraine-zob.de,200,0,False,200,False,False,False,False,False,False,0,0,0,0,0,2022-03-04,"['https://drive.google.com/file/d/1PXmD_JjfZ77qqbKsWMggjF4eF18TTGx_/view?usp=sharing', 'https://www.moin.media']"
0.83,1,0,0,0,1,0,0.0,0.0,0.0,0.0,0,0,1,0,0.01,29,0.029,5,1,0,0,0,0,0,0,0,0,1,1,1,1,1,1,1,xn--ukraine-hilfe-sddeutschland-w3c.de,de,https://www.xn--ukraine-hilfe-sddeutschland-w3c.de,200,0,False,200,False,False,False,False,True,False,75,0,0,0,0,2022-03-10,[]
0.83,1,0,0,0,1,0,0.0,0.0,0.0,0.0,0,0,1,0,0.01,24,0.033,5,1,0,0,0,0,0,0,0,0,1,1,1,1,1,1,1,xn--ukraine-hilfe-thringen-7lc.de,de,https://www.xn--ukraine-hilfe-thringen-7lc.de,200,0,False,200,False,False,False,False,True,False,75,0,0,0,0,2022-03-10,[]
38.3,1,0,0,0,5,23,51.7,43.46,0.04,0.04,1,0,0,0,0.16,22,0.038,3,1,0,0,0,0,0,0,1,0,2,2,2,0,2,2,1,xn--waffenfrdieukraine-s6b.com,com,https://www.xn--waffenfrdieukraine-s6b.com,-1,0,True,200,False,False,True,True,True,False,100,0,0,0,0,2022-06-15,"['https://www.zbraneproukrajinu.cz', 'https://www.geschenkfurputin.de', 'https://www.armespourlukraine.fr', 'https://www.fegyvereketukrajnanak.cz', 'https://www.ukurainamukebuki.jp', 'https://www.wapensvooroekraine.nl', 'https://www.brondlaukrainy.pl', 'https://www.cadoupentruputin.ro', 'https://www.darcekpreputina.eu', 'https://www.podarunokputinu.org.ua', 'https://twitter.com/nafo4ua', 'https://www.nytimes.com/2022/05/10/world/middleeast/ukraine-crowdsourcing-online-donations.html', 'https://edition.cnn.com/webview/europe/live-news/ukraine-russia-putin-news-03-16-22/h_4d8a42ae0a47063aca029dd433a7535d?utm_medium=social&utm_term=link&utm_source=twCNNi&utm_content=2022-03-16T12%3A45%3A08', 'https://www.bbc.com/news/world-europe-63121649', 'https://www.spiegel.de/ausland/tschechische-buerger-sammeln-1-34-millionen-euro-fuer-einen-panzer-a-ef3dc408-d549-4fdb-bfa2-cde4d1c4b1f7', 'https://eshop.zapojmeukrajinu.cz/en-en/products/unisex-organic-cotton-t-shirt', 'https://www.proukrajinu.org', 'https://docs.google.com/document/d/1hixjv6p9D5EDCqwdnULxM2zrRazSuZ0B5PKRc8Sj6CU/edit#heading=h.spnw36dbftpg', 'https://forms.gle/pdNMzTqXhs9EYLDs6', 'https://www.alliesforukraine.org', 'https://www.team4ukraine.eu', 'https://www.pametnaroda.cz/cs', 'http://zdravotnizajisteni.cz']"
263.99,1,0,0,0,20,16,27.31,8.55,0.0,0.19,0,0,0,0,0.05,10,0.091,0,0,0,0,0,0,0,1,1,0,0,0,0,0,0,0,1,yeg4ukraine.org,org,https://www.yeg4ukraine.org,200,1,False,403,False,False,False,False,True,False,75,0,0,0,0,2022-05-31,"['https://give-can.keela.co/embed/vuDQrxEpnB9htE9SZ', 'https://facebook.com/yeg4ukraine', 'https://twitter.com/yeg4ukraine', 'https://www.instagram.com/yeg4ukraine', 'https://asynco.ca', 'https://www.naiopedmonton.com', 'https://moosehead.ca', 'https://rammech.com', 'https://www.martinkerrmusic.com/home', 'https://www.ecaa.ab.ca', 'https://www.delnor.ca', 'https://fourpointindustrial.ca', 'https://www.cdnpowerpac.com', 'https://njt.net', 'https://www.goelks.com', 'http://www.msfleetservices.com']"
1.89,1,0,0,0,1,0,0.0,0.0,0.0,0.0,0,0,0,0,0.16,14,0.0,2,0,0,0,0,0,1,0,1,0,1,1,1,1,1,1,1,yoga-for-ukraine.com,com,https://www.yoga-for-ukraine.com,-1,0,False,200,False,False,False,False,True,False,75,0,0,0,0,2022-04-04,[]
712.88,1,0,0,1,2,10,33.4,10.14,0.0,0.2,0,0,0,0,0.05,20,0.0,0,0,0,1,0,0,1,0,1,0,0,0,0,0,0,0,0,yogaunitedforukraine.org,org,https://www.yogaunitedforukraine.org,200,0,False,200,False,False,False,False,False,False,0,0,0,0,0,2022-03-06,"['https://www.facebook.com/groups/yogaunited4ukraine', 'https://twitter.com/Yoga4Ukraine', 'http://www.integrativeonc.org', 'https://tabletochki.org/en/foundation', 'https://www.stjude.org', 'https://www.childhoodcancerinternational.org', 'https://www.bsio.org.uk', 'http://www.iayt.org', 'http://kharlamova.com/about.html', 'https://www.globalgiving.org/fundraisers/41855']"
121.86,1,1,0,0,5,3,71.67,47.67,0.0,0.0,0,1,0,0,0.16,14,0.0,2,0,0,1,0,0,0,0,0,0,0,2,0,0,0,0,0,you-help-ukraine.com,com,https://www.you-help-ukraine.com,200,0,False,200,False,False,False,False,False,False,0,0,0,0,0,2022-03-03,"['https://www.paypal.com/pools/c/8OMmBs45jk', 'https://policies.google.com/privacy', 'https://www.godaddy.com/websites/website-builder?isc=pwugc&utm_source=wsb&utm_medium=applications&utm_campaign=de-de_corp_applications_base']"
48.95,1,0,0,0,11,2,68.5,26.5,0.0,0.5,0,0,0,0,0.55,9,0.0,0,0,0,0,0,0,0,0,1,0,2,2,2,0,0,2,0,youkraine.info,info,https://www.youkraine.info,200,0,False,200,False,False,False,False,False,False,40,0,0,0,0,2022-03-07,"['https://acrobat.adobe.com/link/review?uri=urn:aaid:scds:US:47038156-8a46-3766-82ca-8c67cff745ec', 'https://www.facebook.com/FundacjaYOUkraine']"
2.54,1,0,0,0,1,0,0.0,0.0,0.0,0.0,0,0,1,0,0.18,9,0.0,0,0,0,0,0,0,0,0,1,0,1,1,1,1,1,1,1,youkraine.xyz,xyz,https://www.youkraine.xyz,200,0,False,200,True,False,False,False,True,False,77,0,0,0,0,2022-07-13,[]
78.23,1,0,0,0,22,4,45.25,5.8,0.0,0.75,0,0,0,0,0.16,10,0.0,0,0,0,0,0,0,0,0,1,0,0,0,0,0,0,0,0,yssukraine.com,com,https://www.yssukraine.com,200,0,False,200,False,False,False,False,False,False,40,0,0,0,0,2022-05-28,"['https://youtube.com/channel/UCZ0OloflVnraDFbplsPA6Pg', 'https://www.facebook.com/groups/708529503724338', 'https://www.instagram.com/yssukraine', 'https://secure.wayforpay.com/donate/yssukraine']"
363.05,1,0,0,0,10,13,33.38,11.17,0.08,0.38,0,0,1,0,0.08,14,0.0,0,0,0,0,0,0,0,0,0,0,0,0,0,0,0,0,0,zbroimyukraine.pl,pl,https://www.zbroimyukraine.pl,-1,0,False,301,False,False,False,False,False,False,35,0,0,0,0,2022-07-15,"['https://www.youtube.com/channel/UCwE0BTL9pFWwMtN4SE_k0ew', 'https://www.facebook.com/ZbroimyUkraine', 'https://zrzutka.pl/zbroimyukraine', 'https://youtu.be/GhHD8D2iLC8', 'https://pl.wikipedia.org/wiki/Wanda_Traczyk-Stawska', 'https://www.instagram.com/maja_kaplon', 'http://sebastianperlowski.pl', 'https://twitter.com/michalkowalowka', 'https://motowizja.pl/tag/wojciech-majewski', 'https://zustricz.pl', 'https://clickmagic.pl', 'https://kasiajewstafiew.pl', 'https://mabronet.pl']"
694.28,1,0,0,0,10,4,44.75,16.53,0.25,1.0,0,0,0,0,0.01,22,0.0,0,0,0,0,0,0,0,0,0,0,0,0,0,0,0,0,0,zuerichhilftderukraine.ch,ch,https://www.zuerichhilftderukraine.ch,200,0,False,200,False,False,False,False,False,False,0,0,0,0,0,2022-04-23,"['https://www.instagram.com/zuerich_hilft_der_ukraine', 'https://t.me/ZHdUA', 'https://www.facebook.com/ZuerichhilftderUkraine', 'https://www.linkedin.com/company/zhdu-zuerich-hilft-der-ukraine']"
370.0,1,1,0,0,1,0,0.0,0.0,0.0,0.0,0,0,0,0,0.05,14,0.0,2,0,0,0,0,0,0,0,0,0,0,0,0,0,0,0,0,zugang-b-ukraine.org,org,https://www.zugang-b-ukraine.org,200,0,False,200,False,False,False,False,True,False,55,0,0,0,0,2022-03-11,[]
259.37,1,1,0,0,34,10,26.7,7.81,0.0,0.0,0,0,1,0,0.01,22,0.0,3,0,0,0,0,0,0,0,0,0,0,0,0,0,0,0,1,zusammen-fuer-die-ukraine.de,de,https://www.zusammen-fuer-die-ukraine.de,200,0,False,200,False,False,False,False,True,False,82,0,0,0,0,2022-03-29,"['https://well-tape.de', 'https://www.kerbl.com/de', 'https://www.heumeier.de', 'https://medice.com/de-de', 'https://www.baeckerei-wenzl.de', 'https://www.kaltenecker.tv', 'https://www.kopschitz.de', 'https://www.alber.de/de', 'https://www.thermopad.de', 'https://devowl.io/de/wordpress-real-cookie-banner']"
